-- phpMyAdmin SQL Dump
-- version 4.3.0
-- http://www.phpmyadmin.net
--
-- Хост: localhost
-- Время создания: Июн 15 2015 г., 20:25
-- Версия сервера: 5.6.22
-- Версия PHP: 5.4.38

SET SQL_MODE = "NO_AUTO_VALUE_ON_ZERO";
SET time_zone = "+00:00";


/*!40101 SET @OLD_CHARACTER_SET_CLIENT=@@CHARACTER_SET_CLIENT */;
/*!40101 SET @OLD_CHARACTER_SET_RESULTS=@@CHARACTER_SET_RESULTS */;
/*!40101 SET @OLD_COLLATION_CONNECTION=@@COLLATION_CONNECTION */;
/*!40101 SET NAMES utf8 */;

--
-- База данных: `koleso`
--

-- --------------------------------------------------------

--
-- Структура таблицы `attribute`
--

CREATE TABLE IF NOT EXISTS `attribute` (
`id` int(10) unsigned NOT NULL,
  `name` varchar(255) NOT NULL,
  `attribute_type_id` smallint(5) unsigned NOT NULL,
  `multi` tinyint(1) NOT NULL DEFAULT '0',
  `list` tinyint(1) NOT NULL DEFAULT '0'
) ENGINE=InnoDB AUTO_INCREMENT=30 DEFAULT CHARSET=utf8;

--
-- Дамп данных таблицы `attribute`
--

INSERT INTO `attribute` (`id`, `name`, `attribute_type_id`, `multi`, `list`) VALUES
(3, 'Код', 3, 0, 0),
(5, 'Сверловка', 3, 1, 1),
(6, 'Модель Диска', 3, 0, 0),
(7, 'Ширина шины', 2, 0, 1),
(8, 'Профиль шины', 1, 0, 1),
(9, 'Посадочный диаметр', 3, 0, 1),
(10, 'Год выпуска шины', 1, 0, 1),
(11, 'Страна изготовитель шины', 4, 0, 0),
(12, 'Остаток шины 1', 1, 0, 0),
(13, 'Остаток шины 2', 1, 0, 0),
(14, 'Остаток шины 3', 1, 0, 0),
(15, 'Остаток шины 4', 1, 0, 0),
(16, 'Марка шины', 3, 0, 1),
(17, 'Модель шины', 3, 0, 1),
(18, 'Индекс нагрузки шины', 3, 0, 1),
(19, 'Индекс скорости шины', 3, 0, 1),
(20, 'Цена продажи', 1, 0, 0),
(21, 'Цена за плохую пару шин', 1, 0, 0),
(22, 'Цена за хорошую пару шин', 1, 0, 0),
(23, 'Сезонность шин', 3, 0, 1),
(26, 'Состояние товара', 3, 0, 1),
(27, 'Город нахождения', 3, 0, 1),
(28, 'Количество', 1, 0, 1),
(29, 'Износ шины в %', 1, 0, 1);

-- --------------------------------------------------------

--
-- Структура таблицы `attribute_type`
--

CREATE TABLE IF NOT EXISTS `attribute_type` (
`id` smallint(5) unsigned NOT NULL,
  `name` varchar(50) NOT NULL,
  `code` varchar(50) NOT NULL
) ENGINE=InnoDB AUTO_INCREMENT=5 DEFAULT CHARSET=utf8;

--
-- Дамп данных таблицы `attribute_type`
--

INSERT INTO `attribute_type` (`id`, `name`, `code`) VALUES
(1, 'Целое число', 'int'),
(2, 'Дробное число', 'float'),
(3, 'Строка', 'varchar'),
(4, 'Текст', 'text');

-- --------------------------------------------------------

--
-- Структура таблицы `attribute_variant`
--

CREATE TABLE IF NOT EXISTS `attribute_variant` (
`id` int(10) unsigned NOT NULL,
  `int_value` int(11) DEFAULT NULL,
  `varchar_value` varchar(255) DEFAULT NULL,
  `float_value` float DEFAULT NULL,
  `attribute_id` int(10) unsigned NOT NULL,
  `sort` smallint(5) unsigned NOT NULL
) ENGINE=InnoDB AUTO_INCREMENT=819 DEFAULT CHARSET=utf8;

--
-- Дамп данных таблицы `attribute_variant`
--

INSERT INTO `attribute_variant` (`id`, `int_value`, `varchar_value`, `float_value`, `attribute_id`, `sort`) VALUES
(39, NULL, '98.00x3', NULL, 5, 10),
(40, NULL, '98.00x4', NULL, 5, 20),
(41, NULL, '98.00x5', NULL, 5, 30),
(42, NULL, '100.00x4', NULL, 5, 40),
(43, NULL, '100.00x5', NULL, 5, 50),
(44, NULL, '100.00x9', NULL, 5, 60),
(45, NULL, '105.00x5', NULL, 5, 70),
(46, NULL, '108.00x4', NULL, 5, 80),
(47, NULL, '108.00x5', NULL, 5, 90),
(48, NULL, '110.00x4', NULL, 5, 100),
(49, NULL, '110.00x5', NULL, 5, 110),
(50, NULL, '112.00x3', NULL, 5, 120),
(51, NULL, '112.00x5', NULL, 5, 130),
(52, NULL, '112.00x10', NULL, 5, 140),
(53, NULL, '114.30x4', NULL, 5, 150),
(54, NULL, '114.30x5', NULL, 5, 160),
(55, NULL, '114.30x6', NULL, 5, 170),
(56, NULL, '114.30x8', NULL, 5, 180),
(57, NULL, '114.30x9', NULL, 5, 190),
(58, NULL, '114.30x10', NULL, 5, 200),
(59, NULL, '115.00x5', NULL, 5, 210),
(60, NULL, '115.00x6', NULL, 5, 220),
(61, NULL, '115.00x10', NULL, 5, 230),
(62, NULL, '118.00x5', NULL, 5, 240),
(63, NULL, '120.00x5', NULL, 5, 250),
(64, NULL, '120.00x10', NULL, 5, 260),
(65, NULL, '120.60x5', NULL, 5, 270),
(66, NULL, '120.65x5', NULL, 5, 280),
(67, NULL, '120.70x5', NULL, 5, 290),
(68, NULL, '125.00x6', NULL, 5, 300),
(69, NULL, '127.00x5', NULL, 5, 310),
(70, NULL, '127.00x6', NULL, 5, 320),
(71, NULL, '130.00x4', NULL, 5, 330),
(72, NULL, '130.00x5', NULL, 5, 340),
(73, NULL, '130.00x6', NULL, 5, 350),
(74, NULL, '135.00x5', NULL, 5, 360),
(75, NULL, '135.00x6', NULL, 5, 370),
(76, NULL, '139.00x5', NULL, 5, 380),
(77, NULL, '139.70x5', NULL, 5, 390),
(78, NULL, '139.70x6', NULL, 5, 400),
(79, NULL, '140.00x6', NULL, 5, 410),
(80, NULL, '150.00x5', NULL, 5, 420),
(81, NULL, '150.10x5', NULL, 5, 430),
(82, NULL, '160.00x5', NULL, 5, 440),
(83, NULL, '165.00x5', NULL, 5, 450),
(84, NULL, '165.10x8', NULL, 5, 460),
(85, NULL, '170.00x6', NULL, 5, 470),
(86, NULL, '170.00x8', NULL, 5, 480),
(87, NULL, '180.00x6', NULL, 5, 490),
(88, NULL, '197.00х5', NULL, 5, 500),
(89, NULL, '200.00x6', NULL, 5, 510),
(90, NULL, '203.20x5', NULL, 5, 520),
(91, NULL, '205.00x6', NULL, 5, 530),
(92, NULL, '256.00x3', NULL, 5, 540),
(93, NULL, NULL, 155, 7, 10),
(94, NULL, NULL, 165, 7, 20),
(95, NULL, NULL, 175, 7, 30),
(96, NULL, NULL, 185, 7, 40),
(97, NULL, NULL, 195, 7, 50),
(98, NULL, NULL, 205, 7, 60),
(99, NULL, NULL, 215, 7, 70),
(100, NULL, NULL, 225, 7, 80),
(101, NULL, NULL, 235, 7, 90),
(102, NULL, NULL, 245, 7, 100),
(103, NULL, NULL, 255, 7, 110),
(104, NULL, NULL, 265, 7, 120),
(105, NULL, NULL, 275, 7, 130),
(106, NULL, NULL, 285, 7, 140),
(107, NULL, NULL, 295, 7, 150),
(108, NULL, NULL, 305, 7, 160),
(109, NULL, NULL, 315, 7, 170),
(110, NULL, NULL, 325, 7, 180),
(111, NULL, NULL, 335, 7, 190),
(112, NULL, NULL, 345, 7, 200),
(113, 30, NULL, NULL, 8, 10),
(114, 35, NULL, NULL, 8, 20),
(115, 40, NULL, NULL, 8, 30),
(116, 45, NULL, NULL, 8, 40),
(117, 50, NULL, NULL, 8, 50),
(118, 55, NULL, NULL, 8, 60),
(119, 60, NULL, NULL, 8, 70),
(120, 65, NULL, NULL, 8, 80),
(121, 70, NULL, NULL, 8, 90),
(122, 75, NULL, NULL, 8, 100),
(123, 80, NULL, NULL, 8, 110),
(124, 85, NULL, NULL, 8, 120),
(125, NULL, '13', NULL, 9, 10),
(126, NULL, '14', NULL, 9, 20),
(127, NULL, '15', NULL, 9, 30),
(128, NULL, '16', NULL, 9, 40),
(129, NULL, '17', NULL, 9, 50),
(130, NULL, '18', NULL, 9, 60),
(131, NULL, '19', NULL, 9, 70),
(132, NULL, '20', NULL, 9, 80),
(133, NULL, '21', NULL, 9, 90),
(134, NULL, '22', NULL, 9, 100),
(135, NULL, '23', NULL, 9, 110),
(136, NULL, '24', NULL, 9, 120),
(137, NULL, '25', NULL, 9, 130),
(138, 1997, NULL, NULL, 10, 10),
(139, 1998, NULL, NULL, 10, 20),
(140, 1999, NULL, NULL, 10, 30),
(141, 2000, NULL, NULL, 10, 40),
(142, 2001, NULL, NULL, 10, 50),
(143, 2002, NULL, NULL, 10, 60),
(144, 2003, NULL, NULL, 10, 70),
(145, 2004, NULL, NULL, 10, 80),
(146, 2005, NULL, NULL, 10, 90),
(147, 2006, NULL, NULL, 10, 100),
(148, 2007, NULL, NULL, 10, 110),
(149, 2008, NULL, NULL, 10, 120),
(150, 2009, NULL, NULL, 10, 130),
(151, 2010, NULL, NULL, 10, 140),
(152, 2011, NULL, NULL, 10, 150),
(153, 2012, NULL, NULL, 10, 160),
(154, 2013, NULL, NULL, 10, 170),
(155, 2014, NULL, NULL, 10, 180),
(156, 2015, NULL, NULL, 10, 190),
(157, NULL, 'Achilles', NULL, 16, 10),
(158, NULL, 'Barum', NULL, 16, 20),
(159, NULL, 'Bridgestone', NULL, 16, 30),
(160, NULL, 'Bridgestone ', NULL, 16, 40),
(161, NULL, 'Continental', NULL, 16, 50),
(162, NULL, 'Dunlop', NULL, 16, 60),
(163, NULL, 'Dunlop ', NULL, 16, 70),
(164, NULL, 'Falken', NULL, 16, 80),
(165, NULL, 'Firestone', NULL, 16, 90),
(166, NULL, 'Fullrun', NULL, 16, 100),
(167, NULL, 'General ', NULL, 16, 110),
(168, NULL, 'Goodyear', NULL, 16, 120),
(169, NULL, 'Hankook', NULL, 16, 130),
(170, NULL, 'Hankook ', NULL, 16, 140),
(171, NULL, 'Kumho', NULL, 16, 150),
(172, NULL, 'Kumho ', NULL, 16, 160),
(173, NULL, 'Maxgrade', NULL, 16, 170),
(174, NULL, 'Maxtrek', NULL, 16, 180),
(175, NULL, 'Michelin', NULL, 16, 190),
(176, NULL, 'Michelin ', NULL, 16, 200),
(177, NULL, 'Nankang', NULL, 16, 210),
(178, NULL, 'Nexen', NULL, 16, 220),
(179, NULL, 'Nokian', NULL, 16, 230),
(180, NULL, 'Pirelli ', NULL, 16, 240),
(181, NULL, 'Roadstone', NULL, 16, 250),
(182, NULL, 'Sport', NULL, 16, 260),
(183, NULL, 'Toyo', NULL, 16, 270),
(184, NULL, 'Triangle', NULL, 16, 280),
(185, NULL, 'Yokohama', NULL, 16, 290),
(186, NULL, '280', NULL, 17, 10),
(187, NULL, '8 SUV', NULL, 17, 20),
(188, NULL, 'Advan', NULL, 17, 30),
(189, NULL, 'Advan A10', NULL, 17, 40),
(190, NULL, 'Advan A-460', NULL, 17, 50),
(191, NULL, 'ATR Sport', NULL, 17, 60),
(192, NULL, 'ATR Sport 2', NULL, 17, 70),
(193, NULL, 'Azenis', NULL, 17, 80),
(194, NULL, 'BLIZZAK DM-Z3', NULL, 17, 90),
(195, NULL, 'Blizzak Revo1', NULL, 17, 100),
(196, NULL, 'Blizzak Spike-01', NULL, 17, 110),
(197, NULL, 'BluEarth', NULL, 17, 120),
(198, NULL, 'BluEarth A', NULL, 17, 130),
(199, NULL, 'Bravuris2', NULL, 17, 140),
(200, NULL, 'BStyle', NULL, 17, 150),
(201, NULL, 'ContiPremiumContact2', NULL, 17, 160),
(202, NULL, 'ContiSportContact', NULL, 17, 170),
(203, NULL, 'ContiSportContact3', NULL, 17, 180),
(204, NULL, 'db E70', NULL, 17, 190),
(205, NULL, 'DM-V1', NULL, 17, 200),
(206, NULL, 'DMZ-3', NULL, 17, 210),
(207, NULL, 'DNA', NULL, 17, 220),
(208, NULL, 'DNA DB', NULL, 17, 230),
(209, NULL, 'DNA Ecos ES300', NULL, 17, 240),
(210, NULL, 'DNA Grandmap', NULL, 17, 250),
(211, NULL, 'Dragon', NULL, 17, 260),
(212, NULL, 'DRB', NULL, 17, 270),
(213, NULL, 'DSX', NULL, 17, 280),
(214, NULL, 'DSX2', NULL, 17, 290),
(215, NULL, 'Dueler 684 II', NULL, 17, 300),
(216, NULL, 'Dueler H/L', NULL, 17, 310),
(217, NULL, 'Dueler H/P Sport', NULL, 17, 320),
(218, NULL, 'Dueler H/T 684', NULL, 17, 330),
(219, NULL, 'Dueler H/T 684 II', NULL, 17, 340),
(220, NULL, 'Eagle LS 2000 HybridII', NULL, 17, 350),
(221, NULL, 'Eagle LS EXE', NULL, 17, 360),
(222, NULL, 'Eagle LS2000 Hybrid', NULL, 17, 370),
(223, NULL, 'Eagle NCT5', NULL, 17, 380),
(224, NULL, 'Eagle RVS', NULL, 17, 390),
(225, NULL, 'Ecopia EX10', NULL, 17, 400),
(226, NULL, 'Ecopia PZ-X', NULL, 17, 410),
(227, NULL, 'Ecsta X3', NULL, 17, 420),
(228, NULL, 'Enasave', NULL, 17, 430),
(229, NULL, 'Espia EPZ', NULL, 17, 440),
(230, NULL, 'F107', NULL, 17, 450),
(231, NULL, 'F690', NULL, 17, 460),
(232, NULL, 'Firehawk', NULL, 17, 470),
(233, NULL, 'Formula', NULL, 17, 480),
(234, NULL, 'FR10', NULL, 17, 490),
(235, NULL, 'G5', NULL, 17, 500),
(236, NULL, 'Geolander', NULL, 17, 510),
(237, NULL, 'Geolander I/T-S', NULL, 17, 520),
(238, NULL, 'Geolendar H/T-S', NULL, 17, 530),
(239, NULL, 'Grabber', NULL, 17, 540),
(240, NULL, 'Grandtrek AT22', NULL, 17, 550),
(241, NULL, 'Grandtrek AT3', NULL, 17, 560),
(242, NULL, 'Graspic DS2', NULL, 17, 570),
(243, NULL, 'Guardex', NULL, 17, 580),
(244, NULL, 'H/P', NULL, 17, 590),
(245, NULL, 'H/P Sport', NULL, 17, 600),
(246, NULL, 'Hakka 7 SUV', NULL, 17, 610),
(247, NULL, 'Hakka R2 SUV', NULL, 17, 620),
(248, NULL, 'Hakka Sport Utility', NULL, 17, 630),
(249, NULL, 'Hakka SUV 5', NULL, 17, 640),
(250, NULL, 'Hakkapelita R sport utility', NULL, 17, 650),
(251, NULL, 'Hakkapelita sport utility 5', NULL, 17, 660),
(252, NULL, 'HU901', NULL, 17, 670),
(253, NULL, 'IC7000', NULL, 17, 680),
(254, NULL, 'Ice Zero', NULL, 17, 690),
(255, NULL, 'IceControl', NULL, 17, 700),
(256, NULL, 'IceCruiser5000', NULL, 17, 710),
(257, NULL, 'IceNavy', NULL, 17, 720),
(258, NULL, 'IceNavyZeaII', NULL, 17, 730),
(259, NULL, 'IG20', NULL, 17, 740),
(260, NULL, 'IG30', NULL, 17, 750),
(261, NULL, 'iMap', NULL, 17, 760),
(262, NULL, 'IXT', NULL, 17, 770),
(263, NULL, 'Kumho', NULL, 17, 780),
(264, NULL, 'Landair SL112', NULL, 17, 790),
(265, NULL, 'Latitude Cross', NULL, 17, 800),
(266, NULL, 'Latitude Sport', NULL, 17, 810),
(267, NULL, 'Latitude Sport3', NULL, 17, 820),
(268, NULL, 'Latitude Tour', NULL, 17, 830),
(269, NULL, 'Lemans LM702', NULL, 17, 840),
(270, NULL, 'Lemans LM703', NULL, 17, 850),
(271, NULL, 'Lemans LM704', NULL, 17, 860),
(272, NULL, 'LS 2000 Hybrid', NULL, 17, 870),
(273, NULL, 'N6000', NULL, 17, 880),
(274, NULL, 'N7000', NULL, 17, 890),
(275, NULL, 'N8000', NULL, 17, 900),
(276, NULL, 'Nextry', NULL, 17, 910),
(277, NULL, 'Nre', NULL, 17, 920),
(278, NULL, 'NS-20', NULL, 17, 930),
(279, NULL, 'NSII', NULL, 17, 940),
(280, NULL, 'Optimo K415', NULL, 17, 950),
(281, NULL, 'P7', NULL, 17, 960),
(282, NULL, 'Pilot', NULL, 17, 970),
(283, NULL, 'Pilot Sport2', NULL, 17, 980),
(284, NULL, 'Pilot Sport3', NULL, 17, 990),
(285, NULL, 'Playz', NULL, 17, 1000),
(286, NULL, 'Playz-PZ1', NULL, 17, 1010),
(287, NULL, 'Playz-PZX', NULL, 17, 1020),
(288, NULL, 'Playz-RPV', NULL, 17, 1030),
(289, NULL, 'Playz-RV', NULL, 17, 1040),
(290, NULL, 'Potenza', NULL, 17, 1050),
(291, NULL, 'Potenza RE01', NULL, 17, 1060),
(292, NULL, 'Potenza RE050', NULL, 17, 1070),
(293, NULL, 'Potenza RE050A', NULL, 17, 1080),
(294, NULL, 'Primacy HP', NULL, 17, 1090),
(295, NULL, 'Primacy LC', NULL, 17, 1100),
(296, NULL, 'Proxes', NULL, 17, 1110),
(297, NULL, 'Proxes CT01', NULL, 17, 1120),
(298, NULL, 'Proxes R34', NULL, 17, 1130),
(299, NULL, 'Proxes T1', NULL, 17, 1140),
(300, NULL, 'Proxes T1R', NULL, 17, 1150),
(301, NULL, 'PS91', NULL, 17, 1160),
(302, NULL, 'RE-01R', NULL, 17, 1170),
(303, NULL, 'Regno GR8000', NULL, 17, 1180),
(304, NULL, 'Regno GR9000', NULL, 17, 1190),
(305, NULL, 'Regno GR-XT', NULL, 17, 1200),
(306, NULL, 'Revo GZ', NULL, 17, 1210),
(307, NULL, 'RevSpec RS02', NULL, 17, 1220),
(308, NULL, 'Runsafa SH-1', NULL, 17, 1230),
(309, NULL, 'S001', NULL, 17, 1240),
(310, NULL, 'SDrive', NULL, 17, 1250),
(311, NULL, 'Sierra S6', NULL, 17, 1260),
(312, NULL, 'SIII', NULL, 17, 1270),
(313, NULL, 'SJ6', NULL, 17, 1280),
(314, NULL, 'SK10', NULL, 17, 1290),
(315, NULL, 'Sneaker', NULL, 17, 1300),
(316, NULL, 'Solus KH17', NULL, 17, 1310),
(317, NULL, 'SP Sport 270', NULL, 17, 1320),
(318, NULL, 'Sport', NULL, 17, 1330),
(319, NULL, 'Sport ATR', NULL, 17, 1340),
(320, NULL, 'SportContact2', NULL, 17, 1350),
(321, NULL, 'SS595', NULL, 17, 1360),
(322, NULL, 'ST10', NULL, 17, 1370),
(323, NULL, 'TR967', NULL, 17, 1380),
(324, NULL, 'Tranpath LU', NULL, 17, 1390),
(325, NULL, 'Tranpath MP4', NULL, 17, 1400),
(326, NULL, 'Tranpath R30', NULL, 17, 1410),
(327, NULL, 'TS02', NULL, 17, 1420),
(328, NULL, 'Turanza', NULL, 17, 1430),
(329, NULL, 'Ventus HR2', NULL, 17, 1440),
(330, NULL, 'Ventus ST', NULL, 17, 1450),
(331, NULL, 'Ventus V4 ES', NULL, 17, 1460),
(332, NULL, 'VentusV8RS', NULL, 17, 1470),
(333, NULL, 'Wide Oval', NULL, 17, 1480),
(334, NULL, 'X-Ice North', NULL, 17, 1490),
(335, NULL, 'Ziex ZE329', NULL, 17, 1500),
(336, NULL, 'Ziex ZE912', NULL, 17, 1510),
(337, NULL, 'K', NULL, 19, 10),
(338, NULL, 'L', NULL, 19, 20),
(339, NULL, 'M', NULL, 19, 30),
(340, NULL, 'N', NULL, 19, 40),
(341, NULL, 'O', NULL, 19, 50),
(342, NULL, 'P', NULL, 19, 60),
(343, NULL, 'Q', NULL, 19, 70),
(344, NULL, 'R', NULL, 19, 80),
(345, NULL, 'S', NULL, 19, 90),
(346, NULL, 'T', NULL, 19, 100),
(347, NULL, 'H', NULL, 19, 110),
(348, NULL, 'V', NULL, 19, 120),
(349, NULL, 'W', NULL, 19, 130),
(350, NULL, 'Y', NULL, 19, 140),
(351, NULL, 'VR', NULL, 19, 150),
(352, NULL, 'ZR', NULL, 19, 160),
(399, NULL, 'Б/п РФ', NULL, 26, 20),
(400, NULL, 'Б/у', NULL, 26, 30),
(401, NULL, 'Томск', NULL, 27, 10),
(402, NULL, 'Новосибирск', NULL, 27, 20),
(403, NULL, 'Кемерово', NULL, 27, 30),
(404, NULL, 'Белово', NULL, 27, 40),
(405, NULL, 'Красноярск', NULL, 27, 50),
(406, 5, NULL, NULL, 29, 10),
(407, 10, NULL, NULL, 29, 20),
(408, 20, NULL, NULL, 29, 30),
(409, 30, NULL, NULL, 29, 40),
(410, 40, NULL, NULL, 29, 50),
(411, 50, NULL, NULL, 29, 60),
(412, 60, NULL, NULL, 29, 70),
(413, 70, NULL, NULL, 29, 80),
(414, 80, NULL, NULL, 29, 90),
(415, 90, NULL, NULL, 29, 100),
(416, 100, NULL, NULL, 29, 110),
(417, 0, NULL, NULL, 29, 120),
(418, NULL, '78', NULL, 18, 10),
(419, NULL, '79', NULL, 18, 20),
(420, NULL, '80', NULL, 18, 30),
(421, NULL, '81', NULL, 18, 40),
(422, NULL, '82', NULL, 18, 50),
(423, NULL, '83', NULL, 18, 60),
(424, NULL, '84', NULL, 18, 70),
(425, NULL, '85', NULL, 18, 80),
(426, NULL, '86', NULL, 18, 90),
(427, NULL, '87', NULL, 18, 100),
(428, NULL, '88', NULL, 18, 110),
(429, NULL, '89', NULL, 18, 120),
(430, NULL, '90', NULL, 18, 130),
(431, NULL, '91', NULL, 18, 140),
(432, NULL, '92', NULL, 18, 150),
(433, NULL, '93', NULL, 18, 160),
(434, NULL, '94', NULL, 18, 170),
(435, NULL, '95', NULL, 18, 180),
(436, NULL, '96', NULL, 18, 190),
(437, NULL, '97', NULL, 18, 200),
(438, NULL, '98', NULL, 18, 210),
(439, NULL, '99', NULL, 18, 220),
(440, NULL, '100', NULL, 18, 230),
(441, NULL, '101', NULL, 18, 240),
(442, NULL, '102', NULL, 18, 250),
(443, NULL, '103', NULL, 18, 260),
(444, NULL, '104', NULL, 18, 270),
(445, NULL, '105', NULL, 18, 280),
(446, NULL, '106', NULL, 18, 290),
(447, NULL, '107', NULL, 18, 300),
(448, NULL, '108', NULL, 18, 310),
(449, NULL, '109', NULL, 18, 320),
(450, NULL, '110', NULL, 18, 330),
(451, NULL, '111', NULL, 18, 340),
(452, NULL, '112', NULL, 18, 350),
(453, NULL, '113', NULL, 18, 360),
(454, NULL, '114', NULL, 18, 370),
(455, NULL, '115', NULL, 18, 380),
(456, NULL, '116', NULL, 18, 390),
(457, NULL, '117', NULL, 18, 400),
(458, NULL, '118', NULL, 18, 410),
(459, NULL, '119', NULL, 18, 420),
(460, NULL, '120', NULL, 18, 430),
(461, NULL, 'ZR', NULL, 18, 440),
(463, NULL, 'Летние', NULL, 23, 10),
(465, NULL, 'Нешипованные', NULL, 23, 20),
(705, NULL, 'Firehawk TZ-100', NULL, 17, 1000),
(706, NULL, 'Playz PZ-1', NULL, 17, 1000),
(707, NULL, 'Sneaker SNK2', NULL, 17, 1000),
(708, NULL, 'Blizzak MZ-01', NULL, 17, 1000),
(709, NULL, 'Revo2', NULL, 17, 1000),
(710, NULL, 'Firehawk Wideoval', NULL, 17, 1000),
(711, NULL, 'Revo1', NULL, 17, 1000),
(712, NULL, 'IceNavy Zea', NULL, 17, 1000),
(713, NULL, 'PremiumContact', NULL, 17, 1000),
(714, NULL, 'Regno GR 8000', NULL, 17, 1000),
(716, NULL, 'Dueler H/T 689', NULL, 17, 1000),
(717, NULL, 'Geolandar A/T+2', NULL, 17, 1000),
(718, NULL, 'Playz PZ-X', NULL, 17, 1000),
(719, NULL, 'Energy', NULL, 17, 1000),
(720, NULL, 'Maxgrade II', NULL, 17, 1000),
(721, NULL, 'DNA S''Drive', NULL, 17, 1000),
(722, NULL, 'Sport tourer MY-01', NULL, 17, 1000),
(723, NULL, 'Energy Saver', NULL, 17, 1000),
(724, NULL, 'Ecsta', NULL, 17, 1000),
(725, NULL, 'PlayzRV PRV-1', NULL, 17, 1000),
(726, NULL, 'dB decibel E70', NULL, 17, 1000),
(727, NULL, 'DSX-2', NULL, 17, 1000),
(728, NULL, 'Blizzak MZ-02', NULL, 17, 1000),
(729, NULL, 'Playz RV', NULL, 17, 1000),
(730, NULL, 'ZIEX ZE 329', NULL, 17, 1000),
(731, NULL, 'DM-Z3', NULL, 17, 1000),
(732, NULL, 'B390', NULL, 17, 1000),
(733, NULL, 'Bstyle RV', NULL, 17, 1000),
(734, NULL, 'Geolandar H/T', NULL, 17, 1000),
(735, NULL, 'Geolandar I/T-S', NULL, 17, 1000),
(736, NULL, 'DMV-1', NULL, 17, 1000),
(737, NULL, 'Dueler HT687', NULL, 17, 1000),
(738, NULL, 'WinterDueler DMZ2', NULL, 17, 1000),
(739, NULL, 'Grandtrek', NULL, 17, 1000),
(740, NULL, 'Eagle LS 2000 Hybrid II', NULL, 17, 1000),
(741, NULL, 'Proxes T1 Sport', NULL, 17, 1000),
(742, NULL, 'Sp sport maxx', NULL, 17, 1000),
(743, NULL, 'Potenza RE-01', NULL, 17, 1000),
(744, NULL, 'Regno GR 9000', NULL, 17, 1000),
(745, NULL, 'AS-1', NULL, 17, 1000),
(746, NULL, 'Pirelli', NULL, 16, 1000),
(747, NULL, 'DNA ES300', NULL, 17, 1000),
(748, NULL, 'ENASAVE RV503', NULL, 17, 1000),
(749, NULL, 'XL', NULL, 19, 1000),
(750, NULL, 'Advan DB decibel', NULL, 17, 1000),
(751, NULL, 'Regno GR-8000', NULL, 17, 1000),
(752, NULL, 'Primacy 3', NULL, 17, 1000),
(753, NULL, 'Pilot Sport 3', NULL, 17, 1000),
(754, NULL, 'Guardex K2 F721', NULL, 17, 1000),
(755, NULL, 'TR968', NULL, 17, 1000),
(756, NULL, 'Ventus HR II', NULL, 17, 1000),
(757, NULL, 'Regno GRV', NULL, 17, 1000),
(758, NULL, 'B500 Si', NULL, 17, 1000),
(759, NULL, 'TR918', NULL, 17, 1000),
(760, NULL, 'Playz RV PRV-1', NULL, 17, 1000),
(761, NULL, 'Playz PRV-1', NULL, 17, 1000),
(762, NULL, 'Шипованные', NULL, 23, 30),
(763, NULL, '4x4 Contact', NULL, 17, 1000),
(764, NULL, 'Goodyer', NULL, 16, 1000),
(765, NULL, 'Eagle RS-A', NULL, 17, 1000),
(766, NULL, 'Nordman 5 SUV', NULL, 17, 1000),
(767, NULL, 'SP Winter Ice 01', NULL, 17, 1000),
(768, NULL, 'Latitude Tour HP', NULL, 17, 1000),
(769, NULL, 'Dueler H/T 840', NULL, 17, 1000),
(770, NULL, 'Latitude Cross Terrain', NULL, 17, 1000),
(771, NULL, 'Dueler A/T', NULL, 17, 1000),
(772, NULL, 'Grandtrek AT-20', NULL, 17, 1000),
(773, NULL, 'Grandtrek AT-22', NULL, 17, 1000),
(774, NULL, 'Hakkapelita Sport Utility', NULL, 17, 1000),
(775, NULL, 'Cooper', NULL, 16, 1000),
(776, NULL, 'Discoverer  M+S', NULL, 17, 1000),
(777, NULL, 'N1000', NULL, 17, 1000),
(778, NULL, 'Ultra sport NS II', NULL, 17, 1000),
(779, NULL, 'ContiSport Contact 3', NULL, 17, 1000),
(780, NULL, 'Headway', NULL, 16, 1000),
(781, NULL, 'ContiSportContact 3', NULL, 17, 1000),
(782, NULL, 'Azenis ST115', NULL, 17, 1000),
(783, NULL, 'Regno GR-9000', NULL, 17, 1000),
(784, NULL, 'Eagle LS2000 Hybrid II', NULL, 17, 1000),
(785, NULL, 'Playz PZ1', NULL, 17, 1000),
(786, NULL, 'Potenza S001', NULL, 17, 1000),
(787, NULL, 'TS-02', NULL, 17, 1000),
(788, NULL, 'ContiPremiumContact 2', NULL, 17, 1000),
(789, NULL, 'Potenza RE031', NULL, 17, 1000),
(790, NULL, 'IceGuard', NULL, 17, 1000),
(791, NULL, 'Dueler H/L 400', NULL, 17, 1000),
(792, NULL, 'Grandtrek PT2', NULL, 17, 1000),
(793, NULL, 'Т', NULL, 19, 1000),
(794, NULL, 'Dueler H/T Sport', NULL, 17, 1000),
(795, NULL, 'Hakkapelitta R Sport Utility', NULL, 17, 1000),
(796, NULL, 'Grandtrek AT-23', NULL, 17, 1000),
(797, NULL, '166', NULL, 18, 1000),
(798, NULL, 'Hakka', NULL, 16, 1000),
(799, NULL, 'Hakkapelitta 7 SUV', NULL, 17, 1000),
(800, NULL, 'Grandtrek PT 2', NULL, 17, 1000),
(801, NULL, 'Grandtrek SJ6', NULL, 17, 1000),
(802, NULL, 'LS 2000 Hybrid II', NULL, 17, 1000),
(803, NULL, 'Zero Rosso', NULL, 17, 1000),
(804, NULL, 'Blizzak DM-V1', NULL, 17, 1000),
(805, NULL, 'Advan S.T.', NULL, 17, 1000),
(806, NULL, 'General', NULL, 16, 1000),
(807, NULL, 'Grabber UHP', NULL, 17, 1000),
(808, NULL, 'Ziex S/TZ 04', NULL, 17, 1000),
(809, NULL, 'Coper', NULL, 16, 1000),
(810, NULL, 'Discoverer  H/T', NULL, 17, 1000),
(811, NULL, 'Open Country', NULL, 17, 1000),
(812, NULL, '4x4 Diamaris', NULL, 17, 1000),
(813, NULL, 'Proxes ST II', NULL, 17, 1000),
(814, 1, NULL, NULL, 28, 10),
(815, 2, NULL, NULL, 28, 20),
(816, 3, NULL, NULL, 28, 30),
(817, 4, NULL, NULL, 28, 40),
(818, NULL, 'Новые', NULL, 26, 10);

-- --------------------------------------------------------

--
-- Структура таблицы `cube`
--

CREATE TABLE IF NOT EXISTS `cube` (
`id` int(10) unsigned NOT NULL,
  `name` varchar(255) NOT NULL,
  `attribute_id_1` int(10) unsigned NOT NULL,
  `attribute_id_2` int(10) unsigned NOT NULL,
  `attribute_id_3` int(10) unsigned NOT NULL,
  `rule_code` varchar(255) NOT NULL
) ENGINE=InnoDB AUTO_INCREMENT=6 DEFAULT CHARSET=utf8;

--
-- Дамп данных таблицы `cube`
--

INSERT INTO `cube` (`id`, `name`, `attribute_id_1`, `attribute_id_2`, `attribute_id_3`, `rule_code`) VALUES
(1, 'Новый массив', 27, 23, 26, 'managerActions'),
(2, 'Только для рута', 27, 23, 5, 'rootActions');

-- --------------------------------------------------------

--
-- Структура таблицы `cube_variant`
--

CREATE TABLE IF NOT EXISTS `cube_variant` (
  `cube_id` int(10) unsigned NOT NULL,
  `attribute_1` int(10) unsigned NOT NULL,
  `attribute_2` int(10) unsigned NOT NULL,
  `attribute_3` int(10) unsigned NOT NULL,
  `value` text NOT NULL
) ENGINE=InnoDB DEFAULT CHARSET=utf8;

--
-- Дамп данных таблицы `cube_variant`
--

INSERT INTO `cube_variant` (`cube_id`, `attribute_1`, `attribute_2`, `attribute_3`, `value`) VALUES
(1, 401, 463, 462, 'б/п РФ Летние Томск'),
(2, 401, 465, 39, 'asdasdasd'),
(2, 401, 762, 39, 'asdasd'),
(2, 403, 463, 39, 'asdasdasd'),
(2, 403, 465, 39, 'asdasdasd'),
(2, 403, 762, 39, 'asdasda'),
(2, 404, 465, 39, 'asdasdasd');

-- --------------------------------------------------------

--
-- Структура таблицы `dictionary`
--

CREATE TABLE IF NOT EXISTS `dictionary` (
`id` int(10) unsigned NOT NULL,
  `name` varchar(255) NOT NULL,
  `attribute_id_1` int(10) unsigned NOT NULL,
  `rule_code` varchar(255) NOT NULL
) ENGINE=InnoDB AUTO_INCREMENT=11 DEFAULT CHARSET=utf8;

--
-- Дамп данных таблицы `dictionary`
--

INSERT INTO `dictionary` (`id`, `name`, `attribute_id_1`, `rule_code`) VALUES
(1, 'Новый справочник', 27, 'managerActions'),
(5, 'Еще один справочник', 23, 'managerActions'),
(7, 'Только для рута', 10, 'rootActions'),
(10, 'Склонение городов', 27, 'managerActions');

-- --------------------------------------------------------

--
-- Структура таблицы `dictionary_variant`
--

CREATE TABLE IF NOT EXISTS `dictionary_variant` (
  `dictionary_id` int(10) unsigned NOT NULL,
  `attribute_1` int(10) unsigned NOT NULL,
  `value` text NOT NULL
) ENGINE=InnoDB DEFAULT CHARSET=utf8;

--
-- Дамп данных таблицы `dictionary_variant`
--

INSERT INTO `dictionary_variant` (`dictionary_id`, `attribute_1`, `value`) VALUES
(1, 401, 'Томску'),
(1, 402, 'Новосибирску'),
(1, 403, 'Кемерово'),
(1, 404, 'Белово'),
(1, 405, 'Красноярску'),
(5, 396, '1'),
(5, 397, '2'),
(5, 463, '3'),
(5, 465, '4'),
(5, 762, '5'),
(7, 138, 'asd'),
(7, 139, 'asdasd'),
(7, 140, 'dasdasdasd'),
(7, 141, 'sdas'),
(7, 142, 'asda'),
(7, 143, 'ad'),
(7, 146, 'asdasd'),
(7, 149, 'asdasdsa'),
(7, 150, 'asdasd'),
(7, 152, 'asdasdasda'),
(7, 155, 'ddddd'),
(10, 401, 'Томске'),
(10, 402, 'Новосибирске'),
(10, 403, 'Кемерово'),
(10, 404, 'Белово'),
(10, 405, 'Красноярске');

-- --------------------------------------------------------

--
-- Структура таблицы `export`
--

CREATE TABLE IF NOT EXISTS `export` (
`id` int(10) unsigned NOT NULL,
  `name` varchar(255) NOT NULL,
  `good_type_id` int(10) unsigned NOT NULL
) ENGINE=InnoDB AUTO_INCREMENT=2 DEFAULT CHARSET=utf8;

--
-- Дамп данных таблицы `export`
--

INSERT INTO `export` (`id`, `name`, `good_type_id`) VALUES
(1, 'DromAutoAdd_disc', 1);

-- --------------------------------------------------------

--
-- Структура таблицы `export_attribute`
--

CREATE TABLE IF NOT EXISTS `export_attribute` (
  `export_id` int(10) unsigned NOT NULL,
  `attribute_id` int(10) unsigned NOT NULL DEFAULT '0',
  `sort` int(10) unsigned NOT NULL
) ENGINE=InnoDB DEFAULT CHARSET=utf8;

--
-- Дамп данных таблицы `export_attribute`
--

INSERT INTO `export_attribute` (`export_id`, `attribute_id`, `sort`) VALUES
(1, 17, 40),
(1, 27, 20),
(1, 28, 30);

-- --------------------------------------------------------

--
-- Структура таблицы `export_interpreter`
--

CREATE TABLE IF NOT EXISTS `export_interpreter` (
  `export_id` int(10) unsigned NOT NULL,
  `interpreter_id` int(10) unsigned NOT NULL,
  `sort` int(11) NOT NULL
) ENGINE=InnoDB DEFAULT CHARSET=utf8;

--
-- Дамп данных таблицы `export_interpreter`
--

INSERT INTO `export_interpreter` (`export_id`, `interpreter_id`, `sort`) VALUES
(1, 1, 10);

-- --------------------------------------------------------

--
-- Структура таблицы `good`
--

CREATE TABLE IF NOT EXISTS `good` (
`id` int(10) unsigned NOT NULL,
  `code` varchar(255) DEFAULT NULL,
  `good_type_id` int(10) unsigned NOT NULL
) ENGINE=InnoDB AUTO_INCREMENT=297 DEFAULT CHARSET=utf8;

--
-- Дамп данных таблицы `good`
--

INSERT INTO `good` (`id`, `code`, `good_type_id`) VALUES
(1, NULL, 1),
(2, NULL, 1),
(3, NULL, 1),
(4, NULL, 1),
(5, NULL, 1),
(6, NULL, 1),
(7, NULL, 1),
(8, NULL, 1),
(9, NULL, 1),
(10, NULL, 1),
(11, NULL, 1),
(12, NULL, 1),
(13, NULL, 1),
(14, NULL, 1),
(15, NULL, 1),
(16, NULL, 1),
(17, NULL, 1),
(18, NULL, 1),
(19, NULL, 1),
(20, NULL, 1),
(21, NULL, 1),
(22, NULL, 1),
(23, NULL, 1),
(24, NULL, 1),
(25, NULL, 1),
(26, NULL, 1),
(27, NULL, 1),
(28, NULL, 1),
(29, NULL, 1),
(30, NULL, 1),
(31, NULL, 1),
(32, NULL, 1),
(33, NULL, 1),
(34, NULL, 1),
(35, NULL, 1),
(36, NULL, 1),
(37, NULL, 1),
(38, NULL, 1),
(39, NULL, 1),
(40, NULL, 1),
(41, NULL, 1),
(42, NULL, 1),
(43, NULL, 1),
(44, NULL, 1),
(45, NULL, 1),
(46, NULL, 1),
(47, NULL, 1),
(48, NULL, 1),
(49, NULL, 1),
(50, NULL, 1),
(51, NULL, 1),
(52, NULL, 1),
(53, NULL, 1),
(54, NULL, 1),
(55, NULL, 1),
(56, NULL, 1),
(57, NULL, 1),
(58, NULL, 1),
(59, NULL, 1),
(60, NULL, 1),
(61, NULL, 1),
(62, NULL, 1),
(63, NULL, 1),
(64, NULL, 1),
(65, NULL, 1),
(66, NULL, 1),
(67, NULL, 1),
(68, NULL, 1),
(69, NULL, 1),
(70, NULL, 1),
(71, NULL, 1),
(72, NULL, 1),
(73, NULL, 1),
(74, NULL, 1),
(75, NULL, 1),
(76, NULL, 1),
(77, NULL, 1),
(78, NULL, 1),
(79, NULL, 1),
(80, NULL, 1),
(81, NULL, 1),
(82, NULL, 1),
(83, NULL, 1),
(84, NULL, 1),
(85, NULL, 1),
(86, NULL, 1),
(87, NULL, 1),
(88, NULL, 1),
(89, NULL, 1),
(90, NULL, 1),
(91, NULL, 1),
(92, NULL, 1),
(93, NULL, 1),
(94, NULL, 1),
(95, NULL, 1),
(96, NULL, 1),
(97, NULL, 1),
(98, NULL, 1),
(99, NULL, 1),
(100, NULL, 1),
(101, NULL, 1),
(102, NULL, 1),
(103, NULL, 1),
(104, NULL, 1),
(105, NULL, 1),
(106, NULL, 1),
(107, NULL, 1),
(108, NULL, 1),
(109, NULL, 1),
(110, NULL, 1),
(111, NULL, 1),
(112, NULL, 1),
(113, NULL, 1),
(114, NULL, 1),
(115, NULL, 1),
(116, NULL, 1),
(117, NULL, 1),
(118, NULL, 1),
(119, NULL, 1),
(120, NULL, 1),
(121, NULL, 1),
(122, NULL, 1),
(123, NULL, 1),
(124, NULL, 1),
(125, NULL, 1),
(126, NULL, 1),
(127, NULL, 1),
(128, NULL, 1),
(129, NULL, 1),
(130, NULL, 1),
(131, NULL, 1),
(132, NULL, 1),
(133, NULL, 1),
(134, NULL, 1),
(135, NULL, 1),
(136, NULL, 1),
(137, NULL, 1),
(138, NULL, 1),
(139, NULL, 1),
(140, NULL, 1),
(141, NULL, 1),
(142, NULL, 1),
(143, NULL, 1),
(144, NULL, 1),
(145, NULL, 1),
(146, NULL, 1),
(147, NULL, 1),
(148, NULL, 1),
(149, NULL, 1),
(150, NULL, 1),
(151, NULL, 1),
(152, NULL, 1),
(153, NULL, 1),
(154, NULL, 1),
(155, NULL, 1),
(156, NULL, 1),
(157, NULL, 1),
(158, NULL, 1),
(159, NULL, 1),
(160, NULL, 1),
(161, NULL, 1),
(162, NULL, 1),
(163, NULL, 1),
(164, NULL, 1),
(165, NULL, 1),
(166, NULL, 1),
(167, NULL, 1),
(168, NULL, 1),
(169, NULL, 1),
(170, NULL, 1),
(171, NULL, 1),
(172, NULL, 1),
(173, NULL, 1),
(174, NULL, 1),
(175, NULL, 1),
(176, NULL, 1),
(177, NULL, 1),
(178, NULL, 1),
(179, NULL, 1),
(180, NULL, 1),
(181, NULL, 1),
(182, NULL, 1),
(183, NULL, 1),
(184, NULL, 1),
(185, NULL, 1),
(186, NULL, 1),
(187, NULL, 1),
(188, NULL, 1),
(189, NULL, 1),
(190, NULL, 1),
(191, NULL, 1),
(192, NULL, 1),
(193, NULL, 1),
(194, NULL, 1),
(195, NULL, 1),
(196, NULL, 1),
(197, NULL, 1),
(198, NULL, 1),
(199, NULL, 1),
(200, NULL, 1),
(201, NULL, 1),
(202, NULL, 1),
(203, NULL, 1),
(204, NULL, 1),
(205, NULL, 1),
(206, NULL, 1),
(207, NULL, 1),
(208, NULL, 1),
(209, NULL, 1),
(210, NULL, 1),
(211, NULL, 1),
(212, NULL, 1),
(213, NULL, 1),
(214, NULL, 1),
(215, NULL, 1),
(216, NULL, 1),
(217, NULL, 1),
(218, NULL, 1),
(219, NULL, 1),
(220, NULL, 1),
(221, NULL, 1),
(222, NULL, 1),
(223, NULL, 1),
(224, NULL, 1),
(225, NULL, 1),
(226, NULL, 1),
(227, NULL, 1),
(228, NULL, 1),
(229, NULL, 1),
(230, NULL, 1),
(231, NULL, 1),
(232, NULL, 1),
(233, NULL, 1),
(234, NULL, 1),
(235, NULL, 1),
(236, NULL, 1),
(237, NULL, 1),
(238, NULL, 1),
(239, NULL, 1),
(240, NULL, 1),
(241, NULL, 1),
(242, NULL, 1),
(243, NULL, 1),
(244, NULL, 1),
(245, NULL, 1),
(246, NULL, 1),
(247, NULL, 1),
(248, NULL, 1),
(249, NULL, 1),
(250, NULL, 1),
(251, NULL, 1),
(252, NULL, 1),
(253, NULL, 1),
(254, NULL, 1),
(255, NULL, 1),
(256, NULL, 1),
(257, NULL, 1),
(258, NULL, 1),
(259, NULL, 1),
(260, NULL, 1),
(261, NULL, 1),
(262, NULL, 1),
(263, NULL, 1),
(264, NULL, 1),
(265, NULL, 1),
(266, NULL, 1),
(267, NULL, 1),
(268, NULL, 1),
(269, NULL, 1),
(270, NULL, 1),
(271, NULL, 1),
(272, NULL, 1),
(273, NULL, 1),
(274, NULL, 1),
(275, NULL, 1),
(276, NULL, 1),
(277, NULL, 1),
(278, NULL, 1),
(279, NULL, 1),
(280, NULL, 1),
(281, NULL, 1),
(282, NULL, 1),
(283, NULL, 1),
(284, NULL, 1),
(285, NULL, 1),
(286, NULL, 1),
(287, NULL, 1),
(288, NULL, 1),
(289, NULL, 1),
(290, NULL, 1),
(291, NULL, 1),
(292, NULL, 1),
(293, NULL, 1),
(294, NULL, 1),
(295, NULL, 1),
(296, NULL, 1);

-- --------------------------------------------------------

--
-- Структура таблицы `good_attribute`
--

CREATE TABLE IF NOT EXISTS `good_attribute` (
`id` int(11) unsigned NOT NULL,
  `good_id` int(10) unsigned NOT NULL,
  `attribute_id` int(10) unsigned NOT NULL,
  `int_value` int(11) DEFAULT NULL,
  `varchar_value` varchar(255) DEFAULT NULL,
  `text_value` text,
  `float_value` float DEFAULT NULL,
  `variant_id` int(10) unsigned DEFAULT NULL
) ENGINE=InnoDB AUTO_INCREMENT=5382 DEFAULT CHARSET=utf8;

--
-- Дамп данных таблицы `good_attribute`
--

INSERT INTO `good_attribute` (`id`, `good_id`, `attribute_id`, `int_value`, `varchar_value`, `text_value`, `float_value`, `variant_id`) VALUES
(1, 1, 3, NULL, '789', NULL, NULL, NULL),
(2, 1, 26, NULL, NULL, NULL, NULL, 399),
(3, 1, 23, NULL, NULL, NULL, NULL, 463),
(4, 1, 27, NULL, NULL, NULL, NULL, 401),
(5, 1, 16, NULL, NULL, NULL, NULL, 178),
(6, 1, 17, NULL, NULL, NULL, NULL, 275),
(7, 1, 9, NULL, NULL, NULL, NULL, 129),
(8, 1, 8, NULL, NULL, NULL, NULL, 116),
(9, 1, 7, NULL, NULL, NULL, NULL, 102),
(10, 1, 28, NULL, NULL, NULL, NULL, 817),
(11, 1, 18, NULL, NULL, NULL, NULL, 439),
(12, 1, 19, NULL, NULL, NULL, NULL, 349),
(13, 1, 10, NULL, NULL, NULL, NULL, 151),
(14, 1, 12, 71, NULL, NULL, NULL, NULL),
(15, 1, 13, 72, NULL, NULL, NULL, NULL),
(16, 1, 14, 75, NULL, NULL, NULL, NULL),
(17, 1, 15, 75, NULL, NULL, NULL, NULL),
(18, 1, 11, NULL, NULL, 'Korea', NULL, NULL),
(19, 1, 20, 17000, NULL, NULL, NULL, NULL),
(20, 2, 3, NULL, '4046', NULL, NULL, NULL),
(21, 2, 26, NULL, NULL, NULL, NULL, 399),
(22, 2, 23, NULL, NULL, NULL, NULL, 465),
(23, 2, 27, NULL, NULL, NULL, NULL, 401),
(24, 2, 16, NULL, NULL, NULL, NULL, 159),
(25, 2, 17, NULL, NULL, NULL, NULL, 322),
(26, 2, 9, NULL, NULL, NULL, NULL, 126),
(27, 2, 8, NULL, NULL, NULL, NULL, 120),
(28, 2, 7, NULL, NULL, NULL, NULL, 95),
(29, 2, 28, NULL, NULL, NULL, NULL, 817),
(30, 2, 18, NULL, NULL, NULL, NULL, 422),
(31, 2, 19, NULL, NULL, NULL, NULL, 343),
(32, 2, 10, NULL, NULL, NULL, NULL, 147),
(33, 2, 12, 67, NULL, NULL, NULL, NULL),
(34, 2, 13, 69, NULL, NULL, NULL, NULL),
(35, 2, 14, 70, NULL, NULL, NULL, NULL),
(36, 2, 15, 71, NULL, NULL, NULL, NULL),
(37, 2, 11, NULL, NULL, 'Japan', NULL, NULL),
(38, 2, 20, 7500, NULL, NULL, NULL, NULL),
(39, 3, 3, NULL, '1015', NULL, NULL, NULL),
(40, 3, 26, NULL, NULL, NULL, NULL, 400),
(41, 3, 23, NULL, NULL, NULL, NULL, 463),
(42, 3, 27, NULL, NULL, NULL, NULL, 401),
(43, 3, 16, NULL, NULL, NULL, NULL, 179),
(44, 3, 17, NULL, NULL, NULL, NULL, 277),
(45, 3, 9, NULL, NULL, NULL, NULL, 126),
(46, 3, 8, NULL, NULL, NULL, NULL, 120),
(47, 3, 7, NULL, NULL, NULL, NULL, 96),
(48, 3, 28, NULL, NULL, NULL, NULL, 815),
(49, 3, 18, NULL, NULL, NULL, NULL, 426),
(50, 3, 19, NULL, NULL, NULL, NULL, 347),
(51, 3, 10, NULL, NULL, NULL, NULL, 146),
(52, 3, 12, 39, NULL, NULL, NULL, NULL),
(53, 3, 13, 41, NULL, NULL, NULL, NULL),
(54, 3, 11, NULL, NULL, 'Europa', NULL, NULL),
(55, 3, 20, 1600, NULL, NULL, NULL, NULL),
(56, 4, 3, NULL, '4019', NULL, NULL, NULL),
(57, 4, 26, NULL, NULL, NULL, NULL, 399),
(58, 4, 23, NULL, NULL, NULL, NULL, 465),
(59, 4, 27, NULL, NULL, NULL, NULL, 401),
(60, 4, 16, NULL, NULL, NULL, NULL, 162),
(61, 4, 17, NULL, NULL, NULL, NULL, 213),
(62, 4, 9, NULL, NULL, NULL, NULL, 126),
(63, 4, 8, NULL, NULL, NULL, NULL, 121),
(64, 4, 7, NULL, NULL, NULL, NULL, 95),
(65, 4, 28, NULL, NULL, NULL, NULL, 817),
(66, 4, 18, NULL, NULL, NULL, NULL, 424),
(67, 4, 19, NULL, NULL, NULL, NULL, 343),
(68, 4, 10, NULL, NULL, NULL, NULL, 146),
(69, 4, 12, 71, NULL, NULL, NULL, NULL),
(70, 4, 13, 72, NULL, NULL, NULL, NULL),
(71, 4, 14, 72, NULL, NULL, NULL, NULL),
(72, 4, 15, 72, NULL, NULL, NULL, NULL),
(73, 4, 11, NULL, NULL, 'Japan', NULL, NULL),
(74, 4, 20, 8200, NULL, NULL, NULL, NULL),
(75, 5, 3, NULL, '4047', NULL, NULL, NULL),
(76, 5, 26, NULL, NULL, NULL, NULL, 399),
(77, 5, 23, NULL, NULL, NULL, NULL, 465),
(78, 5, 27, NULL, NULL, NULL, NULL, 401),
(79, 5, 16, NULL, NULL, NULL, NULL, 159),
(80, 5, 17, NULL, NULL, NULL, NULL, 306),
(81, 5, 9, NULL, NULL, NULL, NULL, 126),
(82, 5, 8, NULL, NULL, NULL, NULL, 121),
(83, 5, 7, NULL, NULL, NULL, NULL, 95),
(84, 5, 28, NULL, NULL, NULL, NULL, 817),
(85, 5, 18, NULL, NULL, NULL, NULL, 424),
(86, 5, 19, NULL, NULL, NULL, NULL, 343),
(87, 5, 10, NULL, NULL, NULL, NULL, 150),
(88, 5, 12, 73, NULL, NULL, NULL, NULL),
(89, 5, 13, 75, NULL, NULL, NULL, NULL),
(90, 5, 14, 85, NULL, NULL, NULL, NULL),
(91, 5, 15, 85, NULL, NULL, NULL, NULL),
(92, 5, 11, NULL, NULL, 'Japan', NULL, NULL),
(93, 5, 20, 9400, NULL, NULL, NULL, NULL),
(94, 6, 3, NULL, '5123', NULL, NULL, NULL),
(95, 6, 26, NULL, NULL, NULL, NULL, 399),
(96, 6, 23, NULL, NULL, NULL, NULL, 463),
(97, 6, 27, NULL, NULL, NULL, NULL, 402),
(98, 6, 16, NULL, NULL, NULL, NULL, 165),
(99, 6, 17, NULL, NULL, NULL, NULL, 705),
(100, 6, 9, NULL, NULL, NULL, NULL, 127),
(101, 6, 8, NULL, NULL, NULL, NULL, 117),
(102, 6, 7, NULL, NULL, NULL, NULL, 97),
(103, 6, 28, NULL, NULL, NULL, NULL, 817),
(104, 6, 18, NULL, NULL, NULL, NULL, 422),
(105, 6, 19, NULL, NULL, NULL, NULL, 348),
(106, 6, 10, NULL, NULL, NULL, NULL, 145),
(107, 6, 12, 52, NULL, NULL, NULL, NULL),
(108, 6, 13, 52, NULL, NULL, NULL, NULL),
(109, 6, 14, 55, NULL, NULL, NULL, NULL),
(110, 6, 15, 57, NULL, NULL, NULL, NULL),
(111, 6, 11, NULL, NULL, 'Japan', NULL, NULL),
(112, 6, 20, 7900, NULL, NULL, NULL, NULL),
(113, 7, 3, NULL, '5127', NULL, NULL, NULL),
(114, 7, 26, NULL, NULL, NULL, NULL, 399),
(115, 7, 23, NULL, NULL, NULL, NULL, 463),
(116, 7, 27, NULL, NULL, NULL, NULL, 402),
(117, 7, 16, NULL, NULL, NULL, NULL, 159),
(118, 7, 17, NULL, NULL, NULL, NULL, 706),
(119, 7, 9, NULL, NULL, NULL, NULL, 127),
(120, 7, 8, NULL, NULL, NULL, NULL, 117),
(121, 7, 7, NULL, NULL, NULL, NULL, 97),
(122, 7, 28, NULL, NULL, NULL, NULL, 817),
(123, 7, 18, NULL, NULL, NULL, NULL, 422),
(124, 7, 19, NULL, NULL, NULL, NULL, 348),
(125, 7, 10, NULL, NULL, NULL, NULL, 149),
(126, 7, 12, 55, NULL, NULL, NULL, NULL),
(127, 7, 13, 58, NULL, NULL, NULL, NULL),
(128, 7, 14, 58, NULL, NULL, NULL, NULL),
(129, 7, 15, 59, NULL, NULL, NULL, NULL),
(130, 7, 11, NULL, NULL, 'Japan', NULL, NULL),
(131, 7, 20, 6800, NULL, NULL, NULL, NULL),
(132, 8, 3, NULL, '5507', NULL, NULL, NULL),
(133, 8, 26, NULL, NULL, NULL, NULL, 399),
(134, 8, 23, NULL, NULL, NULL, NULL, 463),
(135, 8, 27, NULL, NULL, NULL, NULL, 401),
(136, 8, 16, NULL, NULL, NULL, NULL, 159),
(137, 8, 17, NULL, NULL, NULL, NULL, 707),
(138, 8, 9, NULL, NULL, NULL, NULL, 127),
(139, 8, 8, NULL, NULL, NULL, NULL, 118),
(140, 8, 7, NULL, NULL, NULL, NULL, 97),
(141, 8, 28, NULL, NULL, NULL, NULL, 817),
(142, 8, 18, NULL, NULL, NULL, NULL, 425),
(143, 8, 19, NULL, NULL, NULL, NULL, 348),
(144, 8, 10, NULL, NULL, NULL, NULL, 153),
(145, 8, 12, 63, NULL, NULL, NULL, NULL),
(146, 8, 13, 65, NULL, NULL, NULL, NULL),
(147, 8, 14, 68, NULL, NULL, NULL, NULL),
(148, 8, 15, 68, NULL, NULL, NULL, NULL),
(149, 8, 11, NULL, NULL, 'Japan', NULL, NULL),
(150, 8, 20, 10900, NULL, NULL, NULL, NULL),
(151, 9, 3, NULL, '3086', NULL, NULL, NULL),
(152, 9, 26, NULL, NULL, NULL, NULL, 400),
(153, 9, 23, NULL, NULL, NULL, NULL, 465),
(154, 9, 27, NULL, NULL, NULL, NULL, 401),
(155, 9, 16, NULL, NULL, NULL, NULL, 159),
(156, 9, 17, NULL, NULL, NULL, NULL, 708),
(157, 9, 9, NULL, NULL, NULL, NULL, 127),
(158, 9, 8, NULL, NULL, NULL, NULL, 119),
(159, 9, 7, NULL, NULL, NULL, NULL, 97),
(160, 9, 28, NULL, NULL, NULL, NULL, 817),
(161, 9, 18, NULL, NULL, NULL, NULL, 435),
(162, 9, 19, NULL, NULL, NULL, NULL, 343),
(163, 9, 10, NULL, NULL, NULL, NULL, 138),
(164, 9, 12, 28, NULL, NULL, NULL, NULL),
(165, 9, 13, 51, NULL, NULL, NULL, NULL),
(166, 9, 14, 60, NULL, NULL, NULL, NULL),
(167, 9, 15, 69, NULL, NULL, NULL, NULL),
(168, 9, 11, NULL, NULL, 'Japan', NULL, NULL),
(169, 9, 20, 9600, NULL, NULL, NULL, NULL),
(170, 10, 3, NULL, '5124', NULL, NULL, NULL),
(171, 10, 26, NULL, NULL, NULL, NULL, 399),
(172, 10, 23, NULL, NULL, NULL, NULL, 463),
(173, 10, 27, NULL, NULL, NULL, NULL, 402),
(174, 10, 16, NULL, NULL, NULL, NULL, 165),
(175, 10, 17, NULL, NULL, NULL, NULL, 710),
(176, 10, 9, NULL, NULL, NULL, NULL, 127),
(177, 10, 8, NULL, NULL, NULL, NULL, 119),
(178, 10, 7, NULL, NULL, NULL, NULL, 97),
(179, 10, 28, NULL, NULL, NULL, NULL, 815),
(180, 10, 18, NULL, NULL, NULL, NULL, 428),
(181, 10, 19, NULL, NULL, NULL, NULL, 347),
(182, 10, 10, NULL, NULL, NULL, NULL, 153),
(183, 10, 12, 74, NULL, NULL, NULL, NULL),
(184, 10, 13, 74, NULL, NULL, NULL, NULL),
(185, 10, 11, NULL, NULL, 'Japan', NULL, NULL),
(186, 10, 20, 4900, NULL, NULL, NULL, NULL),
(187, 11, 3, NULL, '5047', NULL, NULL, NULL),
(188, 11, 26, NULL, NULL, NULL, NULL, 399),
(189, 11, 23, NULL, NULL, NULL, NULL, 465),
(190, 11, 27, NULL, NULL, NULL, NULL, 401),
(191, 11, 16, NULL, NULL, NULL, NULL, 159),
(192, 11, 17, NULL, NULL, NULL, NULL, 709),
(193, 11, 9, NULL, NULL, NULL, NULL, 127),
(194, 11, 8, NULL, NULL, NULL, NULL, 120),
(195, 11, 7, NULL, NULL, NULL, NULL, 96),
(196, 11, 28, NULL, NULL, NULL, NULL, 817),
(197, 11, 18, NULL, NULL, NULL, NULL, 428),
(198, 11, 19, NULL, NULL, NULL, NULL, 343),
(199, 11, 10, NULL, NULL, NULL, NULL, 146),
(200, 11, 12, 65, NULL, NULL, NULL, NULL),
(201, 11, 13, 65, NULL, NULL, NULL, NULL),
(202, 11, 14, 65, NULL, NULL, NULL, NULL),
(203, 11, 15, 65, NULL, NULL, NULL, NULL),
(204, 11, 11, NULL, NULL, 'Japan', NULL, NULL),
(205, 11, 20, 8000, NULL, NULL, NULL, NULL),
(206, 12, 3, NULL, '5113', NULL, NULL, NULL),
(207, 12, 26, NULL, NULL, NULL, NULL, 399),
(208, 12, 23, NULL, NULL, NULL, NULL, 465),
(209, 12, 27, NULL, NULL, NULL, NULL, 401),
(210, 12, 16, NULL, NULL, NULL, NULL, 162),
(211, 12, 17, NULL, NULL, NULL, NULL, 214),
(212, 12, 9, NULL, NULL, NULL, NULL, 127),
(213, 12, 8, NULL, NULL, NULL, NULL, 120),
(214, 12, 7, NULL, NULL, NULL, NULL, 96),
(215, 12, 28, NULL, NULL, NULL, NULL, 817),
(216, 12, 18, NULL, NULL, NULL, NULL, 428),
(217, 12, 19, NULL, NULL, NULL, NULL, 343),
(218, 12, 10, NULL, NULL, NULL, NULL, 150),
(219, 12, 12, 66, NULL, NULL, NULL, NULL),
(220, 12, 13, 67, NULL, NULL, NULL, NULL),
(221, 12, 14, 72, NULL, NULL, NULL, NULL),
(222, 12, 15, 74, NULL, NULL, NULL, NULL),
(223, 12, 11, NULL, NULL, 'Japan', NULL, NULL),
(224, 12, 20, 7800, NULL, NULL, NULL, NULL),
(225, 13, 3, NULL, '5082', NULL, NULL, NULL),
(226, 13, 26, NULL, NULL, NULL, NULL, 399),
(227, 13, 23, NULL, NULL, NULL, NULL, 463),
(228, 13, 27, NULL, NULL, NULL, NULL, 401),
(229, 13, 16, NULL, NULL, NULL, NULL, 165),
(230, 13, 17, NULL, NULL, NULL, NULL, 234),
(231, 13, 9, NULL, NULL, NULL, NULL, 127),
(232, 13, 8, NULL, NULL, NULL, NULL, 120),
(233, 13, 7, NULL, NULL, NULL, NULL, 97),
(234, 13, 28, NULL, NULL, NULL, NULL, 817),
(235, 13, 18, NULL, NULL, NULL, NULL, 431),
(236, 13, 19, NULL, NULL, NULL, NULL, 345),
(237, 13, 10, NULL, NULL, NULL, NULL, 154),
(238, 13, 12, 65, NULL, NULL, NULL, NULL),
(239, 13, 13, 65, NULL, NULL, NULL, NULL),
(240, 13, 14, 65, NULL, NULL, NULL, NULL),
(241, 13, 15, 70, NULL, NULL, NULL, NULL),
(242, 13, 11, NULL, NULL, 'Indonesia', NULL, NULL),
(243, 13, 20, 9000, NULL, NULL, NULL, NULL),
(244, 14, 3, NULL, '5093', NULL, NULL, NULL),
(245, 14, 26, NULL, NULL, NULL, NULL, 399),
(246, 14, 23, NULL, NULL, NULL, NULL, 463),
(247, 14, 27, NULL, NULL, NULL, NULL, 401),
(248, 14, 16, NULL, NULL, NULL, NULL, 159),
(249, 14, 17, NULL, NULL, NULL, NULL, 276),
(250, 14, 9, NULL, NULL, NULL, NULL, 127),
(251, 14, 8, NULL, NULL, NULL, NULL, 120),
(252, 14, 7, NULL, NULL, NULL, NULL, 97),
(253, 14, 28, NULL, NULL, NULL, NULL, 817),
(254, 14, 18, NULL, NULL, NULL, NULL, 431),
(255, 14, 19, NULL, NULL, NULL, NULL, 345),
(256, 14, 10, NULL, NULL, NULL, NULL, 154),
(257, 14, 12, 63, NULL, NULL, NULL, NULL),
(258, 14, 13, 64, NULL, NULL, NULL, NULL),
(259, 14, 14, 68, NULL, NULL, NULL, NULL),
(260, 14, 15, 68, NULL, NULL, NULL, NULL),
(261, 14, 11, NULL, NULL, 'Japan', NULL, NULL),
(262, 14, 20, 10900, NULL, NULL, NULL, NULL),
(263, 15, 3, NULL, '5108', NULL, NULL, NULL),
(264, 15, 26, NULL, NULL, NULL, NULL, 399),
(265, 15, 23, NULL, NULL, NULL, NULL, 465),
(266, 15, 27, NULL, NULL, NULL, NULL, 401),
(267, 15, 16, NULL, NULL, NULL, NULL, 159),
(268, 15, 17, NULL, NULL, NULL, NULL, 711),
(269, 15, 9, NULL, NULL, NULL, NULL, 127),
(270, 15, 8, NULL, NULL, NULL, NULL, 120),
(271, 15, 7, NULL, NULL, NULL, NULL, 97),
(272, 15, 28, NULL, NULL, NULL, NULL, 815),
(273, 15, 18, NULL, NULL, NULL, NULL, 431),
(274, 15, 19, NULL, NULL, NULL, NULL, 343),
(275, 15, 10, NULL, NULL, NULL, NULL, 147),
(276, 15, 12, 64, NULL, NULL, NULL, NULL),
(277, 15, 13, 64, NULL, NULL, NULL, NULL),
(278, 15, 11, NULL, NULL, 'Japan', NULL, NULL),
(279, 15, 20, 4000, NULL, NULL, NULL, NULL),
(280, 16, 3, NULL, '5120', NULL, NULL, NULL),
(281, 16, 26, NULL, NULL, NULL, NULL, 399),
(282, 16, 23, NULL, NULL, NULL, NULL, 465),
(283, 16, 27, NULL, NULL, NULL, NULL, 401),
(284, 16, 16, NULL, NULL, NULL, NULL, 185),
(285, 16, 17, NULL, NULL, NULL, NULL, 259),
(286, 16, 9, NULL, NULL, NULL, NULL, 127),
(287, 16, 8, NULL, NULL, NULL, NULL, 120),
(288, 16, 7, NULL, NULL, NULL, NULL, 97),
(289, 16, 28, NULL, NULL, NULL, NULL, 817),
(290, 16, 18, NULL, NULL, NULL, NULL, 431),
(291, 16, 19, NULL, NULL, NULL, NULL, 343),
(292, 16, 10, NULL, NULL, NULL, NULL, 152),
(293, 16, 12, 68, NULL, NULL, NULL, NULL),
(294, 16, 13, 69, NULL, NULL, NULL, NULL),
(295, 16, 14, 70, NULL, NULL, NULL, NULL),
(296, 16, 15, 71, NULL, NULL, NULL, NULL),
(297, 16, 11, NULL, NULL, 'Japan', NULL, NULL),
(298, 16, 20, 8000, NULL, NULL, NULL, NULL),
(299, 17, 3, NULL, '5122', NULL, NULL, NULL),
(300, 17, 26, NULL, NULL, NULL, NULL, 399),
(301, 17, 23, NULL, NULL, NULL, NULL, 463),
(302, 17, 27, NULL, NULL, NULL, NULL, 402),
(303, 17, 16, NULL, NULL, NULL, NULL, 185),
(304, 17, 17, NULL, NULL, NULL, NULL, 209),
(305, 17, 9, NULL, NULL, NULL, NULL, 127),
(306, 17, 8, NULL, NULL, NULL, NULL, 120),
(307, 17, 7, NULL, NULL, NULL, NULL, 97),
(308, 17, 28, NULL, NULL, NULL, NULL, 817),
(309, 17, 18, NULL, NULL, NULL, NULL, 431),
(310, 17, 19, NULL, NULL, NULL, NULL, 345),
(311, 17, 10, NULL, NULL, NULL, NULL, 149),
(312, 17, 12, 74, NULL, NULL, NULL, NULL),
(313, 17, 13, 70, NULL, NULL, NULL, NULL),
(314, 17, 14, 71, NULL, NULL, NULL, NULL),
(315, 17, 15, 70, NULL, NULL, NULL, NULL),
(316, 17, 11, NULL, NULL, 'Japan', NULL, NULL),
(317, 17, 20, 9600, NULL, NULL, NULL, NULL),
(318, 18, 3, NULL, '5510', NULL, NULL, NULL),
(319, 18, 26, NULL, NULL, NULL, NULL, 399),
(320, 18, 23, NULL, NULL, NULL, NULL, 465),
(321, 18, 27, NULL, NULL, NULL, NULL, 401),
(322, 18, 16, NULL, NULL, NULL, NULL, 168),
(323, 18, 17, NULL, NULL, NULL, NULL, 712),
(324, 18, 9, NULL, NULL, NULL, NULL, 127),
(325, 18, 8, NULL, NULL, NULL, NULL, 120),
(326, 18, 7, NULL, NULL, NULL, NULL, 97),
(327, 18, 28, NULL, NULL, NULL, NULL, 817),
(328, 18, 18, NULL, NULL, NULL, NULL, 431),
(329, 18, 19, NULL, NULL, NULL, NULL, 343),
(330, 18, 10, NULL, NULL, NULL, NULL, 149),
(331, 18, 12, 72, NULL, NULL, NULL, NULL),
(332, 18, 13, 74, NULL, NULL, NULL, NULL),
(333, 18, 14, 81, NULL, NULL, NULL, NULL),
(334, 18, 15, 82, NULL, NULL, NULL, NULL),
(335, 18, 11, NULL, NULL, 'Japan', NULL, NULL),
(336, 18, 20, 9000, NULL, NULL, NULL, NULL),
(337, 19, 3, NULL, '3112', NULL, NULL, NULL),
(338, 19, 26, NULL, NULL, NULL, NULL, 400),
(339, 19, 23, NULL, NULL, NULL, NULL, 463),
(340, 19, 27, NULL, NULL, NULL, NULL, 401),
(341, 19, 16, NULL, NULL, NULL, NULL, 161),
(342, 19, 17, NULL, NULL, NULL, NULL, 713),
(343, 19, 9, NULL, NULL, NULL, NULL, 127),
(344, 19, 8, NULL, NULL, NULL, NULL, 120),
(345, 19, 7, NULL, NULL, NULL, NULL, 98),
(346, 19, 28, NULL, NULL, NULL, NULL, 814),
(347, 19, 18, NULL, NULL, NULL, NULL, 434),
(348, 19, 19, NULL, NULL, NULL, NULL, 347),
(349, 19, 10, NULL, NULL, NULL, NULL, 144),
(350, 19, 12, 53, NULL, NULL, NULL, NULL),
(351, 19, 11, NULL, NULL, 'France', NULL, NULL),
(352, 19, 20, 3000, NULL, NULL, NULL, NULL),
(353, 20, 3, NULL, '5125', NULL, NULL, NULL),
(354, 20, 26, NULL, NULL, NULL, NULL, 399),
(355, 20, 23, NULL, NULL, NULL, NULL, 463),
(356, 20, 27, NULL, NULL, NULL, NULL, 402),
(357, 20, 16, NULL, NULL, NULL, NULL, 159),
(358, 20, 17, NULL, NULL, NULL, NULL, 714),
(359, 20, 9, NULL, NULL, NULL, NULL, 127),
(360, 20, 8, NULL, NULL, NULL, NULL, 120),
(361, 20, 7, NULL, NULL, NULL, NULL, 99),
(362, 20, 28, NULL, NULL, NULL, NULL, 815),
(363, 20, 18, NULL, NULL, NULL, NULL, 436),
(364, 20, 19, NULL, NULL, NULL, NULL, 347),
(365, 20, 10, NULL, NULL, NULL, NULL, 146),
(366, 20, 12, 60, NULL, NULL, NULL, NULL),
(367, 20, 13, 60, NULL, NULL, NULL, NULL),
(368, 20, 11, NULL, NULL, 'Japan', NULL, NULL),
(369, 20, 20, 5400, NULL, NULL, NULL, NULL),
(370, 21, 3, NULL, '3119', NULL, NULL, NULL),
(371, 21, 26, NULL, NULL, NULL, NULL, 818),
(372, 21, 23, NULL, NULL, NULL, NULL, 463),
(373, 21, 27, NULL, NULL, NULL, NULL, 401),
(374, 21, 16, NULL, NULL, NULL, NULL, 159),
(375, 21, 17, NULL, NULL, NULL, NULL, 716),
(376, 21, 9, NULL, NULL, NULL, NULL, 127),
(377, 21, 8, NULL, NULL, NULL, NULL, 121),
(378, 21, 7, NULL, NULL, NULL, NULL, 104),
(379, 21, 28, NULL, NULL, NULL, NULL, 814),
(380, 21, 18, NULL, NULL, NULL, NULL, 452),
(381, 21, 19, NULL, NULL, NULL, NULL, 338),
(382, 21, 10, NULL, NULL, NULL, NULL, 138),
(383, 21, 12, 999, NULL, NULL, NULL, NULL),
(384, 21, 11, NULL, NULL, 'Japan', NULL, NULL),
(385, 21, 20, 5000, NULL, NULL, NULL, NULL),
(386, 22, 3, NULL, '5128', NULL, NULL, NULL),
(387, 22, 26, NULL, NULL, NULL, NULL, 399),
(388, 22, 23, NULL, NULL, NULL, NULL, 463),
(389, 22, 27, NULL, NULL, NULL, NULL, 402),
(390, 22, 16, NULL, NULL, NULL, NULL, 185),
(391, 22, 17, NULL, NULL, NULL, NULL, 717),
(392, 22, 9, NULL, NULL, NULL, NULL, 127),
(393, 22, 8, NULL, NULL, NULL, NULL, 122),
(394, 22, 7, NULL, NULL, NULL, NULL, 101),
(395, 22, 28, NULL, NULL, NULL, NULL, 817),
(396, 22, 18, NULL, NULL, NULL, NULL, 444),
(397, 22, 19, NULL, NULL, NULL, NULL, 343),
(398, 22, 10, NULL, NULL, NULL, NULL, 143),
(399, 22, 12, 40, NULL, NULL, NULL, NULL),
(400, 22, 13, 40, NULL, NULL, NULL, NULL),
(401, 22, 14, 43, NULL, NULL, NULL, NULL),
(402, 22, 15, 48, NULL, NULL, NULL, NULL),
(403, 22, 11, NULL, NULL, 'Japan', NULL, NULL),
(404, 22, 20, 7900, NULL, NULL, NULL, NULL),
(405, 23, 3, NULL, '5126', NULL, NULL, NULL),
(406, 23, 26, NULL, NULL, NULL, NULL, 399),
(407, 23, 23, NULL, NULL, NULL, NULL, 463),
(408, 23, 27, NULL, NULL, NULL, NULL, 402),
(409, 23, 16, NULL, NULL, NULL, NULL, 159),
(410, 23, 17, NULL, NULL, NULL, NULL, 716),
(411, 23, 9, NULL, NULL, NULL, NULL, 127),
(412, 23, 8, NULL, NULL, NULL, NULL, 123),
(413, 23, 7, NULL, NULL, NULL, NULL, 100),
(414, 23, 28, NULL, NULL, NULL, NULL, 817),
(415, 23, 18, NULL, NULL, NULL, NULL, 445),
(416, 23, 19, NULL, NULL, NULL, NULL, 345),
(417, 23, 10, NULL, NULL, NULL, NULL, 149),
(418, 23, 12, 55, NULL, NULL, NULL, NULL),
(419, 23, 13, 58, NULL, NULL, NULL, NULL),
(420, 23, 14, 58, NULL, NULL, NULL, NULL),
(421, 23, 15, 59, NULL, NULL, NULL, NULL),
(422, 23, 11, NULL, NULL, 'Japan', NULL, NULL),
(423, 23, 20, 10900, NULL, NULL, NULL, NULL),
(424, 24, 3, NULL, '6148', NULL, NULL, NULL),
(425, 24, 26, NULL, NULL, NULL, NULL, 399),
(426, 24, 23, NULL, NULL, NULL, NULL, 463),
(427, 24, 27, NULL, NULL, NULL, NULL, 402),
(428, 24, 16, NULL, NULL, NULL, NULL, 159),
(429, 24, 17, NULL, NULL, NULL, NULL, 718),
(430, 24, 9, NULL, NULL, NULL, NULL, 128),
(431, 24, 8, NULL, NULL, NULL, NULL, 117),
(432, 24, 7, NULL, NULL, NULL, NULL, 98),
(433, 24, 28, NULL, NULL, NULL, NULL, 817),
(434, 24, 18, NULL, NULL, NULL, NULL, 427),
(435, 24, 19, NULL, NULL, NULL, NULL, 348),
(436, 24, 10, NULL, NULL, NULL, NULL, 150),
(437, 24, 12, 70, NULL, NULL, NULL, NULL),
(438, 24, 13, 70, NULL, NULL, NULL, NULL),
(439, 24, 14, 79, NULL, NULL, NULL, NULL),
(440, 24, 15, 80, NULL, NULL, NULL, NULL),
(441, 24, 11, NULL, NULL, 'Japan', NULL, NULL),
(442, 24, 20, 11900, NULL, NULL, NULL, NULL),
(443, 25, 3, NULL, '3117', NULL, NULL, NULL),
(444, 25, 26, NULL, NULL, NULL, NULL, 400),
(445, 25, 23, NULL, NULL, NULL, NULL, 463),
(446, 25, 27, NULL, NULL, NULL, NULL, 401),
(447, 25, 16, NULL, NULL, NULL, NULL, 175),
(448, 25, 17, NULL, NULL, NULL, NULL, 719),
(449, 25, 9, NULL, NULL, NULL, NULL, 128),
(450, 25, 8, NULL, NULL, NULL, NULL, 118),
(451, 25, 7, NULL, NULL, NULL, NULL, 98),
(452, 25, 28, NULL, NULL, NULL, NULL, 814),
(453, 25, 18, NULL, NULL, NULL, NULL, 431),
(454, 25, 19, NULL, NULL, NULL, NULL, 347),
(455, 25, 10, NULL, NULL, NULL, NULL, 149),
(456, 25, 12, 33, NULL, NULL, NULL, NULL),
(457, 25, 11, NULL, NULL, 'Germany', NULL, NULL),
(458, 25, 20, 1500, NULL, NULL, NULL, NULL),
(459, 26, 3, NULL, '3118', NULL, NULL, NULL),
(460, 26, 26, NULL, NULL, NULL, NULL, 400),
(461, 26, 23, NULL, NULL, NULL, NULL, 463),
(462, 26, 27, NULL, NULL, NULL, NULL, 401),
(463, 26, 16, NULL, NULL, NULL, NULL, 173),
(464, 26, 17, NULL, NULL, NULL, NULL, 720),
(465, 26, 9, NULL, NULL, NULL, NULL, 128),
(466, 26, 8, NULL, NULL, NULL, NULL, 118),
(467, 26, 7, NULL, NULL, NULL, NULL, 98),
(468, 26, 28, NULL, NULL, NULL, NULL, 814),
(469, 26, 18, NULL, NULL, NULL, NULL, 429),
(470, 26, 19, NULL, NULL, NULL, NULL, 348),
(471, 26, 10, NULL, NULL, NULL, NULL, 145),
(472, 26, 12, 77, NULL, NULL, NULL, NULL),
(473, 26, 11, NULL, NULL, 'Japan', NULL, NULL),
(474, 26, 20, 4000, NULL, NULL, NULL, NULL),
(475, 27, 3, NULL, '6152', NULL, NULL, NULL),
(476, 27, 26, NULL, NULL, NULL, NULL, 399),
(477, 27, 23, NULL, NULL, NULL, NULL, 463),
(478, 27, 27, NULL, NULL, NULL, NULL, 402),
(479, 27, 16, NULL, NULL, NULL, NULL, 185),
(480, 27, 17, NULL, NULL, NULL, NULL, 721),
(481, 27, 9, NULL, NULL, NULL, NULL, 128),
(482, 27, 8, NULL, NULL, NULL, NULL, 118),
(483, 27, 7, NULL, NULL, NULL, NULL, 98),
(484, 27, 28, NULL, NULL, NULL, NULL, 815),
(485, 27, 18, NULL, NULL, NULL, NULL, 431),
(486, 27, 19, NULL, NULL, NULL, NULL, 348),
(487, 27, 10, NULL, NULL, NULL, NULL, 147),
(488, 27, 12, 54, NULL, NULL, NULL, NULL),
(489, 27, 13, 59, NULL, NULL, NULL, NULL),
(490, 27, 11, NULL, NULL, 'Japan', NULL, NULL),
(491, 27, 20, 0, NULL, NULL, NULL, NULL),
(492, 28, 3, NULL, '6155', NULL, NULL, NULL),
(493, 28, 26, NULL, NULL, NULL, NULL, 399),
(494, 28, 23, NULL, NULL, NULL, NULL, 463),
(495, 28, 27, NULL, NULL, NULL, NULL, 402),
(496, 28, 16, NULL, NULL, NULL, NULL, 185),
(497, 28, 17, NULL, NULL, NULL, NULL, 209),
(498, 28, 9, NULL, NULL, NULL, NULL, 128),
(499, 28, 8, NULL, NULL, NULL, NULL, 118),
(500, 28, 7, NULL, NULL, NULL, NULL, 98),
(501, 28, 28, NULL, NULL, NULL, NULL, 817),
(502, 28, 18, NULL, NULL, NULL, NULL, 429),
(503, 28, 19, NULL, NULL, NULL, NULL, 348),
(504, 28, 10, NULL, NULL, NULL, NULL, 152),
(505, 28, 12, 66, NULL, NULL, NULL, NULL),
(506, 28, 13, 66, NULL, NULL, NULL, NULL),
(507, 28, 14, 73, NULL, NULL, NULL, NULL),
(508, 28, 15, 74, NULL, NULL, NULL, NULL),
(509, 28, 11, NULL, NULL, 'Japan', NULL, NULL),
(510, 28, 20, 12900, NULL, NULL, NULL, NULL),
(511, 29, 3, NULL, '6158', NULL, NULL, NULL),
(512, 29, 26, NULL, NULL, NULL, NULL, 399),
(513, 29, 23, NULL, NULL, NULL, NULL, 463),
(514, 29, 27, NULL, NULL, NULL, NULL, 402),
(515, 29, 16, NULL, NULL, NULL, NULL, 183),
(516, 29, 17, NULL, NULL, NULL, NULL, 212),
(517, 29, 9, NULL, NULL, NULL, NULL, 128),
(518, 29, 8, NULL, NULL, NULL, NULL, 118),
(519, 29, 7, NULL, NULL, NULL, NULL, 98),
(520, 29, 28, NULL, NULL, NULL, NULL, 815),
(521, 29, 18, NULL, NULL, NULL, NULL, 431),
(522, 29, 19, NULL, NULL, NULL, NULL, 348),
(523, 29, 10, NULL, NULL, NULL, NULL, 153),
(524, 29, 12, 70, NULL, NULL, NULL, NULL),
(525, 29, 13, 70, NULL, NULL, NULL, NULL),
(526, 29, 11, NULL, NULL, 'Japan', NULL, NULL),
(527, 29, 20, 6800, NULL, NULL, NULL, NULL),
(528, 30, 3, NULL, '6159', NULL, NULL, NULL),
(529, 30, 26, NULL, NULL, NULL, NULL, 399),
(530, 30, 23, NULL, NULL, NULL, NULL, 463),
(531, 30, 27, NULL, NULL, NULL, NULL, 402),
(532, 30, 16, NULL, NULL, NULL, NULL, 159),
(533, 30, 17, NULL, NULL, NULL, NULL, 722),
(534, 30, 9, NULL, NULL, NULL, NULL, 128),
(535, 30, 8, NULL, NULL, NULL, NULL, 118),
(536, 30, 7, NULL, NULL, NULL, NULL, 98),
(537, 30, 28, NULL, NULL, NULL, NULL, 815),
(538, 30, 18, NULL, NULL, NULL, NULL, 431),
(539, 30, 19, NULL, NULL, NULL, NULL, 348),
(540, 30, 10, NULL, NULL, NULL, NULL, 151),
(541, 30, 12, 50, NULL, NULL, NULL, NULL),
(542, 30, 13, 51, NULL, NULL, NULL, NULL),
(543, 30, 11, NULL, NULL, 'Thailand', NULL, NULL),
(544, 30, 20, 5900, NULL, NULL, NULL, NULL),
(545, 31, 3, NULL, '6166', NULL, NULL, NULL),
(546, 31, 26, NULL, NULL, NULL, NULL, 399),
(547, 31, 23, NULL, NULL, NULL, NULL, 463),
(548, 31, 27, NULL, NULL, NULL, NULL, 402),
(549, 31, 16, NULL, NULL, NULL, NULL, 175),
(550, 31, 17, NULL, NULL, NULL, NULL, 723),
(551, 31, 9, NULL, NULL, NULL, NULL, 128),
(552, 31, 8, NULL, NULL, NULL, NULL, 118),
(553, 31, 7, NULL, NULL, NULL, NULL, 98),
(554, 31, 28, NULL, NULL, NULL, NULL, 817),
(555, 31, 18, NULL, NULL, NULL, NULL, 431),
(556, 31, 19, NULL, NULL, NULL, NULL, 348),
(557, 31, 10, NULL, NULL, NULL, NULL, 152),
(558, 31, 12, 50, NULL, NULL, NULL, NULL),
(559, 31, 13, 58, NULL, NULL, NULL, NULL),
(560, 31, 14, 60, NULL, NULL, NULL, NULL),
(561, 31, 15, 60, NULL, NULL, NULL, NULL),
(562, 31, 11, NULL, NULL, 'Italy', NULL, NULL),
(563, 31, 20, 0, NULL, NULL, NULL, NULL),
(564, 32, 3, NULL, '6651-1', NULL, NULL, NULL),
(565, 32, 26, NULL, NULL, NULL, NULL, 399),
(566, 32, 23, NULL, NULL, NULL, NULL, 463),
(567, 32, 27, NULL, NULL, NULL, NULL, 401),
(568, 32, 16, NULL, NULL, NULL, NULL, 171),
(569, 32, 17, NULL, NULL, NULL, NULL, 724),
(570, 32, 9, NULL, NULL, NULL, NULL, 128),
(571, 32, 8, NULL, NULL, NULL, NULL, 118),
(572, 32, 7, NULL, NULL, NULL, NULL, 98),
(573, 32, 28, NULL, NULL, NULL, NULL, 815),
(574, 32, 18, NULL, NULL, NULL, NULL, 431),
(575, 32, 19, NULL, NULL, NULL, NULL, 348),
(576, 32, 10, NULL, NULL, NULL, NULL, 149),
(577, 32, 12, 58, NULL, NULL, NULL, NULL),
(578, 32, 13, 60, NULL, NULL, NULL, NULL),
(579, 32, 11, NULL, NULL, 'Korea', NULL, NULL),
(580, 32, 20, 5000, NULL, NULL, NULL, NULL),
(581, 33, 3, NULL, '6049', NULL, NULL, NULL),
(582, 33, 26, NULL, NULL, NULL, NULL, 399),
(583, 33, 23, NULL, NULL, NULL, NULL, 463),
(584, 33, 27, NULL, NULL, NULL, NULL, 401),
(585, 33, 16, NULL, NULL, NULL, NULL, 159),
(586, 33, 17, NULL, NULL, NULL, NULL, 303),
(587, 33, 9, NULL, NULL, NULL, NULL, 128),
(588, 33, 8, NULL, NULL, NULL, NULL, 118),
(589, 33, 7, NULL, NULL, NULL, NULL, 100),
(590, 33, 28, NULL, NULL, NULL, NULL, 815),
(591, 33, 18, NULL, NULL, NULL, NULL, 434),
(592, 33, 19, NULL, NULL, NULL, NULL, 348),
(593, 33, 10, NULL, NULL, NULL, NULL, 145),
(594, 33, 12, 42, NULL, NULL, NULL, NULL),
(595, 33, 13, 42, NULL, NULL, NULL, NULL),
(596, 33, 11, NULL, NULL, 'Japan', NULL, NULL),
(597, 33, 20, 4800, NULL, NULL, NULL, NULL),
(598, 34, 3, NULL, '6110', NULL, NULL, NULL),
(599, 34, 26, NULL, NULL, NULL, NULL, 399),
(600, 34, 23, NULL, NULL, NULL, NULL, 463),
(601, 34, 27, NULL, NULL, NULL, NULL, 401),
(602, 34, 16, NULL, NULL, NULL, NULL, 159),
(603, 34, 17, NULL, NULL, NULL, NULL, 725),
(604, 34, 9, NULL, NULL, NULL, NULL, 128),
(605, 34, 8, NULL, NULL, NULL, NULL, 119),
(606, 34, 7, NULL, NULL, NULL, NULL, 98),
(607, 34, 28, NULL, NULL, NULL, NULL, 815),
(608, 34, 18, NULL, NULL, NULL, NULL, 432),
(609, 34, 19, NULL, NULL, NULL, NULL, 347),
(610, 34, 10, NULL, NULL, NULL, NULL, 152),
(611, 34, 12, 61, NULL, NULL, NULL, NULL),
(612, 34, 13, 60, NULL, NULL, NULL, NULL),
(613, 34, 11, NULL, NULL, 'Japan', NULL, NULL),
(614, 34, 20, 7000, NULL, NULL, NULL, NULL),
(615, 35, 3, NULL, '6131', NULL, NULL, NULL),
(616, 35, 26, NULL, NULL, NULL, NULL, 399),
(617, 35, 23, NULL, NULL, NULL, NULL, 465),
(618, 35, 27, NULL, NULL, NULL, NULL, 401),
(619, 35, 16, NULL, NULL, NULL, NULL, 159),
(620, 35, 17, NULL, NULL, NULL, NULL, 711),
(621, 35, 9, NULL, NULL, NULL, NULL, 128),
(622, 35, 8, NULL, NULL, NULL, NULL, 119),
(623, 35, 7, NULL, NULL, NULL, NULL, 98),
(624, 35, 28, NULL, NULL, NULL, NULL, 817),
(625, 35, 18, NULL, NULL, NULL, NULL, 432),
(626, 35, 19, NULL, NULL, NULL, NULL, 343),
(627, 35, 10, NULL, NULL, NULL, NULL, 145),
(628, 35, 12, 60, NULL, NULL, NULL, NULL),
(629, 35, 13, 63, NULL, NULL, NULL, NULL),
(630, 35, 14, 64, NULL, NULL, NULL, NULL),
(631, 35, 15, 68, NULL, NULL, NULL, NULL),
(632, 35, 11, NULL, NULL, 'Japan', NULL, NULL),
(633, 35, 20, 11500, NULL, NULL, NULL, NULL),
(634, 36, 3, NULL, '6154', NULL, NULL, NULL),
(635, 36, 26, NULL, NULL, NULL, NULL, 399),
(636, 36, 23, NULL, NULL, NULL, NULL, 463),
(637, 36, 27, NULL, NULL, NULL, NULL, 402),
(638, 36, 16, NULL, NULL, NULL, NULL, 185),
(639, 36, 17, NULL, NULL, NULL, NULL, 726),
(640, 36, 9, NULL, NULL, NULL, NULL, 128),
(641, 36, 8, NULL, NULL, NULL, NULL, 119),
(642, 36, 7, NULL, NULL, NULL, NULL, 98),
(643, 36, 28, NULL, NULL, NULL, NULL, 817),
(644, 36, 18, NULL, NULL, NULL, NULL, 432),
(645, 36, 19, NULL, NULL, NULL, NULL, 347),
(646, 36, 10, NULL, NULL, NULL, NULL, 152),
(647, 36, 12, 55, NULL, NULL, NULL, NULL),
(648, 36, 13, 59, NULL, NULL, NULL, NULL),
(649, 36, 14, 69, NULL, NULL, NULL, NULL),
(650, 36, 15, 71, NULL, NULL, NULL, NULL),
(651, 36, 11, NULL, NULL, 'Japan', NULL, NULL),
(652, 36, 20, 11900, NULL, NULL, NULL, NULL),
(653, 37, 3, NULL, '6624', NULL, NULL, NULL),
(654, 37, 26, NULL, NULL, NULL, NULL, 399),
(655, 37, 23, NULL, NULL, NULL, NULL, 463),
(656, 37, 27, NULL, NULL, NULL, NULL, 401),
(657, 37, 16, NULL, NULL, NULL, NULL, 185),
(658, 37, 17, NULL, NULL, NULL, NULL, 190),
(659, 37, 9, NULL, NULL, NULL, NULL, 128),
(660, 37, 8, NULL, NULL, NULL, NULL, 119),
(661, 37, 7, NULL, NULL, NULL, NULL, 98),
(662, 37, 28, NULL, NULL, NULL, NULL, 817),
(663, 37, 18, NULL, NULL, NULL, NULL, 432),
(664, 37, 19, NULL, NULL, NULL, NULL, 347),
(665, 37, 10, NULL, NULL, NULL, NULL, 151),
(666, 37, 12, 999, NULL, NULL, NULL, NULL),
(667, 37, 13, 999, NULL, NULL, NULL, NULL),
(668, 37, 14, 999, NULL, NULL, NULL, NULL),
(669, 37, 15, 999, NULL, NULL, NULL, NULL),
(670, 37, 11, NULL, NULL, 'Japan', NULL, NULL),
(671, 37, 20, 13900, NULL, NULL, NULL, NULL),
(672, 38, 3, NULL, '6653', NULL, NULL, NULL),
(673, 38, 26, NULL, NULL, NULL, NULL, 399),
(674, 38, 23, NULL, NULL, NULL, NULL, 465),
(675, 38, 27, NULL, NULL, NULL, NULL, 401),
(676, 38, 16, NULL, NULL, NULL, NULL, 162),
(677, 38, 17, NULL, NULL, NULL, NULL, 727),
(678, 38, 9, NULL, NULL, NULL, NULL, 128),
(679, 38, 8, NULL, NULL, NULL, NULL, 119),
(680, 38, 7, NULL, NULL, NULL, NULL, 98),
(681, 38, 28, NULL, NULL, NULL, NULL, 817),
(682, 38, 18, NULL, NULL, NULL, NULL, 432),
(683, 38, 19, NULL, NULL, NULL, NULL, 343),
(684, 38, 10, NULL, NULL, NULL, NULL, 153),
(685, 38, 12, 68, NULL, NULL, NULL, NULL),
(686, 38, 13, 70, NULL, NULL, NULL, NULL),
(687, 38, 14, 74, NULL, NULL, NULL, NULL),
(688, 38, 15, 75, NULL, NULL, NULL, NULL),
(689, 38, 11, NULL, NULL, 'Japan', NULL, NULL),
(690, 38, 20, 11500, NULL, NULL, NULL, NULL),
(691, 39, 3, NULL, '3085-1', NULL, NULL, NULL),
(692, 39, 26, NULL, NULL, NULL, NULL, 400),
(693, 39, 23, NULL, NULL, NULL, NULL, 465),
(694, 39, 27, NULL, NULL, NULL, NULL, 401),
(695, 39, 16, NULL, NULL, NULL, NULL, 159),
(696, 39, 17, NULL, NULL, NULL, NULL, 195),
(697, 39, 9, NULL, NULL, NULL, NULL, 128),
(698, 39, 8, NULL, NULL, NULL, NULL, 119),
(699, 39, 7, NULL, NULL, NULL, NULL, 99),
(700, 39, 28, NULL, NULL, NULL, NULL, 815),
(701, 39, 18, NULL, NULL, NULL, NULL, 435),
(702, 39, 19, NULL, NULL, NULL, NULL, 343),
(703, 39, 10, NULL, NULL, NULL, NULL, 146),
(704, 39, 12, 78, NULL, NULL, NULL, NULL),
(705, 39, 13, 80, NULL, NULL, NULL, NULL),
(706, 39, 11, NULL, NULL, 'Japan', NULL, NULL),
(707, 39, 20, 24000, NULL, NULL, NULL, NULL),
(708, 40, 3, NULL, '3085-2', NULL, NULL, NULL),
(709, 40, 26, NULL, NULL, NULL, NULL, 400),
(710, 40, 23, NULL, NULL, NULL, NULL, 465),
(711, 40, 27, NULL, NULL, NULL, NULL, 401),
(712, 40, 16, NULL, NULL, NULL, NULL, 159),
(713, 40, 17, NULL, NULL, NULL, NULL, 728),
(714, 40, 9, NULL, NULL, NULL, NULL, 128),
(715, 40, 8, NULL, NULL, NULL, NULL, 119),
(716, 40, 7, NULL, NULL, NULL, NULL, 99),
(717, 40, 28, NULL, NULL, NULL, NULL, 815),
(718, 40, 18, NULL, NULL, NULL, NULL, 435),
(719, 40, 19, NULL, NULL, NULL, NULL, 343),
(720, 40, 10, NULL, NULL, NULL, NULL, 138),
(721, 40, 12, 62, NULL, NULL, NULL, NULL),
(722, 40, 13, 65, NULL, NULL, NULL, NULL),
(723, 40, 11, NULL, NULL, 'Japan', NULL, NULL),
(724, 40, 20, 5000, NULL, NULL, NULL, NULL),
(725, 41, 3, NULL, '6151', NULL, NULL, NULL),
(726, 41, 26, NULL, NULL, NULL, NULL, 399),
(727, 41, 23, NULL, NULL, NULL, NULL, 463),
(728, 41, 27, NULL, NULL, NULL, NULL, 402),
(729, 41, 16, NULL, NULL, NULL, NULL, 159),
(730, 41, 17, NULL, NULL, NULL, NULL, 729),
(731, 41, 9, NULL, NULL, NULL, NULL, 128),
(732, 41, 8, NULL, NULL, NULL, NULL, 119),
(733, 41, 7, NULL, NULL, NULL, NULL, 99),
(734, 41, 28, NULL, NULL, NULL, NULL, 817),
(735, 41, 18, NULL, NULL, NULL, NULL, 435),
(736, 41, 19, NULL, NULL, NULL, NULL, 347),
(737, 41, 10, NULL, NULL, NULL, NULL, 152),
(738, 41, 12, 50, NULL, NULL, NULL, NULL),
(739, 41, 13, 55, NULL, NULL, NULL, NULL),
(740, 41, 14, 52, NULL, NULL, NULL, NULL),
(741, 41, 15, 51, NULL, NULL, NULL, NULL),
(742, 41, 11, NULL, NULL, 'Japan', NULL, NULL),
(743, 41, 20, 9900, NULL, NULL, NULL, NULL),
(744, 42, 3, NULL, '6157', NULL, NULL, NULL),
(745, 42, 26, NULL, NULL, NULL, NULL, 399),
(746, 42, 23, NULL, NULL, NULL, NULL, 463),
(747, 42, 27, NULL, NULL, NULL, NULL, 402),
(748, 42, 16, NULL, NULL, NULL, NULL, 164),
(749, 42, 17, NULL, NULL, NULL, NULL, 730),
(750, 42, 9, NULL, NULL, NULL, NULL, 128),
(751, 42, 8, NULL, NULL, NULL, NULL, 119),
(752, 42, 7, NULL, NULL, NULL, NULL, 100),
(753, 42, 28, NULL, NULL, NULL, NULL, 817),
(754, 42, 18, NULL, NULL, NULL, NULL, 438),
(755, 42, 19, NULL, NULL, NULL, NULL, 347),
(756, 42, 10, NULL, NULL, NULL, NULL, 147),
(757, 42, 12, 63, NULL, NULL, NULL, NULL),
(758, 42, 13, 64, NULL, NULL, NULL, NULL),
(759, 42, 14, 65, NULL, NULL, NULL, NULL),
(760, 42, 15, 66, NULL, NULL, NULL, NULL),
(761, 42, 11, NULL, NULL, 'Japan', NULL, NULL),
(762, 42, 20, 12800, NULL, NULL, NULL, NULL),
(763, 43, 3, NULL, '6120', NULL, NULL, NULL),
(764, 43, 26, NULL, NULL, NULL, NULL, 399),
(765, 43, 23, NULL, NULL, NULL, NULL, 465),
(766, 43, 27, NULL, NULL, NULL, NULL, 401),
(767, 43, 16, NULL, NULL, NULL, NULL, 159),
(768, 43, 17, NULL, NULL, NULL, NULL, 731),
(769, 43, 9, NULL, NULL, NULL, NULL, 128),
(770, 43, 8, NULL, NULL, NULL, NULL, 119),
(771, 43, 7, NULL, NULL, NULL, NULL, 101),
(772, 43, 28, NULL, NULL, NULL, NULL, 817),
(773, 43, 18, NULL, NULL, NULL, NULL, 440),
(774, 43, 19, NULL, NULL, NULL, NULL, 343),
(775, 43, 10, NULL, NULL, NULL, NULL, 145),
(776, 43, 12, 85, NULL, NULL, NULL, NULL),
(777, 43, 13, 85, NULL, NULL, NULL, NULL),
(778, 43, 14, 87, NULL, NULL, NULL, NULL),
(779, 43, 15, 87, NULL, NULL, NULL, NULL),
(780, 43, 11, NULL, NULL, 'Japan', NULL, NULL),
(781, 43, 20, 14500, NULL, NULL, NULL, NULL),
(782, 44, 3, NULL, '6156', NULL, NULL, NULL),
(783, 44, 26, NULL, NULL, NULL, NULL, 399),
(784, 44, 23, NULL, NULL, NULL, NULL, 463),
(785, 44, 27, NULL, NULL, NULL, NULL, 402),
(786, 44, 16, NULL, NULL, NULL, NULL, 159),
(787, 44, 17, NULL, NULL, NULL, NULL, 732),
(788, 44, 9, NULL, NULL, NULL, NULL, 128),
(789, 44, 8, NULL, NULL, NULL, NULL, 120),
(790, 44, 7, NULL, NULL, NULL, NULL, 98),
(791, 44, 28, NULL, NULL, NULL, NULL, 817),
(792, 44, 18, NULL, NULL, NULL, NULL, 435),
(793, 44, 19, NULL, NULL, NULL, NULL, 345),
(794, 44, 10, NULL, NULL, NULL, NULL, 148),
(795, 44, 12, 71, NULL, NULL, NULL, NULL),
(796, 44, 13, 72, NULL, NULL, NULL, NULL),
(797, 44, 14, 72, NULL, NULL, NULL, NULL),
(798, 44, 15, 73, NULL, NULL, NULL, NULL),
(799, 44, 11, NULL, NULL, 'Japan', NULL, NULL),
(800, 44, 20, 12000, NULL, NULL, NULL, NULL),
(801, 45, 3, NULL, '6125', NULL, NULL, NULL),
(802, 45, 26, NULL, NULL, NULL, NULL, 399),
(803, 45, 23, NULL, NULL, NULL, NULL, 465),
(804, 45, 27, NULL, NULL, NULL, NULL, 401),
(805, 45, 16, NULL, NULL, NULL, NULL, 162),
(806, 45, 17, NULL, NULL, NULL, NULL, 213),
(807, 45, 9, NULL, NULL, NULL, NULL, 128),
(808, 45, 8, NULL, NULL, NULL, NULL, 120),
(809, 45, 7, NULL, NULL, NULL, NULL, 99),
(810, 45, 28, NULL, NULL, NULL, NULL, 817),
(811, 45, 18, NULL, NULL, NULL, NULL, 438),
(812, 45, 19, NULL, NULL, NULL, NULL, 343),
(813, 45, 10, NULL, NULL, NULL, NULL, 149),
(814, 45, 12, 79, NULL, NULL, NULL, NULL),
(815, 45, 13, 80, NULL, NULL, NULL, NULL),
(816, 45, 14, 81, NULL, NULL, NULL, NULL),
(817, 45, 15, 81, NULL, NULL, NULL, NULL),
(818, 45, 11, NULL, NULL, 'Japan', NULL, NULL),
(819, 45, 20, 13500, NULL, NULL, NULL, NULL),
(820, 46, 3, NULL, '6135', NULL, NULL, NULL),
(821, 46, 26, NULL, NULL, NULL, NULL, 399),
(822, 46, 23, NULL, NULL, NULL, NULL, 463),
(823, 46, 27, NULL, NULL, NULL, NULL, 402),
(824, 46, 16, NULL, NULL, NULL, NULL, 159),
(825, 46, 17, NULL, NULL, NULL, NULL, 733),
(826, 46, 9, NULL, NULL, NULL, NULL, 128),
(827, 46, 8, NULL, NULL, NULL, NULL, 120),
(828, 46, 7, NULL, NULL, NULL, NULL, 99),
(829, 46, 28, NULL, NULL, NULL, NULL, 817),
(830, 46, 18, NULL, NULL, NULL, NULL, 438),
(831, 46, 19, NULL, NULL, NULL, NULL, 347),
(832, 46, 10, NULL, NULL, NULL, NULL, 146),
(833, 46, 12, 57, NULL, NULL, NULL, NULL),
(834, 46, 13, 60, NULL, NULL, NULL, NULL),
(835, 46, 14, 50, NULL, NULL, NULL, NULL),
(836, 46, 15, 57, NULL, NULL, NULL, NULL),
(837, 46, 11, NULL, NULL, 'Japan', NULL, NULL),
(838, 46, 20, 9500, NULL, NULL, NULL, NULL),
(839, 47, 3, NULL, '6139', NULL, NULL, NULL),
(840, 47, 26, NULL, NULL, NULL, NULL, 399),
(841, 47, 23, NULL, NULL, NULL, NULL, 463),
(842, 47, 27, NULL, NULL, NULL, NULL, 402),
(843, 47, 16, NULL, NULL, NULL, NULL, 159),
(844, 47, 17, NULL, NULL, NULL, NULL, 733),
(845, 47, 9, NULL, NULL, NULL, NULL, 128),
(846, 47, 8, NULL, NULL, NULL, NULL, 120),
(847, 47, 7, NULL, NULL, NULL, NULL, 99),
(848, 47, 28, NULL, NULL, NULL, NULL, 817),
(849, 47, 18, NULL, NULL, NULL, NULL, 438),
(850, 47, 19, NULL, NULL, NULL, NULL, 347),
(851, 47, 10, NULL, NULL, NULL, NULL, 145),
(852, 47, 12, 45, NULL, NULL, NULL, NULL),
(853, 47, 13, 45, NULL, NULL, NULL, NULL),
(854, 47, 14, 50, NULL, NULL, NULL, NULL),
(855, 47, 15, 48, NULL, NULL, NULL, NULL),
(856, 47, 11, NULL, NULL, 'Japan', NULL, NULL),
(857, 47, 20, 8000, NULL, NULL, NULL, NULL),
(858, 48, 3, NULL, '6134', NULL, NULL, NULL),
(859, 48, 26, NULL, NULL, NULL, NULL, 399),
(860, 48, 23, NULL, NULL, NULL, NULL, 463),
(861, 48, 27, NULL, NULL, NULL, NULL, 402),
(862, 48, 16, NULL, NULL, NULL, NULL, 185),
(863, 48, 17, NULL, NULL, NULL, NULL, 734),
(864, 48, 9, NULL, NULL, NULL, NULL, 128),
(865, 48, 8, NULL, NULL, NULL, NULL, 121),
(866, 48, 7, NULL, NULL, NULL, NULL, 99),
(867, 48, 28, NULL, NULL, NULL, NULL, 817),
(868, 48, 18, NULL, NULL, NULL, NULL, 439),
(869, 48, 19, NULL, NULL, NULL, NULL, 345),
(870, 48, 10, NULL, NULL, NULL, NULL, 146),
(871, 48, 12, 50, NULL, NULL, NULL, NULL),
(872, 48, 13, 61, NULL, NULL, NULL, NULL),
(873, 48, 14, 55, NULL, NULL, NULL, NULL),
(874, 48, 15, 63, NULL, NULL, NULL, NULL),
(875, 48, 11, NULL, NULL, 'Japan', NULL, NULL),
(876, 48, 20, 11900, NULL, NULL, NULL, NULL),
(877, 49, 3, NULL, '6637', NULL, NULL, NULL),
(878, 49, 26, NULL, NULL, NULL, NULL, 399),
(879, 49, 23, NULL, NULL, NULL, NULL, 465),
(880, 49, 27, NULL, NULL, NULL, NULL, 401),
(881, 49, 16, NULL, NULL, NULL, NULL, 185),
(882, 49, 17, NULL, NULL, NULL, NULL, 735),
(883, 49, 9, NULL, NULL, NULL, NULL, 128),
(884, 49, 8, NULL, NULL, NULL, NULL, 121),
(885, 49, 7, NULL, NULL, NULL, NULL, 99),
(886, 49, 28, NULL, NULL, NULL, NULL, 817),
(887, 49, 18, NULL, NULL, NULL, NULL, 440),
(888, 49, 19, NULL, NULL, NULL, NULL, 343),
(889, 49, 10, NULL, NULL, NULL, NULL, 150),
(890, 49, 12, 76, NULL, NULL, NULL, NULL),
(891, 49, 13, 77, NULL, NULL, NULL, NULL),
(892, 49, 14, 78, NULL, NULL, NULL, NULL),
(893, 49, 15, 78, NULL, NULL, NULL, NULL),
(894, 49, 11, NULL, NULL, 'Japan', NULL, NULL),
(895, 49, 20, 14000, NULL, NULL, NULL, NULL),
(896, 50, 3, NULL, '6647', NULL, NULL, NULL),
(897, 50, 26, NULL, NULL, NULL, NULL, 399),
(898, 50, 23, NULL, NULL, NULL, NULL, 465),
(899, 50, 27, NULL, NULL, NULL, NULL, 401),
(900, 50, 16, NULL, NULL, NULL, NULL, 159),
(901, 50, 17, NULL, NULL, NULL, NULL, 736),
(902, 50, 9, NULL, NULL, NULL, NULL, 128),
(903, 50, 8, NULL, NULL, NULL, NULL, 121),
(904, 50, 7, NULL, NULL, NULL, NULL, 99),
(905, 50, 28, NULL, NULL, NULL, NULL, 817),
(906, 50, 18, NULL, NULL, NULL, NULL, 440),
(907, 50, 19, NULL, NULL, NULL, NULL, 343),
(908, 50, 10, NULL, NULL, NULL, NULL, 149),
(909, 50, 12, 86, NULL, NULL, NULL, NULL),
(910, 50, 13, 87, NULL, NULL, NULL, NULL),
(911, 50, 14, 90, NULL, NULL, NULL, NULL),
(912, 50, 15, 92, NULL, NULL, NULL, NULL),
(913, 50, 11, NULL, NULL, 'Japan', NULL, NULL),
(914, 50, 20, 16000, NULL, NULL, NULL, NULL),
(915, 51, 3, NULL, '6655', NULL, NULL, NULL),
(916, 51, 26, NULL, NULL, NULL, NULL, 399),
(917, 51, 23, NULL, NULL, NULL, NULL, 465),
(918, 51, 27, NULL, NULL, NULL, NULL, 401),
(919, 51, 16, NULL, NULL, NULL, NULL, 164),
(920, 51, 17, NULL, NULL, NULL, NULL, 264),
(921, 51, 9, NULL, NULL, NULL, NULL, 128),
(922, 51, 8, NULL, NULL, NULL, NULL, 121),
(923, 51, 7, NULL, NULL, NULL, NULL, 99),
(924, 51, 28, NULL, NULL, NULL, NULL, 817),
(925, 51, 18, NULL, NULL, NULL, NULL, 439),
(926, 51, 19, NULL, NULL, NULL, NULL, 343),
(927, 51, 10, NULL, NULL, NULL, NULL, 147),
(928, 51, 12, 95, NULL, NULL, NULL, NULL),
(929, 51, 13, 96, NULL, NULL, NULL, NULL),
(930, 51, 14, 97, NULL, NULL, NULL, NULL),
(931, 51, 15, 98, NULL, NULL, NULL, NULL),
(932, 51, 11, NULL, NULL, 'Japan', NULL, NULL),
(933, 51, 20, 16000, NULL, NULL, NULL, NULL),
(934, 52, 3, NULL, '3104', NULL, NULL, NULL),
(935, 52, 26, NULL, NULL, NULL, NULL, 400),
(936, 52, 23, NULL, NULL, NULL, NULL, 463),
(937, 52, 27, NULL, NULL, NULL, NULL, 401),
(938, 52, 16, NULL, NULL, NULL, NULL, 159),
(939, 52, 17, NULL, NULL, NULL, NULL, 737),
(940, 52, 9, NULL, NULL, NULL, NULL, 128),
(941, 52, 8, NULL, NULL, NULL, NULL, 121),
(942, 52, 7, NULL, NULL, NULL, NULL, 100),
(943, 52, 28, NULL, NULL, NULL, NULL, 814),
(944, 52, 18, NULL, NULL, NULL, NULL, 441),
(945, 52, 19, NULL, NULL, NULL, NULL, 345),
(946, 52, 10, NULL, NULL, NULL, NULL, 145),
(947, 52, 12, 40, NULL, NULL, NULL, NULL),
(948, 52, 11, NULL, NULL, 'Japan', NULL, NULL),
(949, 52, 20, 2000, NULL, NULL, NULL, NULL),
(950, 53, 3, NULL, '3113', NULL, NULL, NULL),
(951, 53, 26, NULL, NULL, NULL, NULL, 400),
(952, 53, 23, NULL, NULL, NULL, NULL, 463),
(953, 53, 27, NULL, NULL, NULL, NULL, 401),
(954, 53, 16, NULL, NULL, NULL, NULL, 159),
(955, 53, 17, NULL, NULL, NULL, NULL, 716),
(956, 53, 9, NULL, NULL, NULL, NULL, 128),
(957, 53, 8, NULL, NULL, NULL, NULL, 121),
(958, 53, 7, NULL, NULL, NULL, NULL, 104),
(959, 53, 28, NULL, NULL, NULL, NULL, 814),
(960, 53, 18, NULL, NULL, NULL, NULL, 451),
(961, 53, 19, NULL, NULL, NULL, NULL, 345),
(962, 53, 10, NULL, NULL, NULL, NULL, 142),
(963, 53, 12, 58, NULL, NULL, NULL, NULL),
(964, 53, 11, NULL, NULL, 'USA', NULL, NULL),
(965, 53, 20, 3000, NULL, NULL, NULL, NULL),
(966, 54, 3, NULL, '3115', NULL, NULL, NULL),
(967, 54, 26, NULL, NULL, NULL, NULL, 400),
(968, 54, 23, NULL, NULL, NULL, NULL, 465),
(969, 54, 27, NULL, NULL, NULL, NULL, 401),
(970, 54, 16, NULL, NULL, NULL, NULL, 159),
(971, 54, 17, NULL, NULL, NULL, NULL, 738),
(972, 54, 9, NULL, NULL, NULL, NULL, 128),
(973, 54, 8, NULL, NULL, NULL, NULL, 121),
(974, 54, 7, NULL, NULL, NULL, NULL, 104),
(975, 54, 28, NULL, NULL, NULL, NULL, 815),
(976, 54, 18, NULL, NULL, NULL, NULL, 452),
(977, 54, 19, NULL, NULL, NULL, NULL, 343),
(978, 54, 10, NULL, NULL, NULL, NULL, 138),
(979, 54, 12, 50, NULL, NULL, NULL, NULL),
(980, 54, 13, 61, NULL, NULL, NULL, NULL),
(981, 54, 11, NULL, NULL, 'Japan', NULL, NULL),
(982, 54, 20, 4000, NULL, NULL, NULL, NULL),
(983, 55, 3, NULL, '3089', NULL, NULL, NULL),
(984, 55, 26, NULL, NULL, NULL, NULL, 400),
(985, 55, 23, NULL, NULL, NULL, NULL, 463),
(986, 55, 27, NULL, NULL, NULL, NULL, 401),
(987, 55, 16, NULL, NULL, NULL, NULL, 162),
(988, 55, 17, NULL, NULL, NULL, NULL, 739),
(989, 55, 9, NULL, NULL, NULL, NULL, 128),
(990, 55, 8, NULL, NULL, NULL, NULL, 121),
(991, 55, 7, NULL, NULL, NULL, NULL, 105),
(992, 55, 28, NULL, NULL, NULL, NULL, 815),
(993, 55, 18, NULL, NULL, NULL, NULL, 454),
(994, 55, 19, NULL, NULL, NULL, NULL, 345),
(995, 55, 10, NULL, NULL, NULL, NULL, 146),
(996, 55, 12, 100, NULL, NULL, NULL, NULL),
(997, 55, 13, 100, NULL, NULL, NULL, NULL),
(998, 55, 11, NULL, NULL, 'USA', NULL, NULL),
(999, 55, 20, 8400, NULL, NULL, NULL, NULL),
(1000, 56, 3, NULL, '1011', NULL, NULL, NULL),
(1001, 56, 26, NULL, NULL, NULL, NULL, 400),
(1002, 56, 23, NULL, NULL, NULL, NULL, 463),
(1003, 56, 27, NULL, NULL, NULL, NULL, 401),
(1004, 56, 16, NULL, NULL, NULL, NULL, 185),
(1005, 56, 17, NULL, NULL, NULL, NULL, 209),
(1006, 56, 9, NULL, NULL, NULL, NULL, 129),
(1007, 56, 8, NULL, NULL, NULL, NULL, 115),
(1008, 56, 7, NULL, NULL, NULL, NULL, 99),
(1009, 56, 28, NULL, NULL, NULL, NULL, 815),
(1010, 56, 18, NULL, NULL, NULL, NULL, 423),
(1011, 56, 19, NULL, NULL, NULL, NULL, 349),
(1012, 56, 10, NULL, NULL, NULL, NULL, 151),
(1013, 56, 12, 65, NULL, NULL, NULL, NULL),
(1014, 56, 13, 70, NULL, NULL, NULL, NULL),
(1015, 56, 11, NULL, NULL, 'Japan', NULL, NULL),
(1016, 56, 20, 7900, NULL, NULL, NULL, NULL),
(1017, 57, 3, NULL, '7028', NULL, NULL, NULL),
(1018, 57, 26, NULL, NULL, NULL, NULL, 399),
(1019, 57, 23, NULL, NULL, NULL, NULL, 463),
(1020, 57, 27, NULL, NULL, NULL, NULL, 401),
(1021, 57, 16, NULL, NULL, NULL, NULL, 168),
(1022, 57, 17, NULL, NULL, NULL, NULL, 740),
(1023, 57, 9, NULL, NULL, NULL, NULL, 129),
(1024, 57, 8, NULL, NULL, NULL, NULL, 115),
(1025, 57, 7, NULL, NULL, NULL, NULL, 99),
(1026, 57, 28, NULL, NULL, NULL, NULL, 817),
(1027, 57, 18, NULL, NULL, NULL, NULL, 423),
(1028, 57, 19, NULL, NULL, NULL, NULL, 349),
(1029, 57, 10, NULL, NULL, NULL, NULL, 149),
(1030, 57, 12, 42, NULL, NULL, NULL, NULL),
(1031, 57, 13, 43, NULL, NULL, NULL, NULL),
(1032, 57, 14, 58, NULL, NULL, NULL, NULL),
(1033, 57, 15, 59, NULL, NULL, NULL, NULL),
(1034, 57, 11, NULL, NULL, 'Japan', NULL, NULL),
(1035, 57, 20, 10000, NULL, NULL, NULL, NULL),
(1036, 58, 3, NULL, '7207', NULL, NULL, NULL),
(1037, 58, 26, NULL, NULL, NULL, NULL, 399),
(1038, 58, 23, NULL, NULL, NULL, NULL, 463),
(1039, 58, 27, NULL, NULL, NULL, NULL, 401),
(1040, 58, 16, NULL, NULL, NULL, NULL, 159),
(1041, 58, 17, NULL, NULL, NULL, NULL, 707),
(1042, 58, 9, NULL, NULL, NULL, NULL, 129),
(1043, 58, 8, NULL, NULL, NULL, NULL, 115),
(1044, 58, 7, NULL, NULL, NULL, NULL, 99),
(1045, 58, 28, NULL, NULL, NULL, NULL, 815),
(1046, 58, 18, NULL, NULL, NULL, NULL, 423),
(1047, 58, 19, NULL, NULL, NULL, NULL, 349),
(1048, 58, 10, NULL, NULL, NULL, NULL, 153),
(1049, 58, 12, 71, NULL, NULL, NULL, NULL),
(1050, 58, 13, 74, NULL, NULL, NULL, NULL),
(1051, 58, 11, NULL, NULL, 'Japan', NULL, NULL),
(1052, 58, 20, 7900, NULL, NULL, NULL, NULL),
(1053, 59, 3, NULL, '7098', NULL, NULL, NULL),
(1054, 59, 26, NULL, NULL, NULL, NULL, 399),
(1055, 59, 23, NULL, NULL, NULL, NULL, 463),
(1056, 59, 27, NULL, NULL, NULL, NULL, 401),
(1057, 59, 16, NULL, NULL, NULL, NULL, 159),
(1058, 59, 17, NULL, NULL, NULL, NULL, 286),
(1059, 59, 9, NULL, NULL, NULL, NULL, 129),
(1060, 59, 8, NULL, NULL, NULL, NULL, 115),
(1061, 59, 7, NULL, NULL, NULL, NULL, 101),
(1062, 59, 28, NULL, NULL, NULL, NULL, 815),
(1063, 59, 18, NULL, NULL, NULL, NULL, 430),
(1064, 59, 19, NULL, NULL, NULL, NULL, 349),
(1065, 59, 10, NULL, NULL, NULL, NULL, 147),
(1066, 59, 12, 57, NULL, NULL, NULL, NULL),
(1067, 59, 13, 58, NULL, NULL, NULL, NULL),
(1068, 59, 11, NULL, NULL, 'Japan', NULL, NULL),
(1069, 59, 20, 6000, NULL, NULL, NULL, NULL),
(1070, 60, 3, NULL, '7104', NULL, NULL, NULL),
(1071, 60, 26, NULL, NULL, NULL, NULL, 399),
(1072, 60, 23, NULL, NULL, NULL, NULL, 463),
(1073, 60, 27, NULL, NULL, NULL, NULL, 401),
(1074, 60, 16, NULL, NULL, NULL, NULL, 181),
(1075, 60, 17, NULL, NULL, NULL, NULL, 274),
(1076, 60, 9, NULL, NULL, NULL, NULL, 129),
(1077, 60, 8, NULL, NULL, NULL, NULL, 115),
(1078, 60, 7, NULL, NULL, NULL, NULL, 101),
(1079, 60, 28, NULL, NULL, NULL, NULL, 815),
(1080, 60, 18, NULL, NULL, NULL, NULL, 430),
(1081, 60, 19, NULL, NULL, NULL, NULL, 349),
(1082, 60, 10, NULL, NULL, NULL, NULL, 150),
(1083, 60, 12, 66, NULL, NULL, NULL, NULL),
(1084, 60, 13, 63, NULL, NULL, NULL, NULL),
(1085, 60, 11, NULL, NULL, 'Korea', NULL, NULL),
(1086, 60, 20, 7000, NULL, NULL, NULL, NULL),
(1087, 61, 3, NULL, '7899-2', NULL, NULL, NULL),
(1088, 61, 26, NULL, NULL, NULL, NULL, 399),
(1089, 61, 23, NULL, NULL, NULL, NULL, 463),
(1090, 61, 27, NULL, NULL, NULL, NULL, 401),
(1091, 61, 16, NULL, NULL, NULL, NULL, 185),
(1092, 61, 17, NULL, NULL, NULL, NULL, 310),
(1093, 61, 9, NULL, NULL, NULL, NULL, 129),
(1094, 61, 8, NULL, NULL, NULL, NULL, 115),
(1095, 61, 7, NULL, NULL, NULL, NULL, 102),
(1096, 61, 28, NULL, NULL, NULL, NULL, 815),
(1097, 61, 18, NULL, NULL, NULL, NULL, 431),
(1098, 61, 19, NULL, NULL, NULL, NULL, 349),
(1099, 61, 10, NULL, NULL, NULL, NULL, 149),
(1100, 61, 12, 70, NULL, NULL, NULL, NULL),
(1101, 61, 13, 71, NULL, NULL, NULL, NULL),
(1102, 61, 11, NULL, NULL, 'Japan', NULL, NULL),
(1103, 61, 20, 9900, NULL, NULL, NULL, NULL),
(1104, 62, 3, NULL, '7983', NULL, NULL, NULL),
(1105, 62, 26, NULL, NULL, NULL, NULL, 399),
(1106, 62, 23, NULL, NULL, NULL, NULL, 463),
(1107, 62, 27, NULL, NULL, NULL, NULL, 401),
(1108, 62, 16, NULL, NULL, NULL, NULL, 177),
(1109, 62, 17, NULL, NULL, NULL, NULL, 278),
(1110, 62, 9, NULL, NULL, NULL, NULL, 129),
(1111, 62, 8, NULL, NULL, NULL, NULL, 115),
(1112, 62, 7, NULL, NULL, NULL, NULL, 102),
(1113, 62, 28, NULL, NULL, NULL, NULL, 817),
(1114, 62, 18, NULL, NULL, NULL, NULL, 431),
(1115, 62, 19, NULL, NULL, NULL, NULL, 348),
(1116, 62, 10, NULL, NULL, NULL, NULL, 154),
(1117, 62, 12, 999, NULL, NULL, NULL, NULL),
(1118, 62, 13, 999, NULL, NULL, NULL, NULL),
(1119, 62, 14, 999, NULL, NULL, NULL, NULL),
(1120, 62, 15, 999, NULL, NULL, NULL, NULL),
(1121, 62, 11, NULL, NULL, 'Taiwan', NULL, NULL),
(1122, 62, 20, 18900, NULL, NULL, NULL, NULL),
(1123, 63, 3, NULL, '7112', NULL, NULL, NULL),
(1124, 63, 26, NULL, NULL, NULL, NULL, 399),
(1125, 63, 23, NULL, NULL, NULL, NULL, 463),
(1126, 63, 27, NULL, NULL, NULL, NULL, 401),
(1127, 63, 16, NULL, NULL, NULL, NULL, 159),
(1128, 63, 17, NULL, NULL, NULL, NULL, 293),
(1129, 63, 9, NULL, NULL, NULL, NULL, 129),
(1130, 63, 8, NULL, NULL, NULL, NULL, 115),
(1131, 63, 7, NULL, NULL, NULL, NULL, 103),
(1132, 63, 28, NULL, NULL, NULL, NULL, 815),
(1133, 63, 18, NULL, NULL, NULL, NULL, 434),
(1134, 63, 19, NULL, NULL, NULL, NULL, 350),
(1135, 63, 10, NULL, NULL, NULL, NULL, 150),
(1136, 63, 12, 68, NULL, NULL, NULL, NULL),
(1137, 63, 13, 69, NULL, NULL, NULL, NULL),
(1138, 63, 11, NULL, NULL, 'Japan', NULL, NULL),
(1139, 63, 20, 10900, NULL, NULL, NULL, NULL),
(1140, 64, 3, NULL, '7772-2', NULL, NULL, NULL),
(1141, 64, 26, NULL, NULL, NULL, NULL, 399),
(1142, 64, 23, NULL, NULL, NULL, NULL, 463),
(1143, 64, 27, NULL, NULL, NULL, NULL, 401),
(1144, 64, 16, NULL, NULL, NULL, NULL, 165),
(1145, 64, 17, NULL, NULL, NULL, NULL, 231),
(1146, 64, 9, NULL, NULL, NULL, NULL, 129),
(1147, 64, 8, NULL, NULL, NULL, NULL, 115),
(1148, 64, 7, NULL, NULL, NULL, NULL, 103),
(1149, 64, 28, NULL, NULL, NULL, NULL, 814),
(1150, 64, 18, NULL, NULL, NULL, NULL, 461),
(1151, 64, 19, NULL, NULL, NULL, NULL, 352),
(1152, 64, 10, NULL, NULL, NULL, NULL, 140),
(1153, 64, 12, 52, NULL, NULL, NULL, NULL),
(1154, 64, 11, NULL, NULL, 'Japan', NULL, NULL),
(1155, 64, 20, 1400, NULL, NULL, NULL, NULL),
(1156, 65, 3, NULL, '7772-3', NULL, NULL, NULL),
(1157, 65, 26, NULL, NULL, NULL, NULL, 399),
(1158, 65, 23, NULL, NULL, NULL, NULL, 463),
(1159, 65, 27, NULL, NULL, NULL, NULL, 401),
(1160, 65, 16, NULL, NULL, NULL, NULL, 178),
(1161, 65, 17, NULL, NULL, NULL, NULL, 273),
(1162, 65, 9, NULL, NULL, NULL, NULL, 129),
(1163, 65, 8, NULL, NULL, NULL, NULL, 115),
(1164, 65, 7, NULL, NULL, NULL, NULL, 103),
(1165, 65, 28, NULL, NULL, NULL, NULL, 814),
(1166, 65, 18, NULL, NULL, NULL, NULL, 438),
(1167, 65, 19, NULL, NULL, NULL, NULL, 349),
(1168, 65, 10, NULL, NULL, NULL, NULL, 153),
(1169, 65, 12, 80, NULL, NULL, NULL, NULL),
(1170, 65, 11, NULL, NULL, 'Korea', NULL, NULL),
(1171, 65, 20, 4000, NULL, NULL, NULL, NULL),
(1172, 66, 3, NULL, '7827-2', NULL, NULL, NULL),
(1173, 66, 26, NULL, NULL, NULL, NULL, 399),
(1174, 66, 23, NULL, NULL, NULL, NULL, 463),
(1175, 66, 27, NULL, NULL, NULL, NULL, 401),
(1176, 66, 16, NULL, NULL, NULL, NULL, 183),
(1177, 66, 17, NULL, NULL, NULL, NULL, 741),
(1178, 66, 9, NULL, NULL, NULL, NULL, 129),
(1179, 66, 8, NULL, NULL, NULL, NULL, 115),
(1180, 66, 7, NULL, NULL, NULL, NULL, 103),
(1181, 66, 28, NULL, NULL, NULL, NULL, 815),
(1182, 66, 18, NULL, NULL, NULL, NULL, 438),
(1183, 66, 19, NULL, NULL, NULL, NULL, 350),
(1184, 66, 10, NULL, NULL, NULL, NULL, 154),
(1185, 66, 12, 55, NULL, NULL, NULL, NULL),
(1186, 66, 13, 60, NULL, NULL, NULL, NULL),
(1187, 66, 11, NULL, NULL, 'Japan', NULL, NULL);
INSERT INTO `good_attribute` (`id`, `good_id`, `attribute_id`, `int_value`, `varchar_value`, `text_value`, `float_value`, `variant_id`) VALUES
(1188, 66, 20, 8800, NULL, NULL, NULL, NULL),
(1189, 67, 3, NULL, '7828-2', NULL, NULL, NULL),
(1190, 67, 26, NULL, NULL, NULL, NULL, 399),
(1191, 67, 23, NULL, NULL, NULL, NULL, 463),
(1192, 67, 27, NULL, NULL, NULL, NULL, 401),
(1193, 67, 16, NULL, NULL, NULL, NULL, 159),
(1194, 67, 17, NULL, NULL, NULL, NULL, 287),
(1195, 67, 9, NULL, NULL, NULL, NULL, 129),
(1196, 67, 8, NULL, NULL, NULL, NULL, 115),
(1197, 67, 7, NULL, NULL, NULL, NULL, 103),
(1198, 67, 28, NULL, NULL, NULL, NULL, 815),
(1199, 67, 18, NULL, NULL, NULL, NULL, 434),
(1200, 67, 19, NULL, NULL, NULL, NULL, 349),
(1201, 67, 10, NULL, NULL, NULL, NULL, 150),
(1202, 67, 12, 48, NULL, NULL, NULL, NULL),
(1203, 67, 13, 48, NULL, NULL, NULL, NULL),
(1204, 67, 11, NULL, NULL, 'Japan', NULL, NULL),
(1205, 67, 20, 7000, NULL, NULL, NULL, NULL),
(1206, 68, 3, NULL, '7868-2', NULL, NULL, NULL),
(1207, 68, 26, NULL, NULL, NULL, NULL, 399),
(1208, 68, 23, NULL, NULL, NULL, NULL, 463),
(1209, 68, 27, NULL, NULL, NULL, NULL, 401),
(1210, 68, 16, NULL, NULL, NULL, NULL, 183),
(1211, 68, 17, NULL, NULL, NULL, NULL, 297),
(1212, 68, 9, NULL, NULL, NULL, NULL, 129),
(1213, 68, 8, NULL, NULL, NULL, NULL, 115),
(1214, 68, 7, NULL, NULL, NULL, NULL, 103),
(1215, 68, 28, NULL, NULL, NULL, NULL, 815),
(1216, 68, 18, NULL, NULL, NULL, NULL, 438),
(1217, 68, 19, NULL, NULL, NULL, NULL, 349),
(1218, 68, 10, NULL, NULL, NULL, NULL, 144),
(1219, 68, 12, 40, NULL, NULL, NULL, NULL),
(1220, 68, 13, 43, NULL, NULL, NULL, NULL),
(1221, 68, 11, NULL, NULL, 'Japan', NULL, NULL),
(1222, 68, 20, 5900, NULL, NULL, NULL, NULL),
(1223, 69, 3, NULL, '7767-1', NULL, NULL, NULL),
(1224, 69, 26, NULL, NULL, NULL, NULL, 399),
(1225, 69, 23, NULL, NULL, NULL, NULL, 463),
(1226, 69, 27, NULL, NULL, NULL, NULL, 401),
(1227, 69, 16, NULL, NULL, NULL, NULL, 159),
(1228, 69, 17, NULL, NULL, NULL, NULL, 706),
(1229, 69, 9, NULL, NULL, NULL, NULL, 129),
(1230, 69, 8, NULL, NULL, NULL, NULL, 116),
(1231, 69, 7, NULL, NULL, NULL, NULL, 98),
(1232, 69, 28, NULL, NULL, NULL, NULL, 815),
(1233, 69, 18, NULL, NULL, NULL, NULL, 424),
(1234, 69, 19, NULL, NULL, NULL, NULL, 349),
(1235, 69, 10, NULL, NULL, NULL, NULL, 149),
(1236, 69, 12, 54, NULL, NULL, NULL, NULL),
(1237, 69, 13, 54, NULL, NULL, NULL, NULL),
(1238, 69, 11, NULL, NULL, 'Japan', NULL, NULL),
(1239, 69, 20, 6600, NULL, NULL, NULL, NULL),
(1240, 70, 3, NULL, '1031', NULL, NULL, NULL),
(1241, 70, 26, NULL, NULL, NULL, NULL, 400),
(1242, 70, 23, NULL, NULL, NULL, NULL, 463),
(1243, 70, 27, NULL, NULL, NULL, NULL, 401),
(1244, 70, 16, NULL, NULL, NULL, NULL, 162),
(1245, 70, 17, NULL, NULL, NULL, NULL, 742),
(1246, 70, 9, NULL, NULL, NULL, NULL, 129),
(1247, 70, 8, NULL, NULL, NULL, NULL, 116),
(1248, 70, 7, NULL, NULL, NULL, NULL, 99),
(1249, 70, 28, NULL, NULL, NULL, NULL, 815),
(1250, 70, 18, NULL, NULL, NULL, NULL, 431),
(1251, 70, 19, NULL, NULL, NULL, NULL, 350),
(1252, 70, 10, NULL, NULL, NULL, NULL, 150),
(1253, 70, 12, 30, NULL, NULL, NULL, NULL),
(1254, 70, 13, 30, NULL, NULL, NULL, NULL),
(1255, 70, 11, NULL, NULL, 'Japan', NULL, NULL),
(1256, 70, 20, 999, NULL, NULL, NULL, NULL),
(1257, 71, 3, NULL, '7088', NULL, NULL, NULL),
(1258, 71, 26, NULL, NULL, NULL, NULL, 399),
(1259, 71, 23, NULL, NULL, NULL, NULL, 463),
(1260, 71, 27, NULL, NULL, NULL, NULL, 401),
(1261, 71, 16, NULL, NULL, NULL, NULL, 183),
(1262, 71, 17, NULL, NULL, NULL, NULL, 325),
(1263, 71, 9, NULL, NULL, NULL, NULL, 129),
(1264, 71, 8, NULL, NULL, NULL, NULL, 116),
(1265, 71, 7, NULL, NULL, NULL, NULL, 99),
(1266, 71, 28, NULL, NULL, NULL, NULL, 817),
(1267, 71, 18, NULL, NULL, NULL, NULL, 431),
(1268, 71, 19, NULL, NULL, NULL, NULL, 349),
(1269, 71, 10, NULL, NULL, NULL, NULL, 151),
(1270, 71, 12, 51, NULL, NULL, NULL, NULL),
(1271, 71, 13, 53, NULL, NULL, NULL, NULL),
(1272, 71, 14, 59, NULL, NULL, NULL, NULL),
(1273, 71, 15, 60, NULL, NULL, NULL, NULL),
(1274, 71, 11, NULL, NULL, 'Japan', NULL, NULL),
(1275, 71, 20, 12900, NULL, NULL, NULL, NULL),
(1276, 72, 3, NULL, '7094', NULL, NULL, NULL),
(1277, 72, 26, NULL, NULL, NULL, NULL, 399),
(1278, 72, 23, NULL, NULL, NULL, NULL, 463),
(1279, 72, 27, NULL, NULL, NULL, NULL, 401),
(1280, 72, 16, NULL, NULL, NULL, NULL, 159),
(1281, 72, 17, NULL, NULL, NULL, NULL, 287),
(1282, 72, 9, NULL, NULL, NULL, NULL, 129),
(1283, 72, 8, NULL, NULL, NULL, NULL, 116),
(1284, 72, 7, NULL, NULL, NULL, NULL, 99),
(1285, 72, 28, NULL, NULL, NULL, NULL, 817),
(1286, 72, 18, NULL, NULL, NULL, NULL, 427),
(1287, 72, 19, NULL, NULL, NULL, NULL, 349),
(1288, 72, 10, NULL, NULL, NULL, NULL, 150),
(1289, 72, 12, 50, NULL, NULL, NULL, NULL),
(1290, 72, 13, 53, NULL, NULL, NULL, NULL),
(1291, 72, 14, 55, NULL, NULL, NULL, NULL),
(1292, 72, 15, 60, NULL, NULL, NULL, NULL),
(1293, 72, 11, NULL, NULL, 'Japan', NULL, NULL),
(1294, 72, 20, 12900, NULL, NULL, NULL, NULL),
(1295, 73, 3, NULL, '7107-2', NULL, NULL, NULL),
(1296, 73, 26, NULL, NULL, NULL, NULL, 399),
(1297, 73, 23, NULL, NULL, NULL, NULL, 463),
(1298, 73, 27, NULL, NULL, NULL, NULL, 401),
(1299, 73, 16, NULL, NULL, NULL, NULL, 159),
(1300, 73, 17, NULL, NULL, NULL, NULL, 706),
(1301, 73, 9, NULL, NULL, NULL, NULL, 129),
(1302, 73, 8, NULL, NULL, NULL, NULL, 116),
(1303, 73, 7, NULL, NULL, NULL, NULL, 99),
(1304, 73, 28, NULL, NULL, NULL, NULL, 815),
(1305, 73, 18, NULL, NULL, NULL, NULL, 427),
(1306, 73, 19, NULL, NULL, NULL, NULL, 349),
(1307, 73, 10, NULL, NULL, NULL, NULL, 146),
(1308, 73, 12, 52, NULL, NULL, NULL, NULL),
(1309, 73, 13, 60, NULL, NULL, NULL, NULL),
(1310, 73, 11, NULL, NULL, 'Japan', NULL, NULL),
(1311, 73, 20, 6600, NULL, NULL, NULL, NULL),
(1312, 74, 3, NULL, '7152', NULL, NULL, NULL),
(1313, 74, 26, NULL, NULL, NULL, NULL, 399),
(1314, 74, 23, NULL, NULL, NULL, NULL, 463),
(1315, 74, 27, NULL, NULL, NULL, NULL, 401),
(1316, 74, 16, NULL, NULL, NULL, NULL, 159),
(1317, 74, 17, NULL, NULL, NULL, NULL, 293),
(1318, 74, 9, NULL, NULL, NULL, NULL, 129),
(1319, 74, 8, NULL, NULL, NULL, NULL, 116),
(1320, 74, 7, NULL, NULL, NULL, NULL, 99),
(1321, 74, 28, NULL, NULL, NULL, NULL, 815),
(1322, 74, 18, NULL, NULL, NULL, NULL, 427),
(1323, 74, 19, NULL, NULL, NULL, NULL, 349),
(1324, 74, 10, NULL, NULL, NULL, NULL, 149),
(1325, 74, 12, 999, NULL, NULL, NULL, NULL),
(1326, 74, 13, 999, NULL, NULL, NULL, NULL),
(1327, 74, 11, NULL, NULL, 'Japan', NULL, NULL),
(1328, 74, 20, 8800, NULL, NULL, NULL, NULL),
(1329, 75, 3, NULL, '7156', NULL, NULL, NULL),
(1330, 75, 26, NULL, NULL, NULL, NULL, 399),
(1331, 75, 23, NULL, NULL, NULL, NULL, 463),
(1332, 75, 27, NULL, NULL, NULL, NULL, 401),
(1333, 75, 16, NULL, NULL, NULL, NULL, 161),
(1334, 75, 17, NULL, NULL, NULL, NULL, 320),
(1335, 75, 9, NULL, NULL, NULL, NULL, 129),
(1336, 75, 8, NULL, NULL, NULL, NULL, 116),
(1337, 75, 7, NULL, NULL, NULL, NULL, 99),
(1338, 75, 28, NULL, NULL, NULL, NULL, 817),
(1339, 75, 18, NULL, NULL, NULL, NULL, 427),
(1340, 75, 19, NULL, NULL, NULL, NULL, 348),
(1341, 75, 10, NULL, NULL, NULL, NULL, 151),
(1342, 75, 12, 999, NULL, NULL, NULL, NULL),
(1343, 75, 13, 999, NULL, NULL, NULL, NULL),
(1344, 75, 14, 999, NULL, NULL, NULL, NULL),
(1345, 75, 15, 999, NULL, NULL, NULL, NULL),
(1346, 75, 11, NULL, NULL, 'Germany', NULL, NULL),
(1347, 75, 20, 18900, NULL, NULL, NULL, NULL),
(1348, 76, 3, NULL, '7258', NULL, NULL, NULL),
(1349, 76, 26, NULL, NULL, NULL, NULL, 399),
(1350, 76, 23, NULL, NULL, NULL, NULL, 463),
(1351, 76, 27, NULL, NULL, NULL, NULL, 402),
(1352, 76, 16, NULL, NULL, NULL, NULL, 159),
(1353, 76, 17, NULL, NULL, NULL, NULL, 743),
(1354, 76, 9, NULL, NULL, NULL, NULL, 129),
(1355, 76, 8, NULL, NULL, NULL, NULL, 116),
(1356, 76, 7, NULL, NULL, NULL, NULL, 99),
(1357, 76, 28, NULL, NULL, NULL, NULL, 817),
(1358, 76, 18, NULL, NULL, NULL, NULL, 461),
(1359, 76, 19, NULL, NULL, NULL, NULL, 352),
(1360, 76, 10, NULL, NULL, NULL, NULL, 143),
(1361, 76, 12, 45, NULL, NULL, NULL, NULL),
(1362, 76, 13, 50, NULL, NULL, NULL, NULL),
(1363, 76, 14, 50, NULL, NULL, NULL, NULL),
(1364, 76, 15, 60, NULL, NULL, NULL, NULL),
(1365, 76, 11, NULL, NULL, 'Japan', NULL, NULL),
(1366, 76, 20, 8900, NULL, NULL, NULL, NULL),
(1367, 77, 3, NULL, '7261', NULL, NULL, NULL),
(1368, 77, 26, NULL, NULL, NULL, NULL, 399),
(1369, 77, 23, NULL, NULL, NULL, NULL, 463),
(1370, 77, 27, NULL, NULL, NULL, NULL, 402),
(1371, 77, 16, NULL, NULL, NULL, NULL, 159),
(1372, 77, 17, NULL, NULL, NULL, NULL, 744),
(1373, 77, 9, NULL, NULL, NULL, NULL, 129),
(1374, 77, 8, NULL, NULL, NULL, NULL, 116),
(1375, 77, 7, NULL, NULL, NULL, NULL, 99),
(1376, 77, 28, NULL, NULL, NULL, NULL, 815),
(1377, 77, 18, NULL, NULL, NULL, NULL, 427),
(1378, 77, 19, NULL, NULL, NULL, NULL, 349),
(1379, 77, 10, NULL, NULL, NULL, NULL, 152),
(1380, 77, 12, 69, NULL, NULL, NULL, NULL),
(1381, 77, 13, 70, NULL, NULL, NULL, NULL),
(1382, 77, 11, NULL, NULL, 'Japan', NULL, NULL),
(1383, 77, 20, 6500, NULL, NULL, NULL, NULL),
(1384, 78, 3, NULL, '7724', NULL, NULL, NULL),
(1385, 78, 26, NULL, NULL, NULL, NULL, 399),
(1386, 78, 23, NULL, NULL, NULL, NULL, 463),
(1387, 78, 27, NULL, NULL, NULL, NULL, 401),
(1388, 78, 16, NULL, NULL, NULL, NULL, 162),
(1389, 78, 17, NULL, NULL, NULL, NULL, 270),
(1390, 78, 9, NULL, NULL, NULL, NULL, 129),
(1391, 78, 8, NULL, NULL, NULL, NULL, 116),
(1392, 78, 7, NULL, NULL, NULL, NULL, 99),
(1393, 78, 28, NULL, NULL, NULL, NULL, 817),
(1394, 78, 18, NULL, NULL, NULL, NULL, 427),
(1395, 78, 19, NULL, NULL, NULL, NULL, 349),
(1396, 78, 10, NULL, NULL, NULL, NULL, 148),
(1397, 78, 12, 69, NULL, NULL, NULL, NULL),
(1398, 78, 13, 70, NULL, NULL, NULL, NULL),
(1399, 78, 14, 72, NULL, NULL, NULL, NULL),
(1400, 78, 15, 73, NULL, NULL, NULL, NULL),
(1401, 78, 11, NULL, NULL, 'Japan', NULL, NULL),
(1402, 78, 20, 15500, NULL, NULL, NULL, NULL),
(1403, 79, 3, NULL, '7729', NULL, NULL, NULL),
(1404, 79, 26, NULL, NULL, NULL, NULL, 399),
(1405, 79, 23, NULL, NULL, NULL, NULL, 463),
(1406, 79, 27, NULL, NULL, NULL, NULL, 401),
(1407, 79, 16, NULL, NULL, NULL, NULL, 159),
(1408, 79, 17, NULL, NULL, NULL, NULL, 225),
(1409, 79, 9, NULL, NULL, NULL, NULL, 129),
(1410, 79, 8, NULL, NULL, NULL, NULL, 116),
(1411, 79, 7, NULL, NULL, NULL, NULL, 99),
(1412, 79, 28, NULL, NULL, NULL, NULL, 817),
(1413, 79, 18, NULL, NULL, NULL, NULL, 427),
(1414, 79, 19, NULL, NULL, NULL, NULL, 349),
(1415, 79, 10, NULL, NULL, NULL, NULL, 151),
(1416, 79, 12, 54, NULL, NULL, NULL, NULL),
(1417, 79, 13, 54, NULL, NULL, NULL, NULL),
(1418, 79, 14, 55, NULL, NULL, NULL, NULL),
(1419, 79, 15, 55, NULL, NULL, NULL, NULL),
(1420, 79, 11, NULL, NULL, 'Japan', NULL, NULL),
(1421, 79, 20, 12500, NULL, NULL, NULL, NULL),
(1422, 80, 3, NULL, '7730-1', NULL, NULL, NULL),
(1423, 80, 26, NULL, NULL, NULL, NULL, 399),
(1424, 80, 23, NULL, NULL, NULL, NULL, 463),
(1425, 80, 27, NULL, NULL, NULL, NULL, 401),
(1426, 80, 16, NULL, NULL, NULL, NULL, 177),
(1427, 80, 17, NULL, NULL, NULL, NULL, 745),
(1428, 80, 9, NULL, NULL, NULL, NULL, 129),
(1429, 80, 8, NULL, NULL, NULL, NULL, 116),
(1430, 80, 7, NULL, NULL, NULL, NULL, 99),
(1431, 80, 28, NULL, NULL, NULL, NULL, 815),
(1432, 80, 18, NULL, NULL, NULL, NULL, 431),
(1433, 80, 19, NULL, NULL, NULL, NULL, 348),
(1434, 80, 10, NULL, NULL, NULL, NULL, 150),
(1435, 80, 12, 999, NULL, NULL, NULL, NULL),
(1436, 80, 13, 999, NULL, NULL, NULL, NULL),
(1437, 80, 11, NULL, NULL, 'Taiwan', NULL, NULL),
(1438, 80, 20, 7600, NULL, NULL, NULL, NULL),
(1439, 81, 3, NULL, '7773', NULL, NULL, NULL),
(1440, 81, 26, NULL, NULL, NULL, NULL, 399),
(1441, 81, 23, NULL, NULL, NULL, NULL, 463),
(1442, 81, 27, NULL, NULL, NULL, NULL, 401),
(1443, 81, 16, NULL, NULL, NULL, NULL, 746),
(1444, 81, 17, NULL, NULL, NULL, NULL, 281),
(1445, 81, 9, NULL, NULL, NULL, NULL, 129),
(1446, 81, 8, NULL, NULL, NULL, NULL, 116),
(1447, 81, 7, NULL, NULL, NULL, NULL, 99),
(1448, 81, 28, NULL, NULL, NULL, NULL, 817),
(1449, 81, 18, NULL, NULL, NULL, NULL, 431),
(1450, 81, 19, NULL, NULL, NULL, NULL, 349),
(1451, 81, 10, NULL, NULL, NULL, NULL, 151),
(1452, 81, 12, 44, NULL, NULL, NULL, NULL),
(1453, 81, 13, 46, NULL, NULL, NULL, NULL),
(1454, 81, 14, 47, NULL, NULL, NULL, NULL),
(1455, 81, 15, 50, NULL, NULL, NULL, NULL),
(1456, 81, 11, NULL, NULL, 'China', NULL, NULL),
(1457, 81, 20, 10500, NULL, NULL, NULL, NULL),
(1458, 82, 3, NULL, '7787-3', NULL, NULL, NULL),
(1459, 82, 26, NULL, NULL, NULL, NULL, 399),
(1460, 82, 23, NULL, NULL, NULL, NULL, 463),
(1461, 82, 27, NULL, NULL, NULL, NULL, 401),
(1462, 82, 16, NULL, NULL, NULL, NULL, 185),
(1463, 82, 17, NULL, NULL, NULL, NULL, 747),
(1464, 82, 9, NULL, NULL, NULL, NULL, 129),
(1465, 82, 8, NULL, NULL, NULL, NULL, 116),
(1466, 82, 7, NULL, NULL, NULL, NULL, 99),
(1467, 82, 28, NULL, NULL, NULL, NULL, 814),
(1468, 82, 18, NULL, NULL, NULL, NULL, 427),
(1469, 82, 19, NULL, NULL, NULL, NULL, 349),
(1470, 82, 10, NULL, NULL, NULL, NULL, 152),
(1471, 82, 12, 65, NULL, NULL, NULL, NULL),
(1472, 82, 11, NULL, NULL, 'Japan', NULL, NULL),
(1473, 82, 20, 2900, NULL, NULL, NULL, NULL),
(1474, 83, 3, NULL, '7805', NULL, NULL, NULL),
(1475, 83, 26, NULL, NULL, NULL, NULL, 399),
(1476, 83, 23, NULL, NULL, NULL, NULL, 463),
(1477, 83, 27, NULL, NULL, NULL, NULL, 401),
(1478, 83, 16, NULL, NULL, NULL, NULL, 169),
(1479, 83, 17, NULL, NULL, NULL, NULL, 280),
(1480, 83, 9, NULL, NULL, NULL, NULL, 129),
(1481, 83, 8, NULL, NULL, NULL, NULL, 116),
(1482, 83, 7, NULL, NULL, NULL, NULL, 99),
(1483, 83, 28, NULL, NULL, NULL, NULL, 817),
(1484, 83, 18, NULL, NULL, NULL, NULL, 431),
(1485, 83, 19, NULL, NULL, NULL, NULL, 349),
(1486, 83, 10, NULL, NULL, NULL, NULL, 150),
(1487, 83, 12, 53, NULL, NULL, NULL, NULL),
(1488, 83, 13, 55, NULL, NULL, NULL, NULL),
(1489, 83, 14, 58, NULL, NULL, NULL, NULL),
(1490, 83, 15, 61, NULL, NULL, NULL, NULL),
(1491, 83, 11, NULL, NULL, 'Korea', NULL, NULL),
(1492, 83, 20, 11900, NULL, NULL, NULL, NULL),
(1493, 84, 3, NULL, '7815', NULL, NULL, NULL),
(1494, 84, 26, NULL, NULL, NULL, NULL, 399),
(1495, 84, 23, NULL, NULL, NULL, NULL, 463),
(1496, 84, 27, NULL, NULL, NULL, NULL, 401),
(1497, 84, 16, NULL, NULL, NULL, NULL, 168),
(1498, 84, 17, NULL, NULL, NULL, NULL, 307),
(1499, 84, 9, NULL, NULL, NULL, NULL, 129),
(1500, 84, 8, NULL, NULL, NULL, NULL, 116),
(1501, 84, 7, NULL, NULL, NULL, NULL, 99),
(1502, 84, 28, NULL, NULL, NULL, NULL, 817),
(1503, 84, 18, NULL, NULL, NULL, NULL, 427),
(1504, 84, 19, NULL, NULL, NULL, NULL, 349),
(1505, 84, 10, NULL, NULL, NULL, NULL, 151),
(1506, 84, 12, 60, NULL, NULL, NULL, NULL),
(1507, 84, 13, 60, NULL, NULL, NULL, NULL),
(1508, 84, 14, 60, NULL, NULL, NULL, NULL),
(1509, 84, 15, 60, NULL, NULL, NULL, NULL),
(1510, 84, 11, NULL, NULL, 'Japan', NULL, NULL),
(1511, 84, 20, 14900, NULL, NULL, NULL, NULL),
(1512, 85, 3, NULL, '7820', NULL, NULL, NULL),
(1513, 85, 26, NULL, NULL, NULL, NULL, 399),
(1514, 85, 23, NULL, NULL, NULL, NULL, 463),
(1515, 85, 27, NULL, NULL, NULL, NULL, 401),
(1516, 85, 16, NULL, NULL, NULL, NULL, 165),
(1517, 85, 17, NULL, NULL, NULL, NULL, 710),
(1518, 85, 9, NULL, NULL, NULL, NULL, 129),
(1519, 85, 8, NULL, NULL, NULL, NULL, 116),
(1520, 85, 7, NULL, NULL, NULL, NULL, 99),
(1521, 85, 28, NULL, NULL, NULL, NULL, 817),
(1522, 85, 18, NULL, NULL, NULL, NULL, 427),
(1523, 85, 19, NULL, NULL, NULL, NULL, 348),
(1524, 85, 10, NULL, NULL, NULL, NULL, 153),
(1525, 85, 12, 60, NULL, NULL, NULL, NULL),
(1526, 85, 13, 62, NULL, NULL, NULL, NULL),
(1527, 85, 14, 62, NULL, NULL, NULL, NULL),
(1528, 85, 15, 65, NULL, NULL, NULL, NULL),
(1529, 85, 11, NULL, NULL, 'Thailand', NULL, NULL),
(1530, 85, 20, 13900, NULL, NULL, NULL, NULL),
(1531, 86, 3, NULL, '7826-1', NULL, NULL, NULL),
(1532, 86, 26, NULL, NULL, NULL, NULL, 399),
(1533, 86, 23, NULL, NULL, NULL, NULL, 463),
(1534, 86, 27, NULL, NULL, NULL, NULL, 401),
(1535, 86, 16, NULL, NULL, NULL, NULL, 185),
(1536, 86, 17, NULL, NULL, NULL, NULL, 198),
(1537, 86, 9, NULL, NULL, NULL, NULL, 129),
(1538, 86, 8, NULL, NULL, NULL, NULL, 116),
(1539, 86, 7, NULL, NULL, NULL, NULL, 99),
(1540, 86, 28, NULL, NULL, NULL, NULL, 815),
(1541, 86, 18, NULL, NULL, NULL, NULL, 431),
(1542, 86, 19, NULL, NULL, NULL, NULL, 349),
(1543, 86, 10, NULL, NULL, NULL, NULL, 153),
(1544, 86, 12, 61, NULL, NULL, NULL, NULL),
(1545, 86, 13, 61, NULL, NULL, NULL, NULL),
(1546, 86, 11, NULL, NULL, 'Japan', NULL, NULL),
(1547, 86, 20, 7500, NULL, NULL, NULL, NULL),
(1548, 87, 3, NULL, '7832', NULL, NULL, NULL),
(1549, 87, 26, NULL, NULL, NULL, NULL, 399),
(1550, 87, 23, NULL, NULL, NULL, NULL, 463),
(1551, 87, 27, NULL, NULL, NULL, NULL, 401),
(1552, 87, 16, NULL, NULL, NULL, NULL, 168),
(1553, 87, 17, NULL, NULL, NULL, NULL, 307),
(1554, 87, 9, NULL, NULL, NULL, NULL, 129),
(1555, 87, 8, NULL, NULL, NULL, NULL, 116),
(1556, 87, 7, NULL, NULL, NULL, NULL, 99),
(1557, 87, 28, NULL, NULL, NULL, NULL, 817),
(1558, 87, 18, NULL, NULL, NULL, NULL, 427),
(1559, 87, 19, NULL, NULL, NULL, NULL, 349),
(1560, 87, 10, NULL, NULL, NULL, NULL, 150),
(1561, 87, 12, 55, NULL, NULL, NULL, NULL),
(1562, 87, 13, 55, NULL, NULL, NULL, NULL),
(1563, 87, 14, 57, NULL, NULL, NULL, NULL),
(1564, 87, 15, 58, NULL, NULL, NULL, NULL),
(1565, 87, 11, NULL, NULL, 'Japan', NULL, NULL),
(1566, 87, 20, 13900, NULL, NULL, NULL, NULL),
(1567, 88, 3, NULL, '7837', NULL, NULL, NULL),
(1568, 88, 26, NULL, NULL, NULL, NULL, 399),
(1569, 88, 23, NULL, NULL, NULL, NULL, 463),
(1570, 88, 27, NULL, NULL, NULL, NULL, 401),
(1571, 88, 16, NULL, NULL, NULL, NULL, 159),
(1572, 88, 17, NULL, NULL, NULL, NULL, 707),
(1573, 88, 9, NULL, NULL, NULL, NULL, 129),
(1574, 88, 8, NULL, NULL, NULL, NULL, 116),
(1575, 88, 7, NULL, NULL, NULL, NULL, 99),
(1576, 88, 28, NULL, NULL, NULL, NULL, 817),
(1577, 88, 18, NULL, NULL, NULL, NULL, 427),
(1578, 88, 19, NULL, NULL, NULL, NULL, 349),
(1579, 88, 10, NULL, NULL, NULL, NULL, 152),
(1580, 88, 12, 68, NULL, NULL, NULL, NULL),
(1581, 88, 13, 69, NULL, NULL, NULL, NULL),
(1582, 88, 14, 70, NULL, NULL, NULL, NULL),
(1583, 88, 15, 71, NULL, NULL, NULL, NULL),
(1584, 88, 11, NULL, NULL, 'Japan', NULL, NULL),
(1585, 88, 20, 17000, NULL, NULL, NULL, NULL),
(1586, 89, 3, NULL, '7846', NULL, NULL, NULL),
(1587, 89, 26, NULL, NULL, NULL, NULL, 399),
(1588, 89, 23, NULL, NULL, NULL, NULL, 463),
(1589, 89, 27, NULL, NULL, NULL, NULL, 401),
(1590, 89, 16, NULL, NULL, NULL, NULL, 162),
(1591, 89, 17, NULL, NULL, NULL, NULL, 748),
(1592, 89, 9, NULL, NULL, NULL, NULL, 129),
(1593, 89, 8, NULL, NULL, NULL, NULL, 116),
(1594, 89, 7, NULL, NULL, NULL, NULL, 99),
(1595, 89, 28, NULL, NULL, NULL, NULL, 817),
(1596, 89, 18, NULL, NULL, NULL, NULL, 431),
(1597, 89, 19, NULL, NULL, NULL, NULL, 349),
(1598, 89, 10, NULL, NULL, NULL, NULL, 151),
(1599, 89, 12, 58, NULL, NULL, NULL, NULL),
(1600, 89, 13, 59, NULL, NULL, NULL, NULL),
(1601, 89, 14, 61, NULL, NULL, NULL, NULL),
(1602, 89, 15, 63, NULL, NULL, NULL, NULL),
(1603, 89, 11, NULL, NULL, 'Japan', NULL, NULL),
(1604, 89, 20, 14900, NULL, NULL, NULL, NULL),
(1605, 90, 3, NULL, '7847', NULL, NULL, NULL),
(1606, 90, 26, NULL, NULL, NULL, NULL, 399),
(1607, 90, 23, NULL, NULL, NULL, NULL, 463),
(1608, 90, 27, NULL, NULL, NULL, NULL, 401),
(1609, 90, 16, NULL, NULL, NULL, NULL, 175),
(1610, 90, 17, NULL, NULL, NULL, NULL, 294),
(1611, 90, 9, NULL, NULL, NULL, NULL, 129),
(1612, 90, 8, NULL, NULL, NULL, NULL, 116),
(1613, 90, 7, NULL, NULL, NULL, NULL, 99),
(1614, 90, 28, NULL, NULL, NULL, NULL, 817),
(1615, 90, 18, NULL, NULL, NULL, NULL, 427),
(1616, 90, 19, NULL, NULL, NULL, NULL, 349),
(1617, 90, 10, NULL, NULL, NULL, NULL, 154),
(1618, 90, 12, 74, NULL, NULL, NULL, NULL),
(1619, 90, 13, 74, NULL, NULL, NULL, NULL),
(1620, 90, 14, 75, NULL, NULL, NULL, NULL),
(1621, 90, 15, 75, NULL, NULL, NULL, NULL),
(1622, 90, 11, NULL, NULL, 'France', NULL, NULL),
(1623, 90, 20, 17000, NULL, NULL, NULL, NULL),
(1624, 91, 3, NULL, '7873', NULL, NULL, NULL),
(1625, 91, 26, NULL, NULL, NULL, NULL, 399),
(1626, 91, 23, NULL, NULL, NULL, NULL, 463),
(1627, 91, 27, NULL, NULL, NULL, NULL, 401),
(1628, 91, 16, NULL, NULL, NULL, NULL, 159),
(1629, 91, 17, NULL, NULL, NULL, NULL, 733),
(1630, 91, 9, NULL, NULL, NULL, NULL, 129),
(1631, 91, 8, NULL, NULL, NULL, NULL, 116),
(1632, 91, 7, NULL, NULL, NULL, NULL, 99),
(1633, 91, 28, NULL, NULL, NULL, NULL, 817),
(1634, 91, 18, NULL, NULL, NULL, NULL, 427),
(1635, 91, 19, NULL, NULL, NULL, NULL, 349),
(1636, 91, 10, NULL, NULL, NULL, NULL, 148),
(1637, 91, 12, 35, NULL, NULL, NULL, NULL),
(1638, 91, 13, 35, NULL, NULL, NULL, NULL),
(1639, 91, 14, 39, NULL, NULL, NULL, NULL),
(1640, 91, 15, 43, NULL, NULL, NULL, NULL),
(1641, 91, 11, NULL, NULL, 'Japan', NULL, NULL),
(1642, 91, 20, 8900, NULL, NULL, NULL, NULL),
(1643, 92, 3, NULL, '7882', NULL, NULL, NULL),
(1644, 92, 26, NULL, NULL, NULL, NULL, 399),
(1645, 92, 23, NULL, NULL, NULL, NULL, 463),
(1646, 92, 27, NULL, NULL, NULL, NULL, 401),
(1647, 92, 16, NULL, NULL, NULL, NULL, 166),
(1648, 92, 17, NULL, NULL, NULL, NULL, 230),
(1649, 92, 9, NULL, NULL, NULL, NULL, 129),
(1650, 92, 8, NULL, NULL, NULL, NULL, 116),
(1651, 92, 7, NULL, NULL, NULL, NULL, 99),
(1652, 92, 28, NULL, NULL, NULL, NULL, 817),
(1653, 92, 18, NULL, NULL, NULL, NULL, 431),
(1654, 92, 19, NULL, NULL, NULL, NULL, 749),
(1655, 92, 10, NULL, NULL, NULL, NULL, 153),
(1656, 92, 12, 71, NULL, NULL, NULL, NULL),
(1657, 92, 13, 72, NULL, NULL, NULL, NULL),
(1658, 92, 14, 73, NULL, NULL, NULL, NULL),
(1659, 92, 15, 73, NULL, NULL, NULL, NULL),
(1660, 92, 11, NULL, NULL, 'China', NULL, NULL),
(1661, 92, 20, 9900, NULL, NULL, NULL, NULL),
(1662, 93, 3, NULL, '7177', NULL, NULL, NULL),
(1663, 93, 26, NULL, NULL, NULL, NULL, 399),
(1664, 93, 23, NULL, NULL, NULL, NULL, 463),
(1665, 93, 27, NULL, NULL, NULL, NULL, 401),
(1666, 93, 16, NULL, NULL, NULL, NULL, 159),
(1667, 93, 17, NULL, NULL, NULL, NULL, 304),
(1668, 93, 9, NULL, NULL, NULL, NULL, 129),
(1669, 93, 8, NULL, NULL, NULL, NULL, 116),
(1670, 93, 7, NULL, NULL, NULL, NULL, 100),
(1671, 93, 28, NULL, NULL, NULL, NULL, 817),
(1672, 93, 18, NULL, NULL, NULL, NULL, 430),
(1673, 93, 19, NULL, NULL, NULL, NULL, 349),
(1674, 93, 10, NULL, NULL, NULL, NULL, 150),
(1675, 93, 12, 59, NULL, NULL, NULL, NULL),
(1676, 93, 13, 61, NULL, NULL, NULL, NULL),
(1677, 93, 14, 65, NULL, NULL, NULL, NULL),
(1678, 93, 15, 68, NULL, NULL, NULL, NULL),
(1679, 93, 11, NULL, NULL, 'Japan', NULL, NULL),
(1680, 93, 20, 16000, NULL, NULL, NULL, NULL),
(1681, 94, 3, NULL, '7268', NULL, NULL, NULL),
(1682, 94, 26, NULL, NULL, NULL, NULL, 399),
(1683, 94, 23, NULL, NULL, NULL, NULL, 463),
(1684, 94, 27, NULL, NULL, NULL, NULL, 402),
(1685, 94, 16, NULL, NULL, NULL, NULL, 185),
(1686, 94, 17, NULL, NULL, NULL, NULL, 750),
(1687, 94, 9, NULL, NULL, NULL, NULL, 129),
(1688, 94, 8, NULL, NULL, NULL, NULL, 116),
(1689, 94, 7, NULL, NULL, NULL, NULL, 100),
(1690, 94, 28, NULL, NULL, NULL, NULL, 817),
(1691, 94, 18, NULL, NULL, NULL, NULL, 431),
(1692, 94, 19, NULL, NULL, NULL, NULL, 349),
(1693, 94, 10, NULL, NULL, NULL, NULL, 151),
(1694, 94, 12, 45, NULL, NULL, NULL, NULL),
(1695, 94, 13, 49, NULL, NULL, NULL, NULL),
(1696, 94, 14, 50, NULL, NULL, NULL, NULL),
(1697, 94, 15, 50, NULL, NULL, NULL, NULL),
(1698, 94, 11, NULL, NULL, 'Japan', NULL, NULL),
(1699, 94, 20, 0, NULL, NULL, NULL, NULL),
(1700, 95, 3, NULL, '7269', NULL, NULL, NULL),
(1701, 95, 26, NULL, NULL, NULL, NULL, 399),
(1702, 95, 23, NULL, NULL, NULL, NULL, 463),
(1703, 95, 27, NULL, NULL, NULL, NULL, 402),
(1704, 95, 16, NULL, NULL, NULL, NULL, 159),
(1705, 95, 17, NULL, NULL, NULL, NULL, 706),
(1706, 95, 9, NULL, NULL, NULL, NULL, 129),
(1707, 95, 8, NULL, NULL, NULL, NULL, 116),
(1708, 95, 7, NULL, NULL, NULL, NULL, 100),
(1709, 95, 28, NULL, NULL, NULL, NULL, 815),
(1710, 95, 18, NULL, NULL, NULL, NULL, 431),
(1711, 95, 19, NULL, NULL, NULL, NULL, 349),
(1712, 95, 10, NULL, NULL, NULL, NULL, 149),
(1713, 95, 12, 35, NULL, NULL, NULL, NULL),
(1714, 95, 13, 48, NULL, NULL, NULL, NULL),
(1715, 95, 11, NULL, NULL, 'Japan', NULL, NULL),
(1716, 95, 20, 0, NULL, NULL, NULL, NULL),
(1717, 96, 3, NULL, '7270', NULL, NULL, NULL),
(1718, 96, 26, NULL, NULL, NULL, NULL, 399),
(1719, 96, 23, NULL, NULL, NULL, NULL, 463),
(1720, 96, 27, NULL, NULL, NULL, NULL, 402),
(1721, 96, 16, NULL, NULL, NULL, NULL, 159),
(1722, 96, 17, NULL, NULL, NULL, NULL, 751),
(1723, 96, 9, NULL, NULL, NULL, NULL, 129),
(1724, 96, 8, NULL, NULL, NULL, NULL, 116),
(1725, 96, 7, NULL, NULL, NULL, NULL, 100),
(1726, 96, 28, NULL, NULL, NULL, NULL, 815),
(1727, 96, 18, NULL, NULL, NULL, NULL, 430),
(1728, 96, 19, NULL, NULL, NULL, NULL, 349),
(1729, 96, 10, NULL, NULL, NULL, NULL, 144),
(1730, 96, 12, 48, NULL, NULL, NULL, NULL),
(1731, 96, 13, 50, NULL, NULL, NULL, NULL),
(1732, 96, 11, NULL, NULL, 'Japan', NULL, NULL),
(1733, 96, 20, 0, NULL, NULL, NULL, NULL),
(1734, 97, 3, NULL, '7791-2', NULL, NULL, NULL),
(1735, 97, 26, NULL, NULL, NULL, NULL, 399),
(1736, 97, 23, NULL, NULL, NULL, NULL, 463),
(1737, 97, 27, NULL, NULL, NULL, NULL, 401),
(1738, 97, 16, NULL, NULL, NULL, NULL, 169),
(1739, 97, 17, NULL, NULL, NULL, NULL, 332),
(1740, 97, 9, NULL, NULL, NULL, NULL, 129),
(1741, 97, 8, NULL, NULL, NULL, NULL, 116),
(1742, 97, 7, NULL, NULL, NULL, NULL, 100),
(1743, 97, 28, NULL, NULL, NULL, NULL, 815),
(1744, 97, 18, NULL, NULL, NULL, NULL, 434),
(1745, 97, 19, NULL, NULL, NULL, NULL, 349),
(1746, 97, 10, NULL, NULL, NULL, NULL, 152),
(1747, 97, 12, 69, NULL, NULL, NULL, NULL),
(1748, 97, 13, 70, NULL, NULL, NULL, NULL),
(1749, 97, 11, NULL, NULL, 'Korea', NULL, NULL),
(1750, 97, 20, 9000, NULL, NULL, NULL, NULL),
(1751, 98, 3, NULL, '7879', NULL, NULL, NULL),
(1752, 98, 26, NULL, NULL, NULL, NULL, 399),
(1753, 98, 23, NULL, NULL, NULL, NULL, 463),
(1754, 98, 27, NULL, NULL, NULL, NULL, 401),
(1755, 98, 16, NULL, NULL, NULL, NULL, 175),
(1756, 98, 17, NULL, NULL, NULL, NULL, 752),
(1757, 98, 9, NULL, NULL, NULL, NULL, 129),
(1758, 98, 8, NULL, NULL, NULL, NULL, 116),
(1759, 98, 7, NULL, NULL, NULL, NULL, 100),
(1760, 98, 28, NULL, NULL, NULL, NULL, 817),
(1761, 98, 18, NULL, NULL, NULL, NULL, 434),
(1762, 98, 19, NULL, NULL, NULL, NULL, 349),
(1763, 98, 10, NULL, NULL, NULL, NULL, 154),
(1764, 98, 12, 63, NULL, NULL, NULL, NULL),
(1765, 98, 13, 65, NULL, NULL, NULL, NULL),
(1766, 98, 14, 67, NULL, NULL, NULL, NULL),
(1767, 98, 15, 69, NULL, NULL, NULL, NULL),
(1768, 98, 11, NULL, NULL, 'Germany', NULL, NULL),
(1769, 98, 20, 27000, NULL, NULL, NULL, NULL),
(1770, 99, 3, NULL, '7894', NULL, NULL, NULL),
(1771, 99, 26, NULL, NULL, NULL, NULL, 399),
(1772, 99, 23, NULL, NULL, NULL, NULL, 463),
(1773, 99, 27, NULL, NULL, NULL, NULL, 401),
(1774, 99, 16, NULL, NULL, NULL, NULL, 158),
(1775, 99, 17, NULL, NULL, NULL, NULL, 199),
(1776, 99, 9, NULL, NULL, NULL, NULL, 129),
(1777, 99, 8, NULL, NULL, NULL, NULL, 116),
(1778, 99, 7, NULL, NULL, NULL, NULL, 100),
(1779, 99, 28, NULL, NULL, NULL, NULL, 817),
(1780, 99, 18, NULL, NULL, NULL, NULL, 434),
(1781, 99, 19, NULL, NULL, NULL, NULL, 349),
(1782, 99, 10, NULL, NULL, NULL, NULL, 152),
(1783, 99, 12, 999, NULL, NULL, NULL, NULL),
(1784, 99, 13, 999, NULL, NULL, NULL, NULL),
(1785, 99, 14, 999, NULL, NULL, NULL, NULL),
(1786, 99, 15, 999, NULL, NULL, NULL, NULL),
(1787, 99, 11, NULL, NULL, 'Romania', NULL, NULL),
(1788, 99, 20, 19900, NULL, NULL, NULL, NULL),
(1789, 100, 3, NULL, '7966', NULL, NULL, NULL),
(1790, 100, 26, NULL, NULL, NULL, NULL, 399),
(1791, 100, 23, NULL, NULL, NULL, NULL, 465),
(1792, 100, 27, NULL, NULL, NULL, NULL, 401),
(1793, 100, 16, NULL, NULL, NULL, NULL, 185),
(1794, 100, 17, NULL, NULL, NULL, NULL, 260),
(1795, 100, 9, NULL, NULL, NULL, NULL, 129),
(1796, 100, 8, NULL, NULL, NULL, NULL, 116),
(1797, 100, 7, NULL, NULL, NULL, NULL, 100),
(1798, 100, 28, NULL, NULL, NULL, NULL, 815),
(1799, 100, 18, NULL, NULL, NULL, NULL, 431),
(1800, 100, 19, NULL, NULL, NULL, NULL, 343),
(1801, 100, 10, NULL, NULL, NULL, NULL, 151),
(1802, 100, 12, 75, NULL, NULL, NULL, NULL),
(1803, 100, 13, 75, NULL, NULL, NULL, NULL),
(1804, 100, 11, NULL, NULL, 'Japan', NULL, NULL),
(1805, 100, 20, 7400, NULL, NULL, NULL, NULL),
(1806, 101, 3, NULL, '7977-2', NULL, NULL, NULL),
(1807, 101, 26, NULL, NULL, NULL, NULL, 399),
(1808, 101, 23, NULL, NULL, NULL, NULL, 463),
(1809, 101, 27, NULL, NULL, NULL, NULL, 401),
(1810, 101, 16, NULL, NULL, NULL, NULL, 175),
(1811, 101, 17, NULL, NULL, NULL, NULL, 753),
(1812, 101, 9, NULL, NULL, NULL, NULL, 129),
(1813, 101, 8, NULL, NULL, NULL, NULL, 116),
(1814, 101, 7, NULL, NULL, NULL, NULL, 100),
(1815, 101, 28, NULL, NULL, NULL, NULL, 815),
(1816, 101, 18, NULL, NULL, NULL, NULL, 431),
(1817, 101, 19, NULL, NULL, NULL, NULL, 349),
(1818, 101, 10, NULL, NULL, NULL, NULL, 152),
(1819, 101, 12, 70, NULL, NULL, NULL, NULL),
(1820, 101, 13, 70, NULL, NULL, NULL, NULL),
(1821, 101, 11, NULL, NULL, 'Thailand', NULL, NULL),
(1822, 101, 20, 10900, NULL, NULL, NULL, NULL),
(1823, 102, 3, NULL, '7217', NULL, NULL, NULL),
(1824, 102, 26, NULL, NULL, NULL, NULL, 399),
(1825, 102, 23, NULL, NULL, NULL, NULL, 463),
(1826, 102, 27, NULL, NULL, NULL, NULL, 401),
(1827, 102, 16, NULL, NULL, NULL, NULL, 177),
(1828, 102, 17, NULL, NULL, NULL, NULL, 279),
(1829, 102, 9, NULL, NULL, NULL, NULL, 129),
(1830, 102, 8, NULL, NULL, NULL, NULL, 116),
(1831, 102, 7, NULL, NULL, NULL, NULL, 101),
(1832, 102, 28, NULL, NULL, NULL, NULL, 815),
(1833, 102, 18, NULL, NULL, NULL, NULL, 434),
(1834, 102, 19, NULL, NULL, NULL, NULL, 348),
(1835, 102, 10, NULL, NULL, NULL, NULL, 147),
(1836, 102, 12, 70, NULL, NULL, NULL, NULL),
(1837, 102, 13, 70, NULL, NULL, NULL, NULL),
(1838, 102, 11, NULL, NULL, 'Taiwan', NULL, NULL),
(1839, 102, 20, 7900, NULL, NULL, NULL, NULL),
(1840, 103, 3, NULL, '7244', NULL, NULL, NULL),
(1841, 103, 26, NULL, NULL, NULL, NULL, 399),
(1842, 103, 23, NULL, NULL, NULL, NULL, 463),
(1843, 103, 27, NULL, NULL, NULL, NULL, 402),
(1844, 103, 16, NULL, NULL, NULL, NULL, 185),
(1845, 103, 17, NULL, NULL, NULL, NULL, 209),
(1846, 103, 9, NULL, NULL, NULL, NULL, 129),
(1847, 103, 8, NULL, NULL, NULL, NULL, 116),
(1848, 103, 7, NULL, NULL, NULL, NULL, 101),
(1849, 103, 28, NULL, NULL, NULL, NULL, 815),
(1850, 103, 18, NULL, NULL, NULL, NULL, 433),
(1851, 103, 19, NULL, NULL, NULL, NULL, 349),
(1852, 103, 10, NULL, NULL, NULL, NULL, 151),
(1853, 103, 12, 57, NULL, NULL, NULL, NULL),
(1854, 103, 13, 58, NULL, NULL, NULL, NULL),
(1855, 103, 11, NULL, NULL, 'Japan', NULL, NULL),
(1856, 103, 20, 7800, NULL, NULL, NULL, NULL),
(1857, 104, 3, NULL, '7255', NULL, NULL, NULL),
(1858, 104, 26, NULL, NULL, NULL, NULL, 399),
(1859, 104, 23, NULL, NULL, NULL, NULL, 463),
(1860, 104, 27, NULL, NULL, NULL, NULL, 402),
(1861, 104, 16, NULL, NULL, NULL, NULL, 185),
(1862, 104, 17, NULL, NULL, NULL, NULL, 754),
(1863, 104, 9, NULL, NULL, NULL, NULL, 129),
(1864, 104, 8, NULL, NULL, NULL, NULL, 116),
(1865, 104, 7, NULL, NULL, NULL, NULL, 101),
(1866, 104, 28, NULL, NULL, NULL, NULL, 817),
(1867, 104, 18, NULL, NULL, NULL, NULL, 433),
(1868, 104, 19, NULL, NULL, NULL, NULL, 343),
(1869, 104, 10, NULL, NULL, NULL, NULL, 142),
(1870, 104, 12, 61, NULL, NULL, NULL, NULL),
(1871, 104, 13, 65, NULL, NULL, NULL, NULL),
(1872, 104, 14, 65, NULL, NULL, NULL, NULL),
(1873, 104, 15, 60, NULL, NULL, NULL, NULL),
(1874, 104, 11, NULL, NULL, 'Japan', NULL, NULL),
(1875, 104, 20, 6900, NULL, NULL, NULL, NULL),
(1876, 105, 3, NULL, '7271', NULL, NULL, NULL),
(1877, 105, 26, NULL, NULL, NULL, NULL, 399),
(1878, 105, 23, NULL, NULL, NULL, NULL, 463),
(1879, 105, 27, NULL, NULL, NULL, NULL, 402),
(1880, 105, 16, NULL, NULL, NULL, NULL, 746),
(1881, 105, 17, NULL, NULL, NULL, NULL, 211),
(1882, 105, 9, NULL, NULL, NULL, NULL, 129),
(1883, 105, 8, NULL, NULL, NULL, NULL, 116),
(1884, 105, 7, NULL, NULL, NULL, NULL, 101),
(1885, 105, 28, NULL, NULL, NULL, NULL, 815),
(1886, 105, 18, NULL, NULL, NULL, NULL, 434),
(1887, 105, 19, NULL, NULL, NULL, NULL, 349),
(1888, 105, 10, NULL, NULL, NULL, NULL, 145),
(1889, 105, 12, 48, NULL, NULL, NULL, NULL),
(1890, 105, 13, 50, NULL, NULL, NULL, NULL),
(1891, 105, 11, NULL, NULL, 'Italy', NULL, NULL),
(1892, 105, 20, 0, NULL, NULL, NULL, NULL),
(1893, 106, 3, NULL, '7827-1', NULL, NULL, NULL),
(1894, 106, 26, NULL, NULL, NULL, NULL, 399),
(1895, 106, 23, NULL, NULL, NULL, NULL, 463),
(1896, 106, 27, NULL, NULL, NULL, NULL, 401),
(1897, 106, 16, NULL, NULL, NULL, NULL, 183),
(1898, 106, 17, NULL, NULL, NULL, NULL, 212),
(1899, 106, 9, NULL, NULL, NULL, NULL, 129),
(1900, 106, 8, NULL, NULL, NULL, NULL, 116),
(1901, 106, 7, NULL, NULL, NULL, NULL, 101),
(1902, 106, 28, NULL, NULL, NULL, NULL, 815),
(1903, 106, 18, NULL, NULL, NULL, NULL, 434),
(1904, 106, 19, NULL, NULL, NULL, NULL, 349),
(1905, 106, 10, NULL, NULL, NULL, NULL, 153),
(1906, 106, 12, 57, NULL, NULL, NULL, NULL),
(1907, 106, 13, 59, NULL, NULL, NULL, NULL),
(1908, 106, 11, NULL, NULL, 'Japan', NULL, NULL),
(1909, 106, 20, 8000, NULL, NULL, NULL, NULL),
(1910, 107, 3, NULL, '7838-1', NULL, NULL, NULL),
(1911, 107, 26, NULL, NULL, NULL, NULL, 399),
(1912, 107, 23, NULL, NULL, NULL, NULL, 463),
(1913, 107, 27, NULL, NULL, NULL, NULL, 401),
(1914, 107, 16, NULL, NULL, NULL, NULL, 185),
(1915, 107, 17, NULL, NULL, NULL, NULL, 209),
(1916, 107, 9, NULL, NULL, NULL, NULL, 129),
(1917, 107, 8, NULL, NULL, NULL, NULL, 116),
(1918, 107, 7, NULL, NULL, NULL, NULL, 101),
(1919, 107, 28, NULL, NULL, NULL, NULL, 815),
(1920, 107, 18, NULL, NULL, NULL, NULL, 433),
(1921, 107, 19, NULL, NULL, NULL, NULL, 348),
(1922, 107, 10, NULL, NULL, NULL, NULL, 149),
(1923, 107, 12, 44, NULL, NULL, NULL, NULL),
(1924, 107, 13, 45, NULL, NULL, NULL, NULL),
(1925, 107, 11, NULL, NULL, 'Japan', NULL, NULL),
(1926, 107, 20, 5900, NULL, NULL, NULL, NULL),
(1927, 108, 3, NULL, '7883', NULL, NULL, NULL),
(1928, 108, 26, NULL, NULL, NULL, NULL, 399),
(1929, 108, 23, NULL, NULL, NULL, NULL, 463),
(1930, 108, 27, NULL, NULL, NULL, NULL, 401),
(1931, 108, 16, NULL, NULL, NULL, NULL, 159),
(1932, 108, 17, NULL, NULL, NULL, NULL, 293),
(1933, 108, 9, NULL, NULL, NULL, NULL, 129),
(1934, 108, 8, NULL, NULL, NULL, NULL, 116),
(1935, 108, 7, NULL, NULL, NULL, NULL, 101),
(1936, 108, 28, NULL, NULL, NULL, NULL, 817),
(1937, 108, 18, NULL, NULL, NULL, NULL, 437),
(1938, 108, 19, NULL, NULL, NULL, NULL, 349),
(1939, 108, 10, NULL, NULL, NULL, NULL, 148),
(1940, 108, 12, 55, NULL, NULL, NULL, NULL),
(1941, 108, 13, 57, NULL, NULL, NULL, NULL),
(1942, 108, 14, 68, NULL, NULL, NULL, NULL),
(1943, 108, 15, 70, NULL, NULL, NULL, NULL),
(1944, 108, 11, NULL, NULL, 'Poland', NULL, NULL),
(1945, 108, 20, 15000, NULL, NULL, NULL, NULL),
(1946, 109, 3, NULL, '7839', NULL, NULL, NULL),
(1947, 109, 26, NULL, NULL, NULL, NULL, 399),
(1948, 109, 23, NULL, NULL, NULL, NULL, 463),
(1949, 109, 27, NULL, NULL, NULL, NULL, 401),
(1950, 109, 16, NULL, NULL, NULL, NULL, 159),
(1951, 109, 17, NULL, NULL, NULL, NULL, 293),
(1952, 109, 9, NULL, NULL, NULL, NULL, 129),
(1953, 109, 8, NULL, NULL, NULL, NULL, 116),
(1954, 109, 7, NULL, NULL, NULL, NULL, 102),
(1955, 109, 28, NULL, NULL, NULL, NULL, 817),
(1956, 109, 18, NULL, NULL, NULL, NULL, 435),
(1957, 109, 19, NULL, NULL, NULL, NULL, 350),
(1958, 109, 10, NULL, NULL, NULL, NULL, 149),
(1959, 109, 12, 75, NULL, NULL, NULL, NULL),
(1960, 109, 13, 75, NULL, NULL, NULL, NULL),
(1961, 109, 14, 84, NULL, NULL, NULL, NULL),
(1962, 109, 15, 85, NULL, NULL, NULL, NULL),
(1963, 109, 11, NULL, NULL, 'Japan', NULL, NULL),
(1964, 109, 20, 19000, NULL, NULL, NULL, NULL),
(1965, 110, 3, NULL, '7918', NULL, NULL, NULL),
(1966, 110, 26, NULL, NULL, NULL, NULL, 399),
(1967, 110, 23, NULL, NULL, NULL, NULL, 465),
(1968, 110, 27, NULL, NULL, NULL, NULL, 401),
(1969, 110, 16, NULL, NULL, NULL, NULL, 168),
(1970, 110, 17, NULL, NULL, NULL, NULL, 258),
(1971, 110, 9, NULL, NULL, NULL, NULL, 129),
(1972, 110, 8, NULL, NULL, NULL, NULL, 116),
(1973, 110, 7, NULL, NULL, NULL, NULL, 102),
(1974, 110, 28, NULL, NULL, NULL, NULL, 817),
(1975, 110, 18, NULL, NULL, NULL, NULL, 435),
(1976, 110, 19, NULL, NULL, NULL, NULL, 343),
(1977, 110, 10, NULL, NULL, NULL, NULL, 151),
(1978, 110, 12, 81, NULL, NULL, NULL, NULL),
(1979, 110, 13, 82, NULL, NULL, NULL, NULL),
(1980, 110, 14, 82, NULL, NULL, NULL, NULL),
(1981, 110, 15, 82, NULL, NULL, NULL, NULL),
(1982, 110, 11, NULL, NULL, 'Japan', NULL, NULL),
(1983, 110, 20, 18900, NULL, NULL, NULL, NULL),
(1984, 111, 3, NULL, '7994', NULL, NULL, NULL),
(1985, 111, 26, NULL, NULL, NULL, NULL, 399),
(1986, 111, 23, NULL, NULL, NULL, NULL, 463),
(1987, 111, 27, NULL, NULL, NULL, NULL, 401),
(1988, 111, 16, NULL, NULL, NULL, NULL, 162),
(1989, 111, 17, NULL, NULL, NULL, NULL, 271),
(1990, 111, 9, NULL, NULL, NULL, NULL, 129),
(1991, 111, 8, NULL, NULL, NULL, NULL, 117),
(1992, 111, 7, NULL, NULL, NULL, NULL, 98),
(1993, 111, 28, NULL, NULL, NULL, NULL, 817),
(1994, 111, 18, NULL, NULL, NULL, NULL, 433),
(1995, 111, 19, NULL, NULL, NULL, NULL, 348),
(1996, 111, 10, NULL, NULL, NULL, NULL, 153),
(1997, 111, 12, 77, NULL, NULL, NULL, NULL),
(1998, 111, 13, 80, NULL, NULL, NULL, NULL),
(1999, 111, 14, 80, NULL, NULL, NULL, NULL),
(2000, 111, 15, 80, NULL, NULL, NULL, NULL),
(2001, 111, 11, NULL, NULL, 'Japan', NULL, NULL),
(2002, 111, 20, 17500, NULL, NULL, NULL, NULL),
(2003, 112, 3, NULL, '1036', NULL, NULL, NULL),
(2004, 112, 26, NULL, NULL, NULL, NULL, 400),
(2005, 112, 23, NULL, NULL, NULL, NULL, 463),
(2006, 112, 27, NULL, NULL, NULL, NULL, 401),
(2007, 112, 16, NULL, NULL, NULL, NULL, 184),
(2008, 112, 17, NULL, NULL, NULL, NULL, 755),
(2009, 112, 9, NULL, NULL, NULL, NULL, 129),
(2010, 112, 8, NULL, NULL, NULL, NULL, 117),
(2011, 112, 7, NULL, NULL, NULL, NULL, 99),
(2012, 112, 28, NULL, NULL, NULL, NULL, 817),
(2013, 112, 18, NULL, NULL, NULL, NULL, 431),
(2014, 112, 19, NULL, NULL, NULL, NULL, 348),
(2015, 112, 10, NULL, NULL, NULL, NULL, 154),
(2016, 112, 12, 56, NULL, NULL, NULL, NULL),
(2017, 112, 13, 59, NULL, NULL, NULL, NULL),
(2018, 112, 14, 60, NULL, NULL, NULL, NULL),
(2019, 112, 15, 61, NULL, NULL, NULL, NULL),
(2020, 112, 11, NULL, NULL, 'China', NULL, NULL),
(2021, 112, 20, 0, NULL, NULL, NULL, NULL),
(2022, 113, 3, NULL, '7250', NULL, NULL, NULL),
(2023, 113, 26, NULL, NULL, NULL, NULL, 399),
(2024, 113, 23, NULL, NULL, NULL, NULL, 463),
(2025, 113, 27, NULL, NULL, NULL, NULL, 402),
(2026, 113, 16, NULL, NULL, NULL, NULL, 169),
(2027, 113, 17, NULL, NULL, NULL, NULL, 756),
(2028, 113, 9, NULL, NULL, NULL, NULL, 129),
(2029, 113, 8, NULL, NULL, NULL, NULL, 117),
(2030, 113, 7, NULL, NULL, NULL, NULL, 99),
(2031, 113, 28, NULL, NULL, NULL, NULL, 817),
(2032, 113, 18, NULL, NULL, NULL, NULL, 431),
(2033, 113, 19, NULL, NULL, NULL, NULL, 347),
(2034, 113, 10, NULL, NULL, NULL, NULL, 151),
(2035, 113, 12, 71, NULL, NULL, NULL, NULL),
(2036, 113, 13, 72, NULL, NULL, NULL, NULL),
(2037, 113, 14, 72, NULL, NULL, NULL, NULL),
(2038, 113, 15, 70, NULL, NULL, NULL, NULL),
(2039, 113, 11, NULL, NULL, 'Korea', NULL, NULL),
(2040, 113, 20, 14900, NULL, NULL, NULL, NULL),
(2041, 114, 3, NULL, '7259', NULL, NULL, NULL),
(2042, 114, 26, NULL, NULL, NULL, NULL, 399),
(2043, 114, 23, NULL, NULL, NULL, NULL, 463),
(2044, 114, 27, NULL, NULL, NULL, NULL, 402),
(2045, 114, 16, NULL, NULL, NULL, NULL, 162),
(2046, 114, 17, NULL, NULL, NULL, NULL, 748),
(2047, 114, 9, NULL, NULL, NULL, NULL, 129),
(2048, 114, 8, NULL, NULL, NULL, NULL, 117),
(2049, 114, 7, NULL, NULL, NULL, NULL, 99),
(2050, 114, 28, NULL, NULL, NULL, NULL, 817),
(2051, 114, 18, NULL, NULL, NULL, NULL, 435),
(2052, 114, 19, NULL, NULL, NULL, NULL, 348),
(2053, 114, 10, NULL, NULL, NULL, NULL, 150),
(2054, 114, 12, 54, NULL, NULL, NULL, NULL),
(2055, 114, 13, 54, NULL, NULL, NULL, NULL),
(2056, 114, 14, 55, NULL, NULL, NULL, NULL),
(2057, 114, 15, 58, NULL, NULL, NULL, NULL),
(2058, 114, 11, NULL, NULL, 'Japan', NULL, NULL),
(2059, 114, 20, 11900, NULL, NULL, NULL, NULL),
(2060, 115, 3, NULL, '7262', NULL, NULL, NULL),
(2061, 115, 26, NULL, NULL, NULL, NULL, 399),
(2062, 115, 23, NULL, NULL, NULL, NULL, 463),
(2063, 115, 27, NULL, NULL, NULL, NULL, 402),
(2064, 115, 16, NULL, NULL, NULL, NULL, 159),
(2065, 115, 17, NULL, NULL, NULL, NULL, 757),
(2066, 115, 9, NULL, NULL, NULL, NULL, 129),
(2067, 115, 8, NULL, NULL, NULL, NULL, 117),
(2068, 115, 7, NULL, NULL, NULL, NULL, 99),
(2069, 115, 28, NULL, NULL, NULL, NULL, 817),
(2070, 115, 18, NULL, NULL, NULL, NULL, 431),
(2071, 115, 19, NULL, NULL, NULL, NULL, 348),
(2072, 115, 10, NULL, NULL, NULL, NULL, 147),
(2073, 115, 12, 68, NULL, NULL, NULL, NULL),
(2074, 115, 13, 68, NULL, NULL, NULL, NULL),
(2075, 115, 14, 68, NULL, NULL, NULL, NULL),
(2076, 115, 15, 69, NULL, NULL, NULL, NULL),
(2077, 115, 11, NULL, NULL, 'Japan', NULL, NULL),
(2078, 115, 20, 15900, NULL, NULL, NULL, NULL),
(2079, 116, 3, NULL, '7793', NULL, NULL, NULL),
(2080, 116, 26, NULL, NULL, NULL, NULL, 399),
(2081, 116, 23, NULL, NULL, NULL, NULL, 463),
(2082, 116, 27, NULL, NULL, NULL, NULL, 401),
(2083, 116, 16, NULL, NULL, NULL, NULL, 185),
(2084, 116, 17, NULL, NULL, NULL, NULL, 189),
(2085, 116, 9, NULL, NULL, NULL, NULL, 129),
(2086, 116, 8, NULL, NULL, NULL, NULL, 117),
(2087, 116, 7, NULL, NULL, NULL, NULL, 99),
(2088, 116, 28, NULL, NULL, NULL, NULL, 817),
(2089, 116, 18, NULL, NULL, NULL, NULL, 431),
(2090, 116, 19, NULL, NULL, NULL, NULL, 348),
(2091, 116, 10, NULL, NULL, NULL, NULL, 150),
(2092, 116, 12, 999, NULL, NULL, NULL, NULL),
(2093, 116, 13, 999, NULL, NULL, NULL, NULL),
(2094, 116, 14, 999, NULL, NULL, NULL, NULL),
(2095, 116, 15, 999, NULL, NULL, NULL, NULL),
(2096, 116, 11, NULL, NULL, 'Japan', NULL, NULL),
(2097, 116, 20, 19900, NULL, NULL, NULL, NULL),
(2098, 117, 3, NULL, '7875-1', NULL, NULL, NULL),
(2099, 117, 26, NULL, NULL, NULL, NULL, 399),
(2100, 117, 23, NULL, NULL, NULL, NULL, 463),
(2101, 117, 27, NULL, NULL, NULL, NULL, 401),
(2102, 117, 16, NULL, NULL, NULL, NULL, 162),
(2103, 117, 17, NULL, NULL, NULL, NULL, 271),
(2104, 117, 9, NULL, NULL, NULL, NULL, 129),
(2105, 117, 8, NULL, NULL, NULL, NULL, 117),
(2106, 117, 7, NULL, NULL, NULL, NULL, 99),
(2107, 117, 28, NULL, NULL, NULL, NULL, 815),
(2108, 117, 18, NULL, NULL, NULL, NULL, 435),
(2109, 117, 19, NULL, NULL, NULL, NULL, 348),
(2110, 117, 10, NULL, NULL, NULL, NULL, 152),
(2111, 117, 12, 68, NULL, NULL, NULL, NULL),
(2112, 117, 13, 68, NULL, NULL, NULL, NULL),
(2113, 117, 11, NULL, NULL, 'Japan', NULL, NULL),
(2114, 117, 20, 7600, NULL, NULL, NULL, NULL),
(2115, 118, 3, NULL, '7896', NULL, NULL, NULL),
(2116, 118, 26, NULL, NULL, NULL, NULL, 399),
(2117, 118, 23, NULL, NULL, NULL, NULL, 463),
(2118, 118, 27, NULL, NULL, NULL, NULL, 401),
(2119, 118, 16, NULL, NULL, NULL, NULL, 746),
(2120, 118, 17, NULL, NULL, NULL, NULL, 211),
(2121, 118, 9, NULL, NULL, NULL, NULL, 129),
(2122, 118, 8, NULL, NULL, NULL, NULL, 117),
(2123, 118, 7, NULL, NULL, NULL, NULL, 99),
(2124, 118, 28, NULL, NULL, NULL, NULL, 817),
(2125, 118, 18, NULL, NULL, NULL, NULL, 435),
(2126, 118, 19, NULL, NULL, NULL, NULL, 349),
(2127, 118, 10, NULL, NULL, NULL, NULL, 153),
(2128, 118, 12, 48, NULL, NULL, NULL, NULL),
(2129, 118, 13, 49, NULL, NULL, NULL, NULL),
(2130, 118, 14, 51, NULL, NULL, NULL, NULL),
(2131, 118, 15, 51, NULL, NULL, NULL, NULL),
(2132, 118, 11, NULL, NULL, 'China', NULL, NULL),
(2133, 118, 20, 11900, NULL, NULL, NULL, NULL),
(2134, 119, 3, NULL, '7929', NULL, NULL, NULL),
(2135, 119, 26, NULL, NULL, NULL, NULL, 399),
(2136, 119, 23, NULL, NULL, NULL, NULL, 465),
(2137, 119, 27, NULL, NULL, NULL, NULL, 401),
(2138, 119, 16, NULL, NULL, NULL, NULL, 185),
(2139, 119, 17, NULL, NULL, NULL, NULL, 260),
(2140, 119, 9, NULL, NULL, NULL, NULL, 129),
(2141, 119, 8, NULL, NULL, NULL, NULL, 117),
(2142, 119, 7, NULL, NULL, NULL, NULL, 99),
(2143, 119, 28, NULL, NULL, NULL, NULL, 817),
(2144, 119, 18, NULL, NULL, NULL, NULL, 431),
(2145, 119, 19, NULL, NULL, NULL, NULL, 343),
(2146, 119, 10, NULL, NULL, NULL, NULL, 150),
(2147, 119, 12, 62, NULL, NULL, NULL, NULL),
(2148, 119, 13, 63, NULL, NULL, NULL, NULL),
(2149, 119, 14, 65, NULL, NULL, NULL, NULL),
(2150, 119, 15, 67, NULL, NULL, NULL, NULL),
(2151, 119, 11, NULL, NULL, 'Japan', NULL, NULL),
(2152, 119, 20, 15000, NULL, NULL, NULL, NULL),
(2153, 120, 3, NULL, '7947', NULL, NULL, NULL),
(2154, 120, 26, NULL, NULL, NULL, NULL, 399),
(2155, 120, 23, NULL, NULL, NULL, NULL, 465),
(2156, 120, 27, NULL, NULL, NULL, NULL, 401),
(2157, 120, 16, NULL, NULL, NULL, NULL, 185),
(2158, 120, 17, NULL, NULL, NULL, NULL, 259),
(2159, 120, 9, NULL, NULL, NULL, NULL, 129),
(2160, 120, 8, NULL, NULL, NULL, NULL, 117),
(2161, 120, 7, NULL, NULL, NULL, NULL, 99),
(2162, 120, 28, NULL, NULL, NULL, NULL, 817),
(2163, 120, 18, NULL, NULL, NULL, NULL, 431),
(2164, 120, 19, NULL, NULL, NULL, NULL, 343),
(2165, 120, 10, NULL, NULL, NULL, NULL, 148),
(2166, 120, 12, 87, NULL, NULL, NULL, NULL),
(2167, 120, 13, 88, NULL, NULL, NULL, NULL),
(2168, 120, 14, 88, NULL, NULL, NULL, NULL),
(2169, 120, 15, 90, NULL, NULL, NULL, NULL),
(2170, 120, 11, NULL, NULL, 'Japan', NULL, NULL),
(2171, 120, 20, 19900, NULL, NULL, NULL, NULL),
(2172, 121, 3, NULL, '7957', NULL, NULL, NULL),
(2173, 121, 26, NULL, NULL, NULL, NULL, 399),
(2174, 121, 23, NULL, NULL, NULL, NULL, 465),
(2175, 121, 27, NULL, NULL, NULL, NULL, 401),
(2176, 121, 16, NULL, NULL, NULL, NULL, 162),
(2177, 121, 17, NULL, NULL, NULL, NULL, 727),
(2178, 121, 9, NULL, NULL, NULL, NULL, 129),
(2179, 121, 8, NULL, NULL, NULL, NULL, 117),
(2180, 121, 7, NULL, NULL, NULL, NULL, 99),
(2181, 121, 28, NULL, NULL, NULL, NULL, 815),
(2182, 121, 18, NULL, NULL, NULL, NULL, 431),
(2183, 121, 19, NULL, NULL, NULL, NULL, 343),
(2184, 121, 10, NULL, NULL, NULL, NULL, 153),
(2185, 121, 12, 72, NULL, NULL, NULL, NULL),
(2186, 121, 13, 72, NULL, NULL, NULL, NULL),
(2187, 121, 11, NULL, NULL, 'Japan', NULL, NULL),
(2188, 121, 20, 8000, NULL, NULL, NULL, NULL),
(2189, 122, 3, NULL, '7965', NULL, NULL, NULL),
(2190, 122, 26, NULL, NULL, NULL, NULL, 399),
(2191, 122, 23, NULL, NULL, NULL, NULL, 465),
(2192, 122, 27, NULL, NULL, NULL, NULL, 401),
(2193, 122, 16, NULL, NULL, NULL, NULL, 159),
(2194, 122, 17, NULL, NULL, NULL, NULL, 711),
(2195, 122, 9, NULL, NULL, NULL, NULL, 129),
(2196, 122, 8, NULL, NULL, NULL, NULL, 117),
(2197, 122, 7, NULL, NULL, NULL, NULL, 99),
(2198, 122, 28, NULL, NULL, NULL, NULL, 817),
(2199, 122, 18, NULL, NULL, NULL, NULL, 431),
(2200, 122, 19, NULL, NULL, NULL, NULL, 343),
(2201, 122, 10, NULL, NULL, NULL, NULL, 148),
(2202, 122, 12, 61, NULL, NULL, NULL, NULL),
(2203, 122, 13, 61, NULL, NULL, NULL, NULL),
(2204, 122, 14, 70, NULL, NULL, NULL, NULL),
(2205, 122, 15, 72, NULL, NULL, NULL, NULL),
(2206, 122, 11, NULL, NULL, 'Japan', NULL, NULL),
(2207, 122, 20, 14500, NULL, NULL, NULL, NULL),
(2208, 123, 3, NULL, '1037', NULL, NULL, NULL),
(2209, 123, 26, NULL, NULL, NULL, NULL, 400),
(2210, 123, 23, NULL, NULL, NULL, NULL, 463),
(2211, 123, 27, NULL, NULL, NULL, NULL, 401),
(2212, 123, 16, NULL, NULL, NULL, NULL, 159),
(2213, 123, 17, NULL, NULL, NULL, NULL, 758),
(2214, 123, 9, NULL, NULL, NULL, NULL, 129),
(2215, 123, 8, NULL, NULL, NULL, NULL, 117),
(2216, 123, 7, NULL, NULL, NULL, NULL, 100),
(2217, 123, 28, NULL, NULL, NULL, NULL, 817),
(2218, 123, 18, NULL, NULL, NULL, NULL, 434),
(2219, 123, 19, NULL, NULL, NULL, NULL, 348),
(2220, 123, 10, NULL, NULL, NULL, NULL, 147),
(2221, 123, 12, 30, NULL, NULL, NULL, NULL),
(2222, 123, 13, 31, NULL, NULL, NULL, NULL),
(2223, 123, 14, 34, NULL, NULL, NULL, NULL),
(2224, 123, 15, 36, NULL, NULL, NULL, NULL),
(2225, 123, 11, NULL, NULL, 'Japan', NULL, NULL),
(2226, 123, 20, 0, NULL, NULL, NULL, NULL),
(2227, 124, 3, NULL, '7263', NULL, NULL, NULL),
(2228, 124, 26, NULL, NULL, NULL, NULL, 399),
(2229, 124, 23, NULL, NULL, NULL, NULL, 463),
(2230, 124, 27, NULL, NULL, NULL, NULL, 402),
(2231, 124, 16, NULL, NULL, NULL, NULL, 159),
(2232, 124, 17, NULL, NULL, NULL, NULL, 744),
(2233, 124, 9, NULL, NULL, NULL, NULL, 129),
(2234, 124, 8, NULL, NULL, NULL, NULL, 117),
(2235, 124, 7, NULL, NULL, NULL, NULL, 100),
(2236, 124, 28, NULL, NULL, NULL, NULL, 817),
(2237, 124, 18, NULL, NULL, NULL, NULL, 434),
(2238, 124, 19, NULL, NULL, NULL, NULL, 349),
(2239, 124, 10, NULL, NULL, NULL, NULL, 151),
(2240, 124, 12, 56, NULL, NULL, NULL, NULL),
(2241, 124, 13, 57, NULL, NULL, NULL, NULL),
(2242, 124, 14, 71, NULL, NULL, NULL, NULL),
(2243, 124, 15, 72, NULL, NULL, NULL, NULL),
(2244, 124, 11, NULL, NULL, 'Japan', NULL, NULL),
(2245, 124, 20, 15900, NULL, NULL, NULL, NULL),
(2246, 125, 3, NULL, '7264', NULL, NULL, NULL),
(2247, 125, 26, NULL, NULL, NULL, NULL, 399),
(2248, 125, 23, NULL, NULL, NULL, NULL, 463),
(2249, 125, 27, NULL, NULL, NULL, NULL, 402),
(2250, 125, 16, NULL, NULL, NULL, NULL, 159),
(2251, 125, 17, NULL, NULL, NULL, NULL, 293),
(2252, 125, 9, NULL, NULL, NULL, NULL, 129),
(2253, 125, 8, NULL, NULL, NULL, NULL, 117),
(2254, 125, 7, NULL, NULL, NULL, NULL, 100),
(2255, 125, 28, NULL, NULL, NULL, NULL, 817),
(2256, 125, 18, NULL, NULL, NULL, NULL, 434),
(2257, 125, 19, NULL, NULL, NULL, NULL, 349),
(2258, 125, 10, NULL, NULL, NULL, NULL, 147),
(2259, 125, 12, 37, NULL, NULL, NULL, NULL),
(2260, 125, 13, 38, NULL, NULL, NULL, NULL),
(2261, 125, 14, 39, NULL, NULL, NULL, NULL),
(2262, 125, 15, 40, NULL, NULL, NULL, NULL),
(2263, 125, 11, NULL, NULL, 'Japan', NULL, NULL),
(2264, 125, 20, 10900, NULL, NULL, NULL, NULL),
(2265, 126, 3, NULL, '7840-1', NULL, NULL, NULL),
(2266, 126, 26, NULL, NULL, NULL, NULL, 399),
(2267, 126, 23, NULL, NULL, NULL, NULL, 463),
(2268, 126, 27, NULL, NULL, NULL, NULL, 401),
(2269, 126, 16, NULL, NULL, NULL, NULL, 159),
(2270, 126, 17, NULL, NULL, NULL, NULL, 293),
(2271, 126, 9, NULL, NULL, NULL, NULL, 129),
(2272, 126, 8, NULL, NULL, NULL, NULL, 117),
(2273, 126, 7, NULL, NULL, NULL, NULL, 100),
(2274, 126, 28, NULL, NULL, NULL, NULL, 815),
(2275, 126, 18, NULL, NULL, NULL, NULL, 434),
(2276, 126, 19, NULL, NULL, NULL, NULL, 348),
(2277, 126, 10, NULL, NULL, NULL, NULL, 150),
(2278, 126, 12, 50, NULL, NULL, NULL, NULL),
(2279, 126, 13, 51, NULL, NULL, NULL, NULL),
(2280, 126, 11, NULL, NULL, 'Japan', NULL, NULL),
(2281, 126, 20, 6800, NULL, NULL, NULL, NULL),
(2282, 127, 3, NULL, '7763-1', NULL, NULL, NULL),
(2283, 127, 26, NULL, NULL, NULL, NULL, 399),
(2284, 127, 23, NULL, NULL, NULL, NULL, 463),
(2285, 127, 27, NULL, NULL, NULL, NULL, 401),
(2286, 127, 16, NULL, NULL, NULL, NULL, 159),
(2287, 127, 17, NULL, NULL, NULL, NULL, 305),
(2288, 127, 9, NULL, NULL, NULL, NULL, 129),
(2289, 127, 8, NULL, NULL, NULL, NULL, 117),
(2290, 127, 7, NULL, NULL, NULL, NULL, 101),
(2291, 127, 28, NULL, NULL, NULL, NULL, 815),
(2292, 127, 18, NULL, NULL, NULL, NULL, 436),
(2293, 127, 19, NULL, NULL, NULL, NULL, 348),
(2294, 127, 10, NULL, NULL, NULL, NULL, 152),
(2295, 127, 12, 65, NULL, NULL, NULL, NULL),
(2296, 127, 13, 65, NULL, NULL, NULL, NULL),
(2297, 127, 11, NULL, NULL, 'Japan', NULL, NULL),
(2298, 127, 20, 7500, NULL, NULL, NULL, NULL),
(2299, 128, 3, NULL, '7944', NULL, NULL, NULL),
(2300, 128, 26, NULL, NULL, NULL, NULL, 399),
(2301, 128, 23, NULL, NULL, NULL, NULL, 465),
(2302, 128, 27, NULL, NULL, NULL, NULL, 401),
(2303, 128, 16, NULL, NULL, NULL, NULL, 159),
(2304, 128, 17, NULL, NULL, NULL, NULL, 306),
(2305, 128, 9, NULL, NULL, NULL, NULL, 129),
(2306, 128, 8, NULL, NULL, NULL, NULL, 117),
(2307, 128, 7, NULL, NULL, NULL, NULL, 101),
(2308, 128, 28, NULL, NULL, NULL, NULL, 815),
(2309, 128, 18, NULL, NULL, NULL, NULL, 436),
(2310, 128, 19, NULL, NULL, NULL, NULL, 343),
(2311, 128, 10, NULL, NULL, NULL, NULL, 150),
(2312, 128, 12, 74, NULL, NULL, NULL, NULL),
(2313, 128, 13, 75, NULL, NULL, NULL, NULL),
(2314, 128, 11, NULL, NULL, 'Japan', NULL, NULL),
(2315, 128, 20, 7500, NULL, NULL, NULL, NULL),
(2316, 129, 3, NULL, '7252', NULL, NULL, NULL),
(2317, 129, 26, NULL, NULL, NULL, NULL, 399),
(2318, 129, 23, NULL, NULL, NULL, NULL, 463),
(2319, 129, 27, NULL, NULL, NULL, NULL, 402),
(2320, 129, 16, NULL, NULL, NULL, NULL, 159),
(2321, 129, 17, NULL, NULL, NULL, NULL, 226),
(2322, 129, 9, NULL, NULL, NULL, NULL, 129),
(2323, 129, 8, NULL, NULL, NULL, NULL, 118),
(2324, 129, 7, NULL, NULL, NULL, NULL, 99),
(2325, 129, 28, NULL, NULL, NULL, NULL, 817),
(2326, 129, 18, NULL, NULL, NULL, NULL, 434),
(2327, 129, 19, NULL, NULL, NULL, NULL, 348),
(2328, 129, 10, NULL, NULL, NULL, NULL, 153),
(2329, 129, 12, 52, NULL, NULL, NULL, NULL),
(2330, 129, 13, 48, NULL, NULL, NULL, NULL),
(2331, 129, 14, 58, NULL, NULL, NULL, NULL);
INSERT INTO `good_attribute` (`id`, `good_id`, `attribute_id`, `int_value`, `varchar_value`, `text_value`, `float_value`, `variant_id`) VALUES
(2332, 129, 15, 50, NULL, NULL, NULL, NULL),
(2333, 129, 11, NULL, NULL, 'Japan', NULL, NULL),
(2334, 129, 20, 8900, NULL, NULL, NULL, NULL),
(2335, 130, 3, NULL, '7254-2', NULL, NULL, NULL),
(2336, 130, 26, NULL, NULL, NULL, NULL, 399),
(2337, 130, 23, NULL, NULL, NULL, NULL, 463),
(2338, 130, 27, NULL, NULL, NULL, NULL, 402),
(2339, 130, 16, NULL, NULL, NULL, NULL, 184),
(2340, 130, 17, NULL, NULL, NULL, NULL, 759),
(2341, 130, 9, NULL, NULL, NULL, NULL, 129),
(2342, 130, 8, NULL, NULL, NULL, NULL, 118),
(2343, 130, 7, NULL, NULL, NULL, NULL, 99),
(2344, 130, 28, NULL, NULL, NULL, NULL, 815),
(2345, 130, 18, NULL, NULL, NULL, NULL, 438),
(2346, 130, 19, NULL, NULL, NULL, NULL, 348),
(2347, 130, 10, NULL, NULL, NULL, NULL, 154),
(2348, 130, 12, 79, NULL, NULL, NULL, NULL),
(2349, 130, 13, 79, NULL, NULL, NULL, NULL),
(2350, 130, 11, NULL, NULL, 'China', NULL, NULL),
(2351, 130, 20, 6500, NULL, NULL, NULL, NULL),
(2352, 131, 3, NULL, '7752', NULL, NULL, NULL),
(2353, 131, 26, NULL, NULL, NULL, NULL, 399),
(2354, 131, 23, NULL, NULL, NULL, NULL, 463),
(2355, 131, 27, NULL, NULL, NULL, NULL, 401),
(2356, 131, 16, NULL, NULL, NULL, NULL, 159),
(2357, 131, 17, NULL, NULL, NULL, NULL, 760),
(2358, 131, 9, NULL, NULL, NULL, NULL, 129),
(2359, 131, 8, NULL, NULL, NULL, NULL, 118),
(2360, 131, 7, NULL, NULL, NULL, NULL, 99),
(2361, 131, 28, NULL, NULL, NULL, NULL, 817),
(2362, 131, 18, NULL, NULL, NULL, NULL, 433),
(2363, 131, 19, NULL, NULL, NULL, NULL, 348),
(2364, 131, 10, NULL, NULL, NULL, NULL, 149),
(2365, 131, 12, 47, NULL, NULL, NULL, NULL),
(2366, 131, 13, 49, NULL, NULL, NULL, NULL),
(2367, 131, 14, 50, NULL, NULL, NULL, NULL),
(2368, 131, 15, 51, NULL, NULL, NULL, NULL),
(2369, 131, 11, NULL, NULL, 'Japan', NULL, NULL),
(2370, 131, 20, 10900, NULL, NULL, NULL, NULL),
(2371, 132, 3, NULL, '7835-2', NULL, NULL, NULL),
(2372, 132, 26, NULL, NULL, NULL, NULL, 399),
(2373, 132, 23, NULL, NULL, NULL, NULL, 463),
(2374, 132, 27, NULL, NULL, NULL, NULL, 401),
(2375, 132, 16, NULL, NULL, NULL, NULL, 162),
(2376, 132, 17, NULL, NULL, NULL, NULL, 271),
(2377, 132, 9, NULL, NULL, NULL, NULL, 129),
(2378, 132, 8, NULL, NULL, NULL, NULL, 118),
(2379, 132, 7, NULL, NULL, NULL, NULL, 99),
(2380, 132, 28, NULL, NULL, NULL, NULL, 815),
(2381, 132, 18, NULL, NULL, NULL, NULL, 434),
(2382, 132, 19, NULL, NULL, NULL, NULL, 348),
(2383, 132, 10, NULL, NULL, NULL, NULL, 152),
(2384, 132, 12, 50, NULL, NULL, NULL, NULL),
(2385, 132, 13, 50, NULL, NULL, NULL, NULL),
(2386, 132, 11, NULL, NULL, 'Japan', NULL, NULL),
(2387, 132, 20, 3500, NULL, NULL, NULL, NULL),
(2388, 133, 3, NULL, '7214', NULL, NULL, NULL),
(2389, 133, 26, NULL, NULL, NULL, NULL, 399),
(2390, 133, 23, NULL, NULL, NULL, NULL, 463),
(2391, 133, 27, NULL, NULL, NULL, NULL, 401),
(2392, 133, 16, NULL, NULL, NULL, NULL, 159),
(2393, 133, 17, NULL, NULL, NULL, NULL, 761),
(2394, 133, 9, NULL, NULL, NULL, NULL, 129),
(2395, 133, 8, NULL, NULL, NULL, NULL, 118),
(2396, 133, 7, NULL, NULL, NULL, NULL, 100),
(2397, 133, 28, NULL, NULL, NULL, NULL, 817),
(2398, 133, 18, NULL, NULL, NULL, NULL, 441),
(2399, 133, 19, NULL, NULL, NULL, NULL, 349),
(2400, 133, 10, NULL, NULL, NULL, NULL, 149),
(2401, 133, 12, 35, NULL, NULL, NULL, NULL),
(2402, 133, 13, 36, NULL, NULL, NULL, NULL),
(2403, 133, 14, 37, NULL, NULL, NULL, NULL),
(2404, 133, 15, 38, NULL, NULL, NULL, NULL),
(2405, 133, 11, NULL, NULL, 'Japan', NULL, NULL),
(2406, 133, 20, 5000, NULL, NULL, NULL, NULL),
(2407, 134, 3, NULL, '7220', NULL, NULL, NULL),
(2408, 134, 26, NULL, NULL, NULL, NULL, 399),
(2409, 134, 23, NULL, NULL, NULL, NULL, 463),
(2410, 134, 27, NULL, NULL, NULL, NULL, 401),
(2411, 134, 16, NULL, NULL, NULL, NULL, 162),
(2412, 134, 17, NULL, NULL, NULL, NULL, 317),
(2413, 134, 9, NULL, NULL, NULL, NULL, 129),
(2414, 134, 8, NULL, NULL, NULL, NULL, 118),
(2415, 134, 7, NULL, NULL, NULL, NULL, 100),
(2416, 134, 28, NULL, NULL, NULL, NULL, 817),
(2417, 134, 18, NULL, NULL, NULL, NULL, 435),
(2418, 134, 19, NULL, NULL, NULL, NULL, 349),
(2419, 134, 10, NULL, NULL, NULL, NULL, 147),
(2420, 134, 12, 59, NULL, NULL, NULL, NULL),
(2421, 134, 13, 62, NULL, NULL, NULL, NULL),
(2422, 134, 14, 64, NULL, NULL, NULL, NULL),
(2423, 134, 15, 65, NULL, NULL, NULL, NULL),
(2424, 134, 11, NULL, NULL, 'Japan', NULL, NULL),
(2425, 134, 20, 16000, NULL, NULL, NULL, NULL),
(2426, 135, 3, NULL, '7236', NULL, NULL, NULL),
(2427, 135, 26, NULL, NULL, NULL, NULL, 399),
(2428, 135, 23, NULL, NULL, NULL, NULL, 465),
(2429, 135, 27, NULL, NULL, NULL, NULL, 401),
(2430, 135, 16, NULL, NULL, NULL, NULL, 162),
(2431, 135, 17, NULL, NULL, NULL, NULL, 213),
(2432, 135, 9, NULL, NULL, NULL, NULL, 129),
(2433, 135, 8, NULL, NULL, NULL, NULL, 118),
(2434, 135, 7, NULL, NULL, NULL, NULL, 100),
(2435, 135, 28, NULL, NULL, NULL, NULL, 815),
(2436, 135, 18, NULL, NULL, NULL, NULL, 435),
(2437, 135, 19, NULL, NULL, NULL, NULL, 343),
(2438, 135, 10, NULL, NULL, NULL, NULL, 152),
(2439, 135, 12, 84, NULL, NULL, NULL, NULL),
(2440, 135, 13, 85, NULL, NULL, NULL, NULL),
(2441, 135, 11, NULL, NULL, 'Japan', NULL, NULL),
(2442, 135, 20, 8000, NULL, NULL, NULL, NULL),
(2443, 136, 3, NULL, '7719', NULL, NULL, NULL),
(2444, 136, 26, NULL, NULL, NULL, NULL, 399),
(2445, 136, 23, NULL, NULL, NULL, NULL, 463),
(2446, 136, 27, NULL, NULL, NULL, NULL, 401),
(2447, 136, 16, NULL, NULL, NULL, NULL, 159),
(2448, 136, 17, NULL, NULL, NULL, NULL, 304),
(2449, 136, 9, NULL, NULL, NULL, NULL, 129),
(2450, 136, 8, NULL, NULL, NULL, NULL, 118),
(2451, 136, 7, NULL, NULL, NULL, NULL, 100),
(2452, 136, 28, NULL, NULL, NULL, NULL, 817),
(2453, 136, 18, NULL, NULL, NULL, NULL, 435),
(2454, 136, 19, NULL, NULL, NULL, NULL, 349),
(2455, 136, 10, NULL, NULL, NULL, NULL, 149),
(2456, 136, 12, 63, NULL, NULL, NULL, NULL),
(2457, 136, 13, 67, NULL, NULL, NULL, NULL),
(2458, 136, 14, 67, NULL, NULL, NULL, NULL),
(2459, 136, 15, 69, NULL, NULL, NULL, NULL),
(2460, 136, 11, NULL, NULL, 'Japan', NULL, NULL),
(2461, 136, 20, 17000, NULL, NULL, NULL, NULL),
(2462, 137, 3, NULL, '7763-2', NULL, NULL, NULL),
(2463, 137, 26, NULL, NULL, NULL, NULL, 399),
(2464, 137, 23, NULL, NULL, NULL, NULL, 463),
(2465, 137, 27, NULL, NULL, NULL, NULL, 401),
(2466, 137, 16, NULL, NULL, NULL, NULL, 159),
(2467, 137, 17, NULL, NULL, NULL, NULL, 305),
(2468, 137, 9, NULL, NULL, NULL, NULL, 129),
(2469, 137, 8, NULL, NULL, NULL, NULL, 118),
(2470, 137, 7, NULL, NULL, NULL, NULL, 100),
(2471, 137, 28, NULL, NULL, NULL, NULL, 815),
(2472, 137, 18, NULL, NULL, NULL, NULL, 436),
(2473, 137, 19, NULL, NULL, NULL, NULL, 348),
(2474, 137, 10, NULL, NULL, NULL, NULL, 152),
(2475, 137, 12, 52, NULL, NULL, NULL, NULL),
(2476, 137, 13, 59, NULL, NULL, NULL, NULL),
(2477, 137, 11, NULL, NULL, 'Japan', NULL, NULL),
(2478, 137, 20, 6000, NULL, NULL, NULL, NULL),
(2479, 138, 3, NULL, '7876', NULL, NULL, NULL),
(2480, 138, 26, NULL, NULL, NULL, NULL, 399),
(2481, 138, 23, NULL, NULL, NULL, NULL, 463),
(2482, 138, 27, NULL, NULL, NULL, NULL, 401),
(2483, 138, 16, NULL, NULL, NULL, NULL, 159),
(2484, 138, 17, NULL, NULL, NULL, NULL, 760),
(2485, 138, 9, NULL, NULL, NULL, NULL, 129),
(2486, 138, 8, NULL, NULL, NULL, NULL, 118),
(2487, 138, 7, NULL, NULL, NULL, NULL, 100),
(2488, 138, 28, NULL, NULL, NULL, NULL, 817),
(2489, 138, 18, NULL, NULL, NULL, NULL, 441),
(2490, 138, 19, NULL, NULL, NULL, NULL, 349),
(2491, 138, 10, NULL, NULL, NULL, NULL, 150),
(2492, 138, 12, 41, NULL, NULL, NULL, NULL),
(2493, 138, 13, 42, NULL, NULL, NULL, NULL),
(2494, 138, 14, 50, NULL, NULL, NULL, NULL),
(2495, 138, 15, 50, NULL, NULL, NULL, NULL),
(2496, 138, 11, NULL, NULL, 'Japan', NULL, NULL),
(2497, 138, 20, 9900, NULL, NULL, NULL, NULL),
(2498, 139, 3, NULL, '7951', NULL, NULL, NULL),
(2499, 139, 26, NULL, NULL, NULL, NULL, 399),
(2500, 139, 23, NULL, NULL, NULL, NULL, 465),
(2501, 139, 27, NULL, NULL, NULL, NULL, 401),
(2502, 139, 16, NULL, NULL, NULL, NULL, 162),
(2503, 139, 17, NULL, NULL, NULL, NULL, 727),
(2504, 139, 9, NULL, NULL, NULL, NULL, 129),
(2505, 139, 8, NULL, NULL, NULL, NULL, 118),
(2506, 139, 7, NULL, NULL, NULL, NULL, 100),
(2507, 139, 28, NULL, NULL, NULL, NULL, 815),
(2508, 139, 18, NULL, NULL, NULL, NULL, 437),
(2509, 139, 19, NULL, NULL, NULL, NULL, 343),
(2510, 139, 10, NULL, NULL, NULL, NULL, 150),
(2511, 139, 12, 69, NULL, NULL, NULL, NULL),
(2512, 139, 13, 75, NULL, NULL, NULL, NULL),
(2513, 139, 11, NULL, NULL, 'Japan', NULL, NULL),
(2514, 139, 20, 7000, NULL, NULL, NULL, NULL),
(2515, 140, 3, NULL, '7956-2', NULL, NULL, NULL),
(2516, 140, 26, NULL, NULL, NULL, NULL, 399),
(2517, 140, 23, NULL, NULL, NULL, NULL, 465),
(2518, 140, 27, NULL, NULL, NULL, NULL, 401),
(2519, 140, 16, NULL, NULL, NULL, NULL, 159),
(2520, 140, 17, NULL, NULL, NULL, NULL, 711),
(2521, 140, 9, NULL, NULL, NULL, NULL, 129),
(2522, 140, 8, NULL, NULL, NULL, NULL, 118),
(2523, 140, 7, NULL, NULL, NULL, NULL, 100),
(2524, 140, 28, NULL, NULL, NULL, NULL, 815),
(2525, 140, 18, NULL, NULL, NULL, NULL, 435),
(2526, 140, 19, NULL, NULL, NULL, NULL, 343),
(2527, 140, 10, NULL, NULL, NULL, NULL, 147),
(2528, 140, 12, 67, NULL, NULL, NULL, NULL),
(2529, 140, 13, 67, NULL, NULL, NULL, NULL),
(2530, 140, 11, NULL, NULL, 'Japan', NULL, NULL),
(2531, 140, 20, 6900, NULL, NULL, NULL, NULL),
(2532, 141, 3, NULL, '7243', NULL, NULL, NULL),
(2533, 141, 26, NULL, NULL, NULL, NULL, 399),
(2534, 141, 23, NULL, NULL, NULL, NULL, 463),
(2535, 141, 27, NULL, NULL, NULL, NULL, 402),
(2536, 141, 16, NULL, NULL, NULL, NULL, 168),
(2537, 141, 17, NULL, NULL, NULL, NULL, 224),
(2538, 141, 9, NULL, NULL, NULL, NULL, 129),
(2539, 141, 8, NULL, NULL, NULL, NULL, 119),
(2540, 141, 7, NULL, NULL, NULL, NULL, 99),
(2541, 141, 28, NULL, NULL, NULL, NULL, 817),
(2542, 141, 18, NULL, NULL, NULL, NULL, 436),
(2543, 141, 19, NULL, NULL, NULL, NULL, 347),
(2544, 141, 10, NULL, NULL, NULL, NULL, 152),
(2545, 141, 12, 51, NULL, NULL, NULL, NULL),
(2546, 141, 13, 55, NULL, NULL, NULL, NULL),
(2547, 141, 14, 49, NULL, NULL, NULL, NULL),
(2548, 141, 15, 45, NULL, NULL, NULL, NULL),
(2549, 141, 11, NULL, NULL, 'Japan', NULL, NULL),
(2550, 141, 20, 11900, NULL, NULL, NULL, NULL),
(2551, 142, 3, NULL, '7266', NULL, NULL, NULL),
(2552, 142, 26, NULL, NULL, NULL, NULL, 399),
(2553, 142, 23, NULL, NULL, NULL, NULL, 463),
(2554, 142, 27, NULL, NULL, NULL, NULL, 402),
(2555, 142, 16, NULL, NULL, NULL, NULL, 162),
(2556, 142, 17, NULL, NULL, NULL, NULL, 748),
(2557, 142, 9, NULL, NULL, NULL, NULL, 129),
(2558, 142, 8, NULL, NULL, NULL, NULL, 119),
(2559, 142, 7, NULL, NULL, NULL, NULL, 99),
(2560, 142, 28, NULL, NULL, NULL, NULL, 815),
(2561, 142, 18, NULL, NULL, NULL, NULL, 436),
(2562, 142, 19, NULL, NULL, NULL, NULL, 347),
(2563, 142, 10, NULL, NULL, NULL, NULL, 154),
(2564, 142, 12, 78, NULL, NULL, NULL, NULL),
(2565, 142, 13, 80, NULL, NULL, NULL, NULL),
(2566, 142, 11, NULL, NULL, 'Japan', NULL, NULL),
(2567, 142, 20, 8800, NULL, NULL, NULL, NULL),
(2568, 143, 3, NULL, '7267', NULL, NULL, NULL),
(2569, 143, 26, NULL, NULL, NULL, NULL, 399),
(2570, 143, 23, NULL, NULL, NULL, NULL, 463),
(2571, 143, 27, NULL, NULL, NULL, NULL, 402),
(2572, 143, 16, NULL, NULL, NULL, NULL, 159),
(2573, 143, 17, NULL, NULL, NULL, NULL, 217),
(2574, 143, 9, NULL, NULL, NULL, NULL, 129),
(2575, 143, 8, NULL, NULL, NULL, NULL, 119),
(2576, 143, 7, NULL, NULL, NULL, NULL, 99),
(2577, 143, 28, NULL, NULL, NULL, NULL, 817),
(2578, 143, 18, NULL, NULL, NULL, NULL, 436),
(2579, 143, 19, NULL, NULL, NULL, NULL, 347),
(2580, 143, 10, NULL, NULL, NULL, NULL, 150),
(2581, 143, 12, 67, NULL, NULL, NULL, NULL),
(2582, 143, 13, 70, NULL, NULL, NULL, NULL),
(2583, 143, 14, 75, NULL, NULL, NULL, NULL),
(2584, 143, 15, 82, NULL, NULL, NULL, NULL),
(2585, 143, 11, NULL, NULL, 'Japan', NULL, NULL),
(2586, 143, 20, 20000, NULL, NULL, NULL, NULL),
(2587, 144, 3, NULL, '7897', NULL, NULL, NULL),
(2588, 144, 26, NULL, NULL, NULL, NULL, 399),
(2589, 144, 23, NULL, NULL, NULL, NULL, 465),
(2590, 144, 27, NULL, NULL, NULL, NULL, 401),
(2591, 144, 16, NULL, NULL, NULL, NULL, 162),
(2592, 144, 17, NULL, NULL, NULL, NULL, 214),
(2593, 144, 9, NULL, NULL, NULL, NULL, 129),
(2594, 144, 8, NULL, NULL, NULL, NULL, 119),
(2595, 144, 7, NULL, NULL, NULL, NULL, 99),
(2596, 144, 28, NULL, NULL, NULL, NULL, 817),
(2597, 144, 18, NULL, NULL, NULL, NULL, 436),
(2598, 144, 19, NULL, NULL, NULL, NULL, 343),
(2599, 144, 10, NULL, NULL, NULL, NULL, 149),
(2600, 144, 12, 61, NULL, NULL, NULL, NULL),
(2601, 144, 13, 63, NULL, NULL, NULL, NULL),
(2602, 144, 14, 63, NULL, NULL, NULL, NULL),
(2603, 144, 15, 64, NULL, NULL, NULL, NULL),
(2604, 144, 11, NULL, NULL, 'Japan', NULL, NULL),
(2605, 144, 20, 9000, NULL, NULL, NULL, NULL),
(2606, 145, 3, NULL, '3046', NULL, NULL, NULL),
(2607, 145, 26, NULL, NULL, NULL, NULL, 400),
(2608, 145, 23, NULL, NULL, NULL, NULL, 762),
(2609, 145, 27, NULL, NULL, NULL, NULL, 401),
(2610, 145, 16, NULL, NULL, NULL, NULL, 159),
(2611, 145, 17, NULL, NULL, NULL, NULL, 196),
(2612, 145, 9, NULL, NULL, NULL, NULL, 129),
(2613, 145, 8, NULL, NULL, NULL, NULL, 119),
(2614, 145, 7, NULL, NULL, NULL, NULL, 100),
(2615, 145, 28, NULL, NULL, NULL, NULL, 817),
(2616, 145, 18, NULL, NULL, NULL, NULL, 443),
(2617, 145, 19, NULL, NULL, NULL, NULL, 346),
(2618, 145, 10, NULL, NULL, NULL, NULL, 154),
(2619, 145, 12, 92, NULL, NULL, NULL, NULL),
(2620, 145, 13, 93, NULL, NULL, NULL, NULL),
(2621, 145, 14, 93, NULL, NULL, NULL, NULL),
(2622, 145, 15, 93, NULL, NULL, NULL, NULL),
(2623, 145, 11, NULL, NULL, 'Japan', NULL, NULL),
(2624, 145, 20, 24000, NULL, NULL, NULL, NULL),
(2625, 146, 3, NULL, '3103', NULL, NULL, NULL),
(2626, 146, 26, NULL, NULL, NULL, NULL, 818),
(2627, 146, 23, NULL, NULL, NULL, NULL, 463),
(2628, 146, 27, NULL, NULL, NULL, NULL, 401),
(2629, 146, 16, NULL, NULL, NULL, NULL, 162),
(2630, 146, 17, NULL, NULL, NULL, NULL, 317),
(2631, 146, 9, NULL, NULL, NULL, NULL, 129),
(2632, 146, 8, NULL, NULL, NULL, NULL, 119),
(2633, 146, 7, NULL, NULL, NULL, NULL, 100),
(2634, 146, 28, NULL, NULL, NULL, NULL, 814),
(2635, 146, 18, NULL, NULL, NULL, NULL, 439),
(2636, 146, 19, NULL, NULL, NULL, NULL, 348),
(2637, 146, 10, NULL, NULL, NULL, NULL, 147),
(2638, 146, 12, 999, NULL, NULL, NULL, NULL),
(2639, 146, 11, NULL, NULL, 'Japan', NULL, NULL),
(2640, 146, 20, 7200, NULL, NULL, NULL, NULL),
(2641, 147, 3, NULL, '7992-1', NULL, NULL, NULL),
(2642, 147, 26, NULL, NULL, NULL, NULL, 399),
(2643, 147, 23, NULL, NULL, NULL, NULL, 463),
(2644, 147, 27, NULL, NULL, NULL, NULL, 401),
(2645, 147, 16, NULL, NULL, NULL, NULL, 159),
(2646, 147, 17, NULL, NULL, NULL, NULL, 245),
(2647, 147, 9, NULL, NULL, NULL, NULL, 129),
(2648, 147, 8, NULL, NULL, NULL, NULL, 119),
(2649, 147, 7, NULL, NULL, NULL, NULL, 100),
(2650, 147, 28, NULL, NULL, NULL, NULL, 815),
(2651, 147, 18, NULL, NULL, NULL, NULL, 439),
(2652, 147, 19, NULL, NULL, NULL, NULL, 347),
(2653, 147, 10, NULL, NULL, NULL, NULL, 151),
(2654, 147, 12, 50, NULL, NULL, NULL, NULL),
(2655, 147, 13, 51, NULL, NULL, NULL, NULL),
(2656, 147, 11, NULL, NULL, 'Japan', NULL, NULL),
(2657, 147, 20, 6900, NULL, NULL, NULL, NULL),
(2658, 148, 3, NULL, '7992-2', NULL, NULL, NULL),
(2659, 148, 26, NULL, NULL, NULL, NULL, 399),
(2660, 148, 23, NULL, NULL, NULL, NULL, 463),
(2661, 148, 27, NULL, NULL, NULL, NULL, 401),
(2662, 148, 16, NULL, NULL, NULL, NULL, 159),
(2663, 148, 17, NULL, NULL, NULL, NULL, 244),
(2664, 148, 9, NULL, NULL, NULL, NULL, 129),
(2665, 148, 8, NULL, NULL, NULL, NULL, 119),
(2666, 148, 7, NULL, NULL, NULL, NULL, 100),
(2667, 148, 28, NULL, NULL, NULL, NULL, 815),
(2668, 148, 18, NULL, NULL, NULL, NULL, 439),
(2669, 148, 19, NULL, NULL, NULL, NULL, 347),
(2670, 148, 10, NULL, NULL, NULL, NULL, 146),
(2671, 148, 12, 45, NULL, NULL, NULL, NULL),
(2672, 148, 13, 50, NULL, NULL, NULL, NULL),
(2673, 148, 11, NULL, NULL, 'Japan', NULL, NULL),
(2674, 148, 20, 3300, NULL, NULL, NULL, NULL),
(2675, 149, 3, NULL, '3094', NULL, NULL, NULL),
(2676, 149, 26, NULL, NULL, NULL, NULL, 400),
(2677, 149, 23, NULL, NULL, NULL, NULL, 463),
(2678, 149, 27, NULL, NULL, NULL, NULL, 401),
(2679, 149, 16, NULL, NULL, NULL, NULL, 179),
(2680, 149, 17, NULL, NULL, NULL, NULL, 248),
(2681, 149, 9, NULL, NULL, NULL, NULL, 129),
(2682, 149, 8, NULL, NULL, NULL, NULL, 119),
(2683, 149, 7, NULL, NULL, NULL, NULL, 105),
(2684, 149, 28, NULL, NULL, NULL, NULL, 817),
(2685, 149, 18, NULL, NULL, NULL, NULL, 459),
(2686, 149, 19, NULL, NULL, NULL, NULL, 347),
(2687, 149, 10, NULL, NULL, NULL, NULL, 153),
(2688, 149, 12, 50, NULL, NULL, NULL, NULL),
(2689, 149, 13, 54, NULL, NULL, NULL, NULL),
(2690, 149, 14, 60, NULL, NULL, NULL, NULL),
(2691, 149, 15, 60, NULL, NULL, NULL, NULL),
(2692, 149, 11, NULL, NULL, 'Russia', NULL, NULL),
(2693, 149, 20, 20400, NULL, NULL, NULL, NULL),
(2694, 150, 3, NULL, '7895', NULL, NULL, NULL),
(2695, 150, 26, NULL, NULL, NULL, NULL, 399),
(2696, 150, 23, NULL, NULL, NULL, NULL, 465),
(2697, 150, 27, NULL, NULL, NULL, NULL, 401),
(2698, 150, 16, NULL, NULL, NULL, NULL, 159),
(2699, 150, 17, NULL, NULL, NULL, NULL, 194),
(2700, 150, 9, NULL, NULL, NULL, NULL, 129),
(2701, 150, 8, NULL, NULL, NULL, NULL, 120),
(2702, 150, 7, NULL, NULL, NULL, NULL, 100),
(2703, 150, 28, NULL, NULL, NULL, NULL, 817),
(2704, 150, 18, NULL, NULL, NULL, NULL, 441),
(2705, 150, 19, NULL, NULL, NULL, NULL, 343),
(2706, 150, 10, NULL, NULL, NULL, NULL, 147),
(2707, 150, 12, 68, NULL, NULL, NULL, NULL),
(2708, 150, 13, 69, NULL, NULL, NULL, NULL),
(2709, 150, 14, 70, NULL, NULL, NULL, NULL),
(2710, 150, 15, 70, NULL, NULL, NULL, NULL),
(2711, 150, 11, NULL, NULL, 'Japan', NULL, NULL),
(2712, 150, 20, 13500, NULL, NULL, NULL, NULL),
(2713, 151, 3, NULL, '7912', NULL, NULL, NULL),
(2714, 151, 26, NULL, NULL, NULL, NULL, 399),
(2715, 151, 23, NULL, NULL, NULL, NULL, 465),
(2716, 151, 27, NULL, NULL, NULL, NULL, 401),
(2717, 151, 16, NULL, NULL, NULL, NULL, 185),
(2718, 151, 17, NULL, NULL, NULL, NULL, 735),
(2719, 151, 9, NULL, NULL, NULL, NULL, 129),
(2720, 151, 8, NULL, NULL, NULL, NULL, 120),
(2721, 151, 7, NULL, NULL, NULL, NULL, 100),
(2722, 151, 28, NULL, NULL, NULL, NULL, 817),
(2723, 151, 18, NULL, NULL, NULL, NULL, 442),
(2724, 151, 19, NULL, NULL, NULL, NULL, 343),
(2725, 151, 10, NULL, NULL, NULL, NULL, 151),
(2726, 151, 12, 88, NULL, NULL, NULL, NULL),
(2727, 151, 13, 89, NULL, NULL, NULL, NULL),
(2728, 151, 14, 90, NULL, NULL, NULL, NULL),
(2729, 151, 15, 90, NULL, NULL, NULL, NULL),
(2730, 151, 11, NULL, NULL, 'Japan', NULL, NULL),
(2731, 151, 20, 16000, NULL, NULL, NULL, NULL),
(2732, 152, 3, NULL, '7919', NULL, NULL, NULL),
(2733, 152, 26, NULL, NULL, NULL, NULL, 399),
(2734, 152, 23, NULL, NULL, NULL, NULL, 465),
(2735, 152, 27, NULL, NULL, NULL, NULL, 401),
(2736, 152, 16, NULL, NULL, NULL, NULL, 159),
(2737, 152, 17, NULL, NULL, NULL, NULL, 205),
(2738, 152, 9, NULL, NULL, NULL, NULL, 129),
(2739, 152, 8, NULL, NULL, NULL, NULL, 120),
(2740, 152, 7, NULL, NULL, NULL, NULL, 100),
(2741, 152, 28, NULL, NULL, NULL, NULL, 817),
(2742, 152, 18, NULL, NULL, NULL, NULL, 442),
(2743, 152, 19, NULL, NULL, NULL, NULL, 343),
(2744, 152, 10, NULL, NULL, NULL, NULL, 149),
(2745, 152, 12, 79, NULL, NULL, NULL, NULL),
(2746, 152, 13, 81, NULL, NULL, NULL, NULL),
(2747, 152, 14, 93, NULL, NULL, NULL, NULL),
(2748, 152, 15, 97, NULL, NULL, NULL, NULL),
(2749, 152, 11, NULL, NULL, 'Japan', NULL, NULL),
(2750, 152, 20, 15500, NULL, NULL, NULL, NULL),
(2751, 153, 3, NULL, '7962', NULL, NULL, NULL),
(2752, 153, 26, NULL, NULL, NULL, NULL, 399),
(2753, 153, 23, NULL, NULL, NULL, NULL, 465),
(2754, 153, 27, NULL, NULL, NULL, NULL, 401),
(2755, 153, 16, NULL, NULL, NULL, NULL, 159),
(2756, 153, 17, NULL, NULL, NULL, NULL, 206),
(2757, 153, 9, NULL, NULL, NULL, NULL, 129),
(2758, 153, 8, NULL, NULL, NULL, NULL, 120),
(2759, 153, 7, NULL, NULL, NULL, NULL, 100),
(2760, 153, 28, NULL, NULL, NULL, NULL, 817),
(2761, 153, 18, NULL, NULL, NULL, NULL, 441),
(2762, 153, 19, NULL, NULL, NULL, NULL, 343),
(2763, 153, 10, NULL, NULL, NULL, NULL, 147),
(2764, 153, 12, 84, NULL, NULL, NULL, NULL),
(2765, 153, 13, 85, NULL, NULL, NULL, NULL),
(2766, 153, 14, 85, NULL, NULL, NULL, NULL),
(2767, 153, 15, 86, NULL, NULL, NULL, NULL),
(2768, 153, 11, NULL, NULL, 'Japan', NULL, NULL),
(2769, 153, 20, 16500, NULL, NULL, NULL, NULL),
(2770, 154, 3, NULL, '3105', NULL, NULL, NULL),
(2771, 154, 26, NULL, NULL, NULL, NULL, 400),
(2772, 154, 23, NULL, NULL, NULL, NULL, 463),
(2773, 154, 27, NULL, NULL, NULL, NULL, 401),
(2774, 154, 16, NULL, NULL, NULL, NULL, 161),
(2775, 154, 17, NULL, NULL, NULL, NULL, 763),
(2776, 154, 9, NULL, NULL, NULL, NULL, 129),
(2777, 154, 8, NULL, NULL, NULL, NULL, 120),
(2778, 154, 7, NULL, NULL, NULL, NULL, 101),
(2779, 154, 28, NULL, NULL, NULL, NULL, 815),
(2780, 154, 18, NULL, NULL, NULL, NULL, 444),
(2781, 154, 19, NULL, NULL, NULL, NULL, 347),
(2782, 154, 10, NULL, NULL, NULL, NULL, 148),
(2783, 154, 12, 61, NULL, NULL, NULL, NULL),
(2784, 154, 11, NULL, NULL, 'USA', NULL, NULL),
(2785, 154, 20, 12000, NULL, NULL, NULL, NULL),
(2786, 155, 3, NULL, '7265', NULL, NULL, NULL),
(2787, 155, 26, NULL, NULL, NULL, NULL, 399),
(2788, 155, 23, NULL, NULL, NULL, NULL, 463),
(2789, 155, 27, NULL, NULL, NULL, NULL, 402),
(2790, 155, 16, NULL, NULL, NULL, NULL, 764),
(2791, 155, 17, NULL, NULL, NULL, NULL, 765),
(2792, 155, 9, NULL, NULL, NULL, NULL, 129),
(2793, 155, 8, NULL, NULL, NULL, NULL, 120),
(2794, 155, 7, NULL, NULL, NULL, NULL, 101),
(2795, 155, 28, NULL, NULL, NULL, NULL, 817),
(2796, 155, 18, NULL, NULL, NULL, NULL, 443),
(2797, 155, 19, NULL, NULL, NULL, NULL, 347),
(2798, 155, 10, NULL, NULL, NULL, NULL, 143),
(2799, 155, 12, 70, NULL, NULL, NULL, NULL),
(2800, 155, 13, 70, NULL, NULL, NULL, NULL),
(2801, 155, 14, 70, NULL, NULL, NULL, NULL),
(2802, 155, 15, 70, NULL, NULL, NULL, NULL),
(2803, 155, 11, NULL, NULL, 'USA', NULL, NULL),
(2804, 155, 20, 16000, NULL, NULL, NULL, NULL),
(2805, 156, 3, NULL, '3045', NULL, NULL, NULL),
(2806, 156, 26, NULL, NULL, NULL, NULL, 400),
(2807, 156, 23, NULL, NULL, NULL, NULL, 762),
(2808, 156, 27, NULL, NULL, NULL, NULL, 401),
(2809, 156, 16, NULL, NULL, NULL, NULL, 179),
(2810, 156, 17, NULL, NULL, NULL, NULL, 251),
(2811, 156, 9, NULL, NULL, NULL, NULL, 129),
(2812, 156, 8, NULL, NULL, NULL, NULL, 120),
(2813, 156, 7, NULL, NULL, NULL, NULL, 102),
(2814, 156, 28, NULL, NULL, NULL, NULL, 817),
(2815, 156, 18, NULL, NULL, NULL, NULL, 451),
(2816, 156, 19, NULL, NULL, NULL, NULL, 346),
(2817, 156, 10, NULL, NULL, NULL, NULL, 148),
(2818, 156, 12, 78, NULL, NULL, NULL, NULL),
(2819, 156, 13, 78, NULL, NULL, NULL, NULL),
(2820, 156, 14, 79, NULL, NULL, NULL, NULL),
(2821, 156, 15, 80, NULL, NULL, NULL, NULL),
(2822, 156, 11, NULL, NULL, 'Russia', NULL, NULL),
(2823, 156, 20, 33000, NULL, NULL, NULL, NULL),
(2824, 157, 3, NULL, '3009', NULL, NULL, NULL),
(2825, 157, 26, NULL, NULL, NULL, NULL, 400),
(2826, 157, 23, NULL, NULL, NULL, NULL, 465),
(2827, 157, 27, NULL, NULL, NULL, NULL, 401),
(2828, 157, 16, NULL, NULL, NULL, NULL, 179),
(2829, 157, 17, NULL, NULL, NULL, NULL, 247),
(2830, 157, 9, NULL, NULL, NULL, NULL, 129),
(2831, 157, 8, NULL, NULL, NULL, NULL, 120),
(2832, 157, 7, NULL, NULL, NULL, NULL, 104),
(2833, 157, 28, NULL, NULL, NULL, NULL, 817),
(2834, 157, 18, NULL, NULL, NULL, NULL, 456),
(2835, 157, 19, NULL, NULL, NULL, NULL, 344),
(2836, 157, 10, NULL, NULL, NULL, NULL, 154),
(2837, 157, 12, 69, NULL, NULL, NULL, NULL),
(2838, 157, 13, 70, NULL, NULL, NULL, NULL),
(2839, 157, 14, 72, NULL, NULL, NULL, NULL),
(2840, 157, 15, 74, NULL, NULL, NULL, NULL),
(2841, 157, 11, NULL, NULL, 'Russia', NULL, NULL),
(2842, 157, 20, 19200, NULL, NULL, NULL, NULL),
(2843, 158, 3, NULL, '3037', NULL, NULL, NULL),
(2844, 158, 26, NULL, NULL, NULL, NULL, 400),
(2845, 158, 23, NULL, NULL, NULL, NULL, 463),
(2846, 158, 27, NULL, NULL, NULL, NULL, 401),
(2847, 158, 16, NULL, NULL, NULL, NULL, 175),
(2848, 158, 17, NULL, NULL, NULL, NULL, 265),
(2849, 158, 9, NULL, NULL, NULL, NULL, 129),
(2850, 158, 8, NULL, NULL, NULL, NULL, 120),
(2851, 158, 7, NULL, NULL, NULL, NULL, 104),
(2852, 158, 28, NULL, NULL, NULL, NULL, 817),
(2853, 158, 18, NULL, NULL, NULL, NULL, 452),
(2854, 158, 19, NULL, NULL, NULL, NULL, 347),
(2855, 158, 10, NULL, NULL, NULL, NULL, 151),
(2856, 158, 12, 48, NULL, NULL, NULL, NULL),
(2857, 158, 13, 49, NULL, NULL, NULL, NULL),
(2858, 158, 14, 50, NULL, NULL, NULL, NULL),
(2859, 158, 15, 51, NULL, NULL, NULL, NULL),
(2860, 158, 11, NULL, NULL, 'Poland', NULL, NULL),
(2861, 158, 20, 26400, NULL, NULL, NULL, NULL),
(2862, 159, 3, NULL, '3048', NULL, NULL, NULL),
(2863, 159, 26, NULL, NULL, NULL, NULL, 400),
(2864, 159, 23, NULL, NULL, NULL, NULL, 463),
(2865, 159, 27, NULL, NULL, NULL, NULL, 401),
(2866, 159, 16, NULL, NULL, NULL, NULL, 159),
(2867, 159, 17, NULL, NULL, NULL, NULL, 219),
(2868, 159, 9, NULL, NULL, NULL, NULL, 129),
(2869, 159, 8, NULL, NULL, NULL, NULL, 120),
(2870, 159, 7, NULL, NULL, NULL, NULL, 104),
(2871, 159, 28, NULL, NULL, NULL, NULL, 817),
(2872, 159, 18, NULL, NULL, NULL, NULL, 452),
(2873, 159, 19, NULL, NULL, NULL, NULL, 345),
(2874, 159, 10, NULL, NULL, NULL, NULL, 153),
(2875, 159, 12, 55, NULL, NULL, NULL, NULL),
(2876, 159, 13, 57, NULL, NULL, NULL, NULL),
(2877, 159, 14, 58, NULL, NULL, NULL, NULL),
(2878, 159, 15, 61, NULL, NULL, NULL, NULL),
(2879, 159, 11, NULL, NULL, 'South Africa', NULL, NULL),
(2880, 159, 20, 16800, NULL, NULL, NULL, NULL),
(2881, 160, 3, NULL, '3049', NULL, NULL, NULL),
(2882, 160, 26, NULL, NULL, NULL, NULL, 400),
(2883, 160, 23, NULL, NULL, NULL, NULL, 762),
(2884, 160, 27, NULL, NULL, NULL, NULL, 401),
(2885, 160, 16, NULL, NULL, NULL, NULL, 179),
(2886, 160, 17, NULL, NULL, NULL, NULL, 766),
(2887, 160, 9, NULL, NULL, NULL, NULL, 129),
(2888, 160, 8, NULL, NULL, NULL, NULL, 120),
(2889, 160, 7, NULL, NULL, NULL, NULL, 104),
(2890, 160, 28, NULL, NULL, NULL, NULL, 817),
(2891, 160, 18, NULL, NULL, NULL, NULL, 452),
(2892, 160, 19, NULL, NULL, NULL, NULL, 346),
(2893, 160, 10, NULL, NULL, NULL, NULL, 155),
(2894, 160, 12, 71, NULL, NULL, NULL, NULL),
(2895, 160, 13, 72, NULL, NULL, NULL, NULL),
(2896, 160, 14, 91, NULL, NULL, NULL, NULL),
(2897, 160, 15, 92, NULL, NULL, NULL, NULL),
(2898, 160, 11, NULL, NULL, 'Russia', NULL, NULL),
(2899, 160, 20, 24000, NULL, NULL, NULL, NULL),
(2900, 161, 3, NULL, '3057', NULL, NULL, NULL),
(2901, 161, 26, NULL, NULL, NULL, NULL, 400),
(2902, 161, 23, NULL, NULL, NULL, NULL, 762),
(2903, 161, 27, NULL, NULL, NULL, NULL, 401),
(2904, 161, 16, NULL, NULL, NULL, NULL, 162),
(2905, 161, 17, NULL, NULL, NULL, NULL, 767),
(2906, 161, 9, NULL, NULL, NULL, NULL, 129),
(2907, 161, 8, NULL, NULL, NULL, NULL, 120),
(2908, 161, 7, NULL, NULL, NULL, NULL, 104),
(2909, 161, 28, NULL, NULL, NULL, NULL, 817),
(2910, 161, 18, NULL, NULL, NULL, NULL, 452),
(2911, 161, 19, NULL, NULL, NULL, NULL, 346),
(2912, 161, 10, NULL, NULL, NULL, NULL, 152),
(2913, 161, 12, 60, NULL, NULL, NULL, NULL),
(2914, 161, 13, 61, NULL, NULL, NULL, NULL),
(2915, 161, 14, 78, NULL, NULL, NULL, NULL),
(2916, 161, 15, 82, NULL, NULL, NULL, NULL),
(2917, 161, 11, NULL, NULL, 'Japan', NULL, NULL),
(2918, 161, 20, 16800, NULL, NULL, NULL, NULL),
(2919, 162, 3, NULL, '3078', NULL, NULL, NULL),
(2920, 162, 26, NULL, NULL, NULL, NULL, 400),
(2921, 162, 23, NULL, NULL, NULL, NULL, 463),
(2922, 162, 27, NULL, NULL, NULL, NULL, 401),
(2923, 162, 16, NULL, NULL, NULL, NULL, 175),
(2924, 162, 17, NULL, NULL, NULL, NULL, 768),
(2925, 162, 9, NULL, NULL, NULL, NULL, 129),
(2926, 162, 8, NULL, NULL, NULL, NULL, 120),
(2927, 162, 7, NULL, NULL, NULL, NULL, 104),
(2928, 162, 28, NULL, NULL, NULL, NULL, 817),
(2929, 162, 18, NULL, NULL, NULL, NULL, 452),
(2930, 162, 19, NULL, NULL, NULL, NULL, 347),
(2931, 162, 10, NULL, NULL, NULL, NULL, 149),
(2932, 162, 12, 72, NULL, NULL, NULL, NULL),
(2933, 162, 13, 74, NULL, NULL, NULL, NULL),
(2934, 162, 14, 74, NULL, NULL, NULL, NULL),
(2935, 162, 15, 75, NULL, NULL, NULL, NULL),
(2936, 162, 11, NULL, NULL, 'Poland', NULL, NULL),
(2937, 162, 20, 40000, NULL, NULL, NULL, NULL),
(2938, 163, 3, NULL, '3084', NULL, NULL, NULL),
(2939, 163, 26, NULL, NULL, NULL, NULL, 400),
(2940, 163, 23, NULL, NULL, NULL, NULL, 463),
(2941, 163, 27, NULL, NULL, NULL, NULL, 401),
(2942, 163, 16, NULL, NULL, NULL, NULL, 159),
(2943, 163, 17, NULL, NULL, NULL, NULL, 769),
(2944, 163, 9, NULL, NULL, NULL, NULL, 129),
(2945, 163, 8, NULL, NULL, NULL, NULL, 120),
(2946, 163, 7, NULL, NULL, NULL, NULL, 104),
(2947, 163, 28, NULL, NULL, NULL, NULL, 817),
(2948, 163, 18, NULL, NULL, NULL, NULL, 452),
(2949, 163, 19, NULL, NULL, NULL, NULL, 345),
(2950, 163, 10, NULL, NULL, NULL, NULL, 148),
(2951, 163, 12, 35, NULL, NULL, NULL, NULL),
(2952, 163, 13, 52, NULL, NULL, NULL, NULL),
(2953, 163, 14, 53, NULL, NULL, NULL, NULL),
(2954, 163, 15, 45, NULL, NULL, NULL, NULL),
(2955, 163, 11, NULL, NULL, 'Japan', NULL, NULL),
(2956, 163, 20, 19200, NULL, NULL, NULL, NULL),
(2957, 164, 3, NULL, '3087', NULL, NULL, NULL),
(2958, 164, 26, NULL, NULL, NULL, NULL, 400),
(2959, 164, 23, NULL, NULL, NULL, NULL, 463),
(2960, 164, 27, NULL, NULL, NULL, NULL, 401),
(2961, 164, 16, NULL, NULL, NULL, NULL, 159),
(2962, 164, 17, NULL, NULL, NULL, NULL, 769),
(2963, 164, 9, NULL, NULL, NULL, NULL, 129),
(2964, 164, 8, NULL, NULL, NULL, NULL, 120),
(2965, 164, 7, NULL, NULL, NULL, NULL, 104),
(2966, 164, 28, NULL, NULL, NULL, NULL, 815),
(2967, 164, 18, NULL, NULL, NULL, NULL, 452),
(2968, 164, 19, NULL, NULL, NULL, NULL, 345),
(2969, 164, 10, NULL, NULL, NULL, NULL, 149),
(2970, 164, 12, 72, NULL, NULL, NULL, NULL),
(2971, 164, 13, 80, NULL, NULL, NULL, NULL),
(2972, 164, 11, NULL, NULL, 'Japan', NULL, NULL),
(2973, 164, 20, 12000, NULL, NULL, NULL, NULL),
(2974, 165, 3, NULL, '3088', NULL, NULL, NULL),
(2975, 165, 26, NULL, NULL, NULL, NULL, 400),
(2976, 165, 23, NULL, NULL, NULL, NULL, 463),
(2977, 165, 27, NULL, NULL, NULL, NULL, 401),
(2978, 165, 16, NULL, NULL, NULL, NULL, 175),
(2979, 165, 17, NULL, NULL, NULL, NULL, 770),
(2980, 165, 9, NULL, NULL, NULL, NULL, 129),
(2981, 165, 8, NULL, NULL, NULL, NULL, 120),
(2982, 165, 7, NULL, NULL, NULL, NULL, 104),
(2983, 165, 28, NULL, NULL, NULL, NULL, 815),
(2984, 165, 18, NULL, NULL, NULL, NULL, 450),
(2985, 165, 19, NULL, NULL, NULL, NULL, 345),
(2986, 165, 10, NULL, NULL, NULL, NULL, 145),
(2987, 165, 12, 100, NULL, NULL, NULL, NULL),
(2988, 165, 13, 100, NULL, NULL, NULL, NULL),
(2989, 165, 11, NULL, NULL, 'USA', NULL, NULL),
(2990, 165, 20, 12000, NULL, NULL, NULL, NULL),
(2991, 166, 3, NULL, '3098', NULL, NULL, NULL),
(2992, 166, 26, NULL, NULL, NULL, NULL, 818),
(2993, 166, 23, NULL, NULL, NULL, NULL, 762),
(2994, 166, 27, NULL, NULL, NULL, NULL, 401),
(2995, 166, 16, NULL, NULL, NULL, NULL, 179),
(2996, 166, 17, NULL, NULL, NULL, NULL, 249),
(2997, 166, 9, NULL, NULL, NULL, NULL, 129),
(2998, 166, 8, NULL, NULL, NULL, NULL, 120),
(2999, 166, 7, NULL, NULL, NULL, NULL, 104),
(3000, 166, 28, NULL, NULL, NULL, NULL, 814),
(3001, 166, 18, NULL, NULL, NULL, NULL, 456),
(3002, 166, 19, NULL, NULL, NULL, NULL, 346),
(3003, 166, 10, NULL, NULL, NULL, NULL, 148),
(3004, 166, 12, 999, NULL, NULL, NULL, NULL),
(3005, 166, 11, NULL, NULL, 'Russia', NULL, NULL),
(3006, 166, 20, 8400, NULL, NULL, NULL, NULL),
(3007, 167, 3, NULL, '3101', NULL, NULL, NULL),
(3008, 167, 26, NULL, NULL, NULL, NULL, 400),
(3009, 167, 23, NULL, NULL, NULL, NULL, 463),
(3010, 167, 27, NULL, NULL, NULL, NULL, 401),
(3011, 167, 16, NULL, NULL, NULL, NULL, 159),
(3012, 167, 17, NULL, NULL, NULL, NULL, 771),
(3013, 167, 9, NULL, NULL, NULL, NULL, 129),
(3014, 167, 8, NULL, NULL, NULL, NULL, 120),
(3015, 167, 7, NULL, NULL, NULL, NULL, 104),
(3016, 167, 28, NULL, NULL, NULL, NULL, 816),
(3017, 167, 18, NULL, NULL, NULL, NULL, 452),
(3018, 167, 19, NULL, NULL, NULL, NULL, 346),
(3019, 167, 10, NULL, NULL, NULL, NULL, 146),
(3020, 167, 12, 54, NULL, NULL, NULL, NULL),
(3021, 167, 13, 63, NULL, NULL, NULL, NULL),
(3022, 167, 14, 82, NULL, NULL, NULL, NULL),
(3023, 167, 11, NULL, NULL, 'Japan', NULL, NULL),
(3024, 167, 20, 14400, NULL, NULL, NULL, NULL),
(3025, 168, 3, NULL, '3114', NULL, NULL, NULL),
(3026, 168, 26, NULL, NULL, NULL, NULL, 400),
(3027, 168, 23, NULL, NULL, NULL, NULL, 463),
(3028, 168, 27, NULL, NULL, NULL, NULL, 401),
(3029, 168, 16, NULL, NULL, NULL, NULL, 162),
(3030, 168, 17, NULL, NULL, NULL, NULL, 772),
(3031, 168, 9, NULL, NULL, NULL, NULL, 129),
(3032, 168, 8, NULL, NULL, NULL, NULL, 120),
(3033, 168, 7, NULL, NULL, NULL, NULL, 104),
(3034, 168, 28, NULL, NULL, NULL, NULL, 816),
(3035, 168, 18, NULL, NULL, NULL, NULL, 450),
(3036, 168, 19, NULL, NULL, NULL, NULL, 345),
(3037, 168, 10, NULL, NULL, NULL, NULL, 146),
(3038, 168, 12, 46, NULL, NULL, NULL, NULL),
(3039, 168, 13, 47, NULL, NULL, NULL, NULL),
(3040, 168, 14, 51, NULL, NULL, NULL, NULL),
(3041, 168, 11, NULL, NULL, 'USA', NULL, NULL),
(3042, 168, 20, 4000, NULL, NULL, NULL, NULL),
(3043, 169, 3, NULL, '3116', NULL, NULL, NULL),
(3044, 169, 26, NULL, NULL, NULL, NULL, 400),
(3045, 169, 23, NULL, NULL, NULL, NULL, 463),
(3046, 169, 27, NULL, NULL, NULL, NULL, 401),
(3047, 169, 16, NULL, NULL, NULL, NULL, 159),
(3048, 169, 17, NULL, NULL, NULL, NULL, 769),
(3049, 169, 9, NULL, NULL, NULL, NULL, 129),
(3050, 169, 8, NULL, NULL, NULL, NULL, 120),
(3051, 169, 7, NULL, NULL, NULL, NULL, 104),
(3052, 169, 28, NULL, NULL, NULL, NULL, 815),
(3053, 169, 18, NULL, NULL, NULL, NULL, 452),
(3054, 169, 19, NULL, NULL, NULL, NULL, 345),
(3055, 169, 10, NULL, NULL, NULL, NULL, 148),
(3056, 169, 12, 30, NULL, NULL, NULL, NULL),
(3057, 169, 13, 38, NULL, NULL, NULL, NULL),
(3058, 169, 11, NULL, NULL, 'Japan', NULL, NULL),
(3059, 169, 20, 2500, NULL, NULL, NULL, NULL),
(3060, 170, 3, NULL, '3124', NULL, NULL, NULL),
(3061, 170, 26, NULL, NULL, NULL, NULL, 400),
(3062, 170, 23, NULL, NULL, NULL, NULL, 463),
(3063, 170, 27, NULL, NULL, NULL, NULL, 401),
(3064, 170, 16, NULL, NULL, NULL, NULL, 159),
(3065, 170, 17, NULL, NULL, NULL, NULL, 769),
(3066, 170, 9, NULL, NULL, NULL, NULL, 129),
(3067, 170, 8, NULL, NULL, NULL, NULL, 120),
(3068, 170, 7, NULL, NULL, NULL, NULL, 104),
(3069, 170, 28, NULL, NULL, NULL, NULL, 814),
(3070, 170, 18, NULL, NULL, NULL, NULL, 452),
(3071, 170, 19, NULL, NULL, NULL, NULL, 345),
(3072, 170, 10, NULL, NULL, NULL, NULL, 149),
(3073, 170, 12, 48, NULL, NULL, NULL, NULL),
(3074, 170, 11, NULL, NULL, 'Japan', NULL, NULL),
(3075, 170, 20, 3000, NULL, NULL, NULL, NULL),
(3076, 171, 3, NULL, '7925', NULL, NULL, NULL),
(3077, 171, 26, NULL, NULL, NULL, NULL, 399),
(3078, 171, 23, NULL, NULL, NULL, NULL, 465),
(3079, 171, 27, NULL, NULL, NULL, NULL, 401),
(3080, 171, 16, NULL, NULL, NULL, NULL, 159),
(3081, 171, 17, NULL, NULL, NULL, NULL, 206),
(3082, 171, 9, NULL, NULL, NULL, NULL, 129),
(3083, 171, 8, NULL, NULL, NULL, NULL, 120),
(3084, 171, 7, NULL, NULL, NULL, NULL, 104),
(3085, 171, 28, NULL, NULL, NULL, NULL, 817),
(3086, 171, 18, NULL, NULL, NULL, NULL, 452),
(3087, 171, 19, NULL, NULL, NULL, NULL, 343),
(3088, 171, 10, NULL, NULL, NULL, NULL, 144),
(3089, 171, 12, 87, NULL, NULL, NULL, NULL),
(3090, 171, 13, 89, NULL, NULL, NULL, NULL),
(3091, 171, 14, 89, NULL, NULL, NULL, NULL),
(3092, 171, 15, 89, NULL, NULL, NULL, NULL),
(3093, 171, 11, NULL, NULL, 'Japan', NULL, NULL),
(3094, 171, 20, 17900, NULL, NULL, NULL, NULL),
(3095, 172, 3, NULL, '3065', NULL, NULL, NULL),
(3096, 172, 26, NULL, NULL, NULL, NULL, 400),
(3097, 172, 23, NULL, NULL, NULL, NULL, 463),
(3098, 172, 27, NULL, NULL, NULL, NULL, 401),
(3099, 172, 16, NULL, NULL, NULL, NULL, 162),
(3100, 172, 17, NULL, NULL, NULL, NULL, 772),
(3101, 172, 9, NULL, NULL, NULL, NULL, 129),
(3102, 172, 8, NULL, NULL, NULL, NULL, 120),
(3103, 172, 7, NULL, NULL, NULL, NULL, 105),
(3104, 172, 28, NULL, NULL, NULL, NULL, 815),
(3105, 172, 18, NULL, NULL, NULL, NULL, 459),
(3106, 172, 19, NULL, NULL, NULL, NULL, 346),
(3107, 172, 10, NULL, NULL, NULL, NULL, 148),
(3108, 172, 12, 48, NULL, NULL, NULL, NULL),
(3109, 172, 13, 52, NULL, NULL, NULL, NULL),
(3110, 172, 11, NULL, NULL, 'Japan', NULL, NULL),
(3111, 172, 20, 40000, NULL, NULL, NULL, NULL),
(3112, 173, 3, NULL, '3120', NULL, NULL, NULL),
(3113, 173, 26, NULL, NULL, NULL, NULL, 818),
(3114, 173, 23, NULL, NULL, NULL, NULL, 463),
(3115, 173, 27, NULL, NULL, NULL, NULL, 401),
(3116, 173, 16, NULL, NULL, NULL, NULL, 162),
(3117, 173, 17, NULL, NULL, NULL, NULL, 772),
(3118, 173, 9, NULL, NULL, NULL, NULL, 129),
(3119, 173, 8, NULL, NULL, NULL, NULL, 120),
(3120, 173, 7, NULL, NULL, NULL, NULL, 105),
(3121, 173, 28, NULL, NULL, NULL, NULL, 814),
(3122, 173, 18, NULL, NULL, NULL, NULL, 455),
(3123, 173, 19, NULL, NULL, NULL, NULL, 347),
(3124, 173, 10, NULL, NULL, NULL, NULL, 145),
(3125, 173, 12, 999, NULL, NULL, NULL, NULL),
(3126, 173, 11, NULL, NULL, 'Japan', NULL, NULL),
(3127, 173, 20, 6000, NULL, NULL, NULL, NULL),
(3128, 174, 3, NULL, '3127', NULL, NULL, NULL),
(3129, 174, 26, NULL, NULL, NULL, NULL, 400),
(3130, 174, 23, NULL, NULL, NULL, NULL, 463),
(3131, 174, 27, NULL, NULL, NULL, NULL, 401),
(3132, 174, 16, NULL, NULL, NULL, NULL, 162),
(3133, 174, 17, NULL, NULL, NULL, NULL, 773),
(3134, 174, 9, NULL, NULL, NULL, NULL, 129),
(3135, 174, 8, NULL, NULL, NULL, NULL, 120),
(3136, 174, 7, NULL, NULL, NULL, NULL, 105),
(3137, 174, 28, NULL, NULL, NULL, NULL, 814),
(3138, 174, 18, NULL, NULL, NULL, NULL, 455),
(3139, 174, 19, NULL, NULL, NULL, NULL, 346),
(3140, 174, 10, NULL, NULL, NULL, NULL, 143),
(3141, 174, 12, 100, NULL, NULL, NULL, NULL),
(3142, 174, 11, NULL, NULL, 'Japan', NULL, NULL),
(3143, 174, 20, 5000, NULL, NULL, NULL, NULL),
(3144, 175, 3, NULL, '3035', NULL, NULL, NULL),
(3145, 175, 26, NULL, NULL, NULL, NULL, 400),
(3146, 175, 23, NULL, NULL, NULL, NULL, 463),
(3147, 175, 27, NULL, NULL, NULL, NULL, 401),
(3148, 175, 16, NULL, NULL, NULL, NULL, 179),
(3149, 175, 17, NULL, NULL, NULL, NULL, 248),
(3150, 175, 9, NULL, NULL, NULL, NULL, 129),
(3151, 175, 8, NULL, NULL, NULL, NULL, 120),
(3152, 175, 7, NULL, NULL, NULL, NULL, 106),
(3153, 175, 28, NULL, NULL, NULL, NULL, 817),
(3154, 175, 18, NULL, NULL, NULL, NULL, 450),
(3155, 175, 19, NULL, NULL, NULL, NULL, 347),
(3156, 175, 10, NULL, NULL, NULL, NULL, 154),
(3157, 175, 12, 47, NULL, NULL, NULL, NULL),
(3158, 175, 13, 53, NULL, NULL, NULL, NULL),
(3159, 175, 14, 69, NULL, NULL, NULL, NULL),
(3160, 175, 15, 70, NULL, NULL, NULL, NULL),
(3161, 175, 11, NULL, NULL, 'Russia', NULL, NULL),
(3162, 175, 20, 21600, NULL, NULL, NULL, NULL),
(3163, 176, 3, NULL, '3070', NULL, NULL, NULL),
(3164, 176, 26, NULL, NULL, NULL, NULL, 400),
(3165, 176, 23, NULL, NULL, NULL, NULL, 465),
(3166, 176, 27, NULL, NULL, NULL, NULL, 401),
(3167, 176, 16, NULL, NULL, NULL, NULL, 179),
(3168, 176, 17, NULL, NULL, NULL, NULL, 249),
(3169, 176, 9, NULL, NULL, NULL, NULL, 129),
(3170, 176, 8, NULL, NULL, NULL, NULL, 120),
(3171, 176, 7, NULL, NULL, NULL, NULL, 106),
(3172, 176, 28, NULL, NULL, NULL, NULL, 817),
(3173, 176, 18, NULL, NULL, NULL, NULL, 456),
(3174, 176, 19, NULL, NULL, NULL, NULL, 346),
(3175, 176, 10, NULL, NULL, NULL, NULL, 149),
(3176, 176, 12, 54, NULL, NULL, NULL, NULL),
(3177, 176, 13, 55, NULL, NULL, NULL, NULL),
(3178, 176, 14, 59, NULL, NULL, NULL, NULL),
(3179, 176, 15, 59, NULL, NULL, NULL, NULL),
(3180, 176, 11, NULL, NULL, 'Russia', NULL, NULL),
(3181, 176, 20, 33000, NULL, NULL, NULL, NULL),
(3182, 177, 3, NULL, '3099', NULL, NULL, NULL),
(3183, 177, 26, NULL, NULL, NULL, NULL, 400),
(3184, 177, 23, NULL, NULL, NULL, NULL, 762),
(3185, 177, 27, NULL, NULL, NULL, NULL, 401),
(3186, 177, 16, NULL, NULL, NULL, NULL, 179),
(3187, 177, 17, NULL, NULL, NULL, NULL, 249),
(3188, 177, 9, NULL, NULL, NULL, NULL, 129),
(3189, 177, 8, NULL, NULL, NULL, NULL, 120),
(3190, 177, 7, NULL, NULL, NULL, NULL, 106),
(3191, 177, 28, NULL, NULL, NULL, NULL, 814),
(3192, 177, 18, NULL, NULL, NULL, NULL, 456),
(3193, 177, 19, NULL, NULL, NULL, NULL, 346),
(3194, 177, 10, NULL, NULL, NULL, NULL, 149),
(3195, 177, 12, 68, NULL, NULL, NULL, NULL),
(3196, 177, 11, NULL, NULL, 'Russia', NULL, NULL),
(3197, 177, 20, 3500, NULL, NULL, NULL, NULL),
(3198, 178, 3, NULL, '3137', NULL, NULL, NULL),
(3199, 178, 26, NULL, NULL, NULL, NULL, 400),
(3200, 178, 23, NULL, NULL, NULL, NULL, 463),
(3201, 178, 27, NULL, NULL, NULL, NULL, 401),
(3202, 178, 16, NULL, NULL, NULL, NULL, 162),
(3203, 178, 17, NULL, NULL, NULL, NULL, 773),
(3204, 178, 9, NULL, NULL, NULL, NULL, 129),
(3205, 178, 8, NULL, NULL, NULL, NULL, 120),
(3206, 178, 7, NULL, NULL, NULL, NULL, 106),
(3207, 178, 28, NULL, NULL, NULL, NULL, 814),
(3208, 178, 18, NULL, NULL, NULL, NULL, 456),
(3209, 178, 19, NULL, NULL, NULL, NULL, 347),
(3210, 178, 10, NULL, NULL, NULL, NULL, 150),
(3211, 178, 12, 50, NULL, NULL, NULL, NULL),
(3212, 178, 11, NULL, NULL, 'Japan', NULL, NULL),
(3213, 178, 20, 0, NULL, NULL, NULL, NULL),
(3214, 179, 3, NULL, '3073', NULL, NULL, NULL),
(3215, 179, 26, NULL, NULL, NULL, NULL, 400),
(3216, 179, 23, NULL, NULL, NULL, NULL, 762),
(3217, 179, 27, NULL, NULL, NULL, NULL, 401),
(3218, 179, 16, NULL, NULL, NULL, NULL, 179),
(3219, 179, 17, NULL, NULL, NULL, NULL, 774),
(3220, 179, 9, NULL, NULL, NULL, NULL, 129),
(3221, 179, 8, NULL, NULL, NULL, NULL, 121),
(3222, 179, 7, NULL, NULL, NULL, NULL, 104),
(3223, 179, 28, NULL, NULL, NULL, NULL, 817),
(3224, 179, 18, NULL, NULL, NULL, NULL, 453),
(3225, 179, 19, NULL, NULL, NULL, NULL, 346),
(3226, 179, 10, NULL, NULL, NULL, NULL, 146),
(3227, 179, 12, 66, NULL, NULL, NULL, NULL),
(3228, 179, 13, 72, NULL, NULL, NULL, NULL),
(3229, 179, 14, 72, NULL, NULL, NULL, NULL),
(3230, 179, 15, 74, NULL, NULL, NULL, NULL),
(3231, 179, 11, NULL, NULL, 'Finland', NULL, NULL),
(3232, 179, 20, 21600, NULL, NULL, NULL, NULL),
(3233, 180, 3, NULL, '3097', NULL, NULL, NULL),
(3234, 180, 26, NULL, NULL, NULL, NULL, 400),
(3235, 180, 23, NULL, NULL, NULL, NULL, 762),
(3236, 180, 27, NULL, NULL, NULL, NULL, 401),
(3237, 180, 16, NULL, NULL, NULL, NULL, 775),
(3238, 180, 17, NULL, NULL, NULL, NULL, 776),
(3239, 180, 9, NULL, NULL, NULL, NULL, 129),
(3240, 180, 8, NULL, NULL, NULL, NULL, 121),
(3241, 180, 7, NULL, NULL, NULL, NULL, 104),
(3242, 180, 28, NULL, NULL, NULL, NULL, 815),
(3243, 180, 18, NULL, NULL, NULL, NULL, 455),
(3244, 180, 19, NULL, NULL, NULL, NULL, 345),
(3245, 180, 10, NULL, NULL, NULL, NULL, 146),
(3246, 180, 12, 71, NULL, NULL, NULL, NULL),
(3247, 180, 13, 76, NULL, NULL, NULL, NULL),
(3248, 180, 11, NULL, NULL, 'USA', NULL, NULL),
(3249, 180, 20, 7200, NULL, NULL, NULL, NULL),
(3250, 181, 3, NULL, '7906', NULL, NULL, NULL),
(3251, 181, 26, NULL, NULL, NULL, NULL, 399),
(3252, 181, 23, NULL, NULL, NULL, NULL, 465),
(3253, 181, 27, NULL, NULL, NULL, NULL, 401),
(3254, 181, 16, NULL, NULL, NULL, NULL, 159),
(3255, 181, 17, NULL, NULL, NULL, NULL, 206),
(3256, 181, 9, NULL, NULL, NULL, NULL, 129),
(3257, 181, 8, NULL, NULL, NULL, NULL, 121),
(3258, 181, 7, NULL, NULL, NULL, NULL, 104),
(3259, 181, 28, NULL, NULL, NULL, NULL, 817),
(3260, 181, 18, NULL, NULL, NULL, NULL, 455),
(3261, 181, 19, NULL, NULL, NULL, NULL, 343),
(3262, 181, 10, NULL, NULL, NULL, NULL, 149),
(3263, 181, 12, 95, NULL, NULL, NULL, NULL),
(3264, 181, 13, 96, NULL, NULL, NULL, NULL),
(3265, 181, 14, 97, NULL, NULL, NULL, NULL),
(3266, 181, 15, 98, NULL, NULL, NULL, NULL),
(3267, 181, 11, NULL, NULL, 'Japan', NULL, NULL),
(3268, 181, 20, 19900, NULL, NULL, NULL, NULL),
(3269, 182, 3, NULL, '8118', NULL, NULL, NULL),
(3270, 182, 26, NULL, NULL, NULL, NULL, 399),
(3271, 182, 23, NULL, NULL, NULL, NULL, 463),
(3272, 182, 27, NULL, NULL, NULL, NULL, 402),
(3273, 182, 16, NULL, NULL, NULL, NULL, 185),
(3274, 182, 17, NULL, NULL, NULL, NULL, 721),
(3275, 182, 9, NULL, NULL, NULL, NULL, 130),
(3276, 182, 8, NULL, NULL, NULL, NULL, 114),
(3277, 182, 7, NULL, NULL, NULL, NULL, 99),
(3278, 182, 28, NULL, NULL, NULL, NULL, 817),
(3279, 182, 18, NULL, NULL, NULL, NULL, 424),
(3280, 182, 19, NULL, NULL, NULL, NULL, 349),
(3281, 182, 10, NULL, NULL, NULL, NULL, 149),
(3282, 182, 12, 50, NULL, NULL, NULL, NULL),
(3283, 182, 13, 50, NULL, NULL, NULL, NULL),
(3284, 182, 14, 53, NULL, NULL, NULL, NULL),
(3285, 182, 15, 60, NULL, NULL, NULL, NULL),
(3286, 182, 11, NULL, NULL, 'Japan', NULL, NULL),
(3287, 182, 20, 15500, NULL, NULL, NULL, NULL),
(3288, 183, 3, NULL, '1033-2', NULL, NULL, NULL),
(3289, 183, 26, NULL, NULL, NULL, NULL, 400),
(3290, 183, 23, NULL, NULL, NULL, NULL, 463),
(3291, 183, 27, NULL, NULL, NULL, NULL, 401),
(3292, 183, 16, NULL, NULL, NULL, NULL, 178),
(3293, 183, 17, NULL, NULL, NULL, NULL, 777),
(3294, 183, 9, NULL, NULL, NULL, NULL, 130),
(3295, 183, 8, NULL, NULL, NULL, NULL, 114),
(3296, 183, 7, NULL, NULL, NULL, NULL, 103),
(3297, 183, 28, NULL, NULL, NULL, NULL, 815),
(3298, 183, 18, NULL, NULL, NULL, NULL, 461),
(3299, 183, 19, NULL, NULL, NULL, NULL, 352),
(3300, 183, 10, NULL, NULL, NULL, NULL, 150),
(3301, 183, 12, 56, NULL, NULL, NULL, NULL),
(3302, 183, 13, 58, NULL, NULL, NULL, NULL),
(3303, 183, 11, NULL, NULL, 'China', NULL, NULL),
(3304, 183, 20, 6900, NULL, NULL, NULL, NULL),
(3305, 184, 3, NULL, '8123', NULL, NULL, NULL),
(3306, 184, 26, NULL, NULL, NULL, NULL, 399),
(3307, 184, 23, NULL, NULL, NULL, NULL, 463),
(3308, 184, 27, NULL, NULL, NULL, NULL, 402),
(3309, 184, 16, NULL, NULL, NULL, NULL, 177),
(3310, 184, 17, NULL, NULL, NULL, NULL, 778),
(3311, 184, 9, NULL, NULL, NULL, NULL, 130),
(3312, 184, 8, NULL, NULL, NULL, NULL, 114),
(3313, 184, 7, NULL, NULL, NULL, NULL, 103),
(3314, 184, 28, NULL, NULL, NULL, NULL, 815),
(3315, 184, 18, NULL, NULL, NULL, NULL, 434),
(3316, 184, 19, NULL, NULL, NULL, NULL, 347),
(3317, 184, 10, NULL, NULL, NULL, NULL, 152),
(3318, 184, 12, 62, NULL, NULL, NULL, NULL),
(3319, 184, 13, 64, NULL, NULL, NULL, NULL),
(3320, 184, 11, NULL, NULL, 'Taiwan', NULL, NULL),
(3321, 184, 20, 8400, NULL, NULL, NULL, NULL),
(3322, 185, 3, NULL, '8127', NULL, NULL, NULL),
(3323, 185, 26, NULL, NULL, NULL, NULL, 399),
(3324, 185, 23, NULL, NULL, NULL, NULL, 463),
(3325, 185, 27, NULL, NULL, NULL, NULL, 402),
(3326, 185, 16, NULL, NULL, NULL, NULL, 161),
(3327, 185, 17, NULL, NULL, NULL, NULL, 779),
(3328, 185, 9, NULL, NULL, NULL, NULL, 130),
(3329, 185, 8, NULL, NULL, NULL, NULL, 114),
(3330, 185, 7, NULL, NULL, NULL, NULL, 104),
(3331, 185, 28, NULL, NULL, NULL, NULL, 815),
(3332, 185, 18, NULL, NULL, NULL, NULL, 434),
(3333, 185, 19, NULL, NULL, NULL, NULL, 350),
(3334, 185, 10, NULL, NULL, NULL, NULL, 148),
(3335, 185, 12, 25, NULL, NULL, NULL, NULL),
(3336, 185, 13, 30, NULL, NULL, NULL, NULL),
(3337, 185, 11, NULL, NULL, 'Czech Rep', NULL, NULL),
(3338, 185, 20, 0, NULL, NULL, NULL, NULL),
(3339, 186, 3, NULL, '8895-1', NULL, NULL, NULL),
(3340, 186, 26, NULL, NULL, NULL, NULL, 399),
(3341, 186, 23, NULL, NULL, NULL, NULL, 463),
(3342, 186, 27, NULL, NULL, NULL, NULL, 401),
(3343, 186, 16, NULL, NULL, NULL, NULL, 159),
(3344, 186, 17, NULL, NULL, NULL, NULL, 286),
(3345, 186, 9, NULL, NULL, NULL, NULL, 130),
(3346, 186, 8, NULL, NULL, NULL, NULL, 115),
(3347, 186, 7, NULL, NULL, NULL, NULL, 99),
(3348, 186, 28, NULL, NULL, NULL, NULL, 815),
(3349, 186, 18, NULL, NULL, NULL, NULL, 425),
(3350, 186, 19, NULL, NULL, NULL, NULL, 349),
(3351, 186, 10, NULL, NULL, NULL, NULL, 149),
(3352, 186, 12, 50, NULL, NULL, NULL, NULL),
(3353, 186, 13, 58, NULL, NULL, NULL, NULL),
(3354, 186, 11, NULL, NULL, 'Japan', NULL, NULL),
(3355, 186, 20, 5900, NULL, NULL, NULL, NULL),
(3356, 187, 3, NULL, '8112', NULL, NULL, NULL),
(3357, 187, 26, NULL, NULL, NULL, NULL, 399),
(3358, 187, 23, NULL, NULL, NULL, NULL, 463),
(3359, 187, 27, NULL, NULL, NULL, NULL, 402),
(3360, 187, 16, NULL, NULL, NULL, NULL, 159),
(3361, 187, 17, NULL, NULL, NULL, NULL, 315),
(3362, 187, 9, NULL, NULL, NULL, NULL, 130),
(3363, 187, 8, NULL, NULL, NULL, NULL, 115),
(3364, 187, 7, NULL, NULL, NULL, NULL, 100),
(3365, 187, 28, NULL, NULL, NULL, NULL, 815),
(3366, 187, 18, NULL, NULL, NULL, NULL, 428),
(3367, 187, 19, NULL, NULL, NULL, NULL, 349),
(3368, 187, 10, NULL, NULL, NULL, NULL, 152),
(3369, 187, 12, 54, NULL, NULL, NULL, NULL),
(3370, 187, 13, 56, NULL, NULL, NULL, NULL),
(3371, 187, 11, NULL, NULL, 'Japan', NULL, NULL),
(3372, 187, 20, 5900, NULL, NULL, NULL, NULL),
(3373, 188, 3, NULL, '8122', NULL, NULL, NULL),
(3374, 188, 26, NULL, NULL, NULL, NULL, 399),
(3375, 188, 23, NULL, NULL, NULL, NULL, 463),
(3376, 188, 27, NULL, NULL, NULL, NULL, 402),
(3377, 188, 16, NULL, NULL, NULL, NULL, 177),
(3378, 188, 17, NULL, NULL, NULL, NULL, 778),
(3379, 188, 9, NULL, NULL, NULL, NULL, 130),
(3380, 188, 8, NULL, NULL, NULL, NULL, 115),
(3381, 188, 7, NULL, NULL, NULL, NULL, 100),
(3382, 188, 28, NULL, NULL, NULL, NULL, 815),
(3383, 188, 18, NULL, NULL, NULL, NULL, 432),
(3384, 188, 19, NULL, NULL, NULL, NULL, 347),
(3385, 188, 10, NULL, NULL, NULL, NULL, 152),
(3386, 188, 12, 63, NULL, NULL, NULL, NULL),
(3387, 188, 13, 65, NULL, NULL, NULL, NULL),
(3388, 188, 11, NULL, NULL, 'Taiwan', NULL, NULL),
(3389, 188, 20, 7900, NULL, NULL, NULL, NULL),
(3390, 189, 3, NULL, '8129', NULL, NULL, NULL),
(3391, 189, 26, NULL, NULL, NULL, NULL, 399),
(3392, 189, 23, NULL, NULL, NULL, NULL, 463),
(3393, 189, 27, NULL, NULL, NULL, NULL, 402),
(3394, 189, 16, NULL, NULL, NULL, NULL, 159),
(3395, 189, 17, NULL, NULL, NULL, NULL, 718),
(3396, 189, 9, NULL, NULL, NULL, NULL, 130),
(3397, 189, 8, NULL, NULL, NULL, NULL, 115),
(3398, 189, 7, NULL, NULL, NULL, NULL, 100),
(3399, 189, 28, NULL, NULL, NULL, NULL, 815),
(3400, 189, 18, NULL, NULL, NULL, NULL, 432),
(3401, 189, 19, NULL, NULL, NULL, NULL, 349),
(3402, 189, 10, NULL, NULL, NULL, NULL, 150),
(3403, 189, 12, 55, NULL, NULL, NULL, NULL),
(3404, 189, 13, 59, NULL, NULL, NULL, NULL),
(3405, 189, 11, NULL, NULL, 'Japan', NULL, NULL),
(3406, 189, 20, 0, NULL, NULL, NULL, NULL),
(3407, 190, 3, NULL, '8813', NULL, NULL, NULL),
(3408, 190, 26, NULL, NULL, NULL, NULL, 399),
(3409, 190, 23, NULL, NULL, NULL, NULL, 463),
(3410, 190, 27, NULL, NULL, NULL, NULL, 401),
(3411, 190, 16, NULL, NULL, NULL, NULL, 780),
(3412, 190, 17, NULL, NULL, NULL, NULL, 252),
(3413, 190, 9, NULL, NULL, NULL, NULL, 130),
(3414, 190, 8, NULL, NULL, NULL, NULL, 115),
(3415, 190, 7, NULL, NULL, NULL, NULL, 100),
(3416, 190, 28, NULL, NULL, NULL, NULL, 817),
(3417, 190, 18, NULL, NULL, NULL, NULL, 432),
(3418, 190, 19, NULL, NULL, NULL, NULL, 348),
(3419, 190, 10, NULL, NULL, NULL, NULL, 154),
(3420, 190, 12, 999, NULL, NULL, NULL, NULL),
(3421, 190, 13, 999, NULL, NULL, NULL, NULL),
(3422, 190, 14, 999, NULL, NULL, NULL, NULL),
(3423, 190, 15, 999, NULL, NULL, NULL, NULL),
(3424, 190, 11, NULL, NULL, 'China', NULL, NULL),
(3425, 190, 20, 14900, NULL, NULL, NULL, NULL),
(3426, 191, 3, NULL, '8829-2', NULL, NULL, NULL),
(3427, 191, 26, NULL, NULL, NULL, NULL, 399),
(3428, 191, 23, NULL, NULL, NULL, NULL, 463),
(3429, 191, 27, NULL, NULL, NULL, NULL, 401),
(3430, 191, 16, NULL, NULL, NULL, NULL, 159),
(3431, 191, 17, NULL, NULL, NULL, NULL, 302),
(3432, 191, 9, NULL, NULL, NULL, NULL, 130),
(3433, 191, 8, NULL, NULL, NULL, NULL, 115),
(3434, 191, 7, NULL, NULL, NULL, NULL, 100),
(3435, 191, 28, NULL, NULL, NULL, NULL, 815),
(3436, 191, 18, NULL, NULL, NULL, NULL, 428),
(3437, 191, 19, NULL, NULL, NULL, NULL, 349),
(3438, 191, 10, NULL, NULL, NULL, NULL, 146),
(3439, 191, 12, 48, NULL, NULL, NULL, NULL),
(3440, 191, 13, 50, NULL, NULL, NULL, NULL),
(3441, 191, 11, NULL, NULL, 'Japan', NULL, NULL),
(3442, 191, 20, 7500, NULL, NULL, NULL, NULL),
(3443, 192, 3, NULL, '8849-1', NULL, NULL, NULL),
(3444, 192, 26, NULL, NULL, NULL, NULL, 399),
(3445, 192, 23, NULL, NULL, NULL, NULL, 463),
(3446, 192, 27, NULL, NULL, NULL, NULL, 401),
(3447, 192, 16, NULL, NULL, NULL, NULL, 161),
(3448, 192, 17, NULL, NULL, NULL, NULL, 781),
(3449, 192, 9, NULL, NULL, NULL, NULL, 130),
(3450, 192, 8, NULL, NULL, NULL, NULL, 115),
(3451, 192, 7, NULL, NULL, NULL, NULL, 100),
(3452, 192, 28, NULL, NULL, NULL, NULL, 815),
(3453, 192, 18, NULL, NULL, NULL, NULL, 432),
(3454, 192, 19, NULL, NULL, NULL, NULL, 350),
(3455, 192, 10, NULL, NULL, NULL, NULL, 152),
(3456, 192, 12, 69, NULL, NULL, NULL, NULL),
(3457, 192, 13, 69, NULL, NULL, NULL, NULL),
(3458, 192, 11, NULL, NULL, 'Czech Republik', NULL, NULL),
(3459, 192, 20, 10900, NULL, NULL, NULL, NULL),
(3460, 193, 3, NULL, '8891-2', NULL, NULL, NULL);
INSERT INTO `good_attribute` (`id`, `good_id`, `attribute_id`, `int_value`, `varchar_value`, `text_value`, `float_value`, `variant_id`) VALUES
(3461, 193, 26, NULL, NULL, NULL, NULL, 399),
(3462, 193, 23, NULL, NULL, NULL, NULL, 463),
(3463, 193, 27, NULL, NULL, NULL, NULL, 401),
(3464, 193, 16, NULL, NULL, NULL, NULL, 161),
(3465, 193, 17, NULL, NULL, NULL, NULL, 203),
(3466, 193, 9, NULL, NULL, NULL, NULL, 130),
(3467, 193, 8, NULL, NULL, NULL, NULL, 115),
(3468, 193, 7, NULL, NULL, NULL, NULL, 100),
(3469, 193, 28, NULL, NULL, NULL, NULL, 815),
(3470, 193, 18, NULL, NULL, NULL, NULL, 428),
(3471, 193, 19, NULL, NULL, NULL, NULL, 349),
(3472, 193, 10, NULL, NULL, NULL, NULL, 152),
(3473, 193, 12, 55, NULL, NULL, NULL, NULL),
(3474, 193, 13, 57, NULL, NULL, NULL, NULL),
(3475, 193, 11, NULL, NULL, 'Czech Republik', NULL, NULL),
(3476, 193, 20, 8500, NULL, NULL, NULL, NULL),
(3477, 194, 3, NULL, '8898-2', NULL, NULL, NULL),
(3478, 194, 26, NULL, NULL, NULL, NULL, 399),
(3479, 194, 23, NULL, NULL, NULL, NULL, 463),
(3480, 194, 27, NULL, NULL, NULL, NULL, 401),
(3481, 194, 16, NULL, NULL, NULL, NULL, 164),
(3482, 194, 17, NULL, NULL, NULL, NULL, 782),
(3483, 194, 9, NULL, NULL, NULL, NULL, 130),
(3484, 194, 8, NULL, NULL, NULL, NULL, 115),
(3485, 194, 7, NULL, NULL, NULL, NULL, 100),
(3486, 194, 28, NULL, NULL, NULL, NULL, 815),
(3487, 194, 18, NULL, NULL, NULL, NULL, 461),
(3488, 194, 19, NULL, NULL, NULL, NULL, 352),
(3489, 194, 10, NULL, NULL, NULL, NULL, 146),
(3490, 194, 12, 72, NULL, NULL, NULL, NULL),
(3491, 194, 13, 76, NULL, NULL, NULL, NULL),
(3492, 194, 11, NULL, NULL, 'Japan', NULL, NULL),
(3493, 194, 20, 7500, NULL, NULL, NULL, NULL),
(3494, 195, 3, NULL, '8907', NULL, NULL, NULL),
(3495, 195, 26, NULL, NULL, NULL, NULL, 399),
(3496, 195, 23, NULL, NULL, NULL, NULL, 465),
(3497, 195, 27, NULL, NULL, NULL, NULL, 401),
(3498, 195, 16, NULL, NULL, NULL, NULL, 185),
(3499, 195, 17, NULL, NULL, NULL, NULL, 260),
(3500, 195, 9, NULL, NULL, NULL, NULL, 130),
(3501, 195, 8, NULL, NULL, NULL, NULL, 115),
(3502, 195, 7, NULL, NULL, NULL, NULL, 100),
(3503, 195, 28, NULL, NULL, NULL, NULL, 817),
(3504, 195, 18, NULL, NULL, NULL, NULL, 432),
(3505, 195, 19, NULL, NULL, NULL, NULL, 343),
(3506, 195, 10, NULL, NULL, NULL, NULL, 150),
(3507, 195, 12, 63, NULL, NULL, NULL, NULL),
(3508, 195, 13, 65, NULL, NULL, NULL, NULL),
(3509, 195, 14, 66, NULL, NULL, NULL, NULL),
(3510, 195, 15, 67, NULL, NULL, NULL, NULL),
(3511, 195, 11, NULL, NULL, 'Japan', NULL, NULL),
(3512, 195, 20, 18000, NULL, NULL, NULL, NULL),
(3513, 196, 3, NULL, '8116-1', NULL, NULL, NULL),
(3514, 196, 26, NULL, NULL, NULL, NULL, 399),
(3515, 196, 23, NULL, NULL, NULL, NULL, 463),
(3516, 196, 27, NULL, NULL, NULL, NULL, 402),
(3517, 196, 16, NULL, NULL, NULL, NULL, 159),
(3518, 196, 17, NULL, NULL, NULL, NULL, 327),
(3519, 196, 9, NULL, NULL, NULL, NULL, 130),
(3520, 196, 8, NULL, NULL, NULL, NULL, 115),
(3521, 196, 7, NULL, NULL, NULL, NULL, 101),
(3522, 196, 28, NULL, NULL, NULL, NULL, 815),
(3523, 196, 18, NULL, NULL, NULL, NULL, 435),
(3524, 196, 19, NULL, NULL, NULL, NULL, 349),
(3525, 196, 10, NULL, NULL, NULL, NULL, 150),
(3526, 196, 12, 63, NULL, NULL, NULL, NULL),
(3527, 196, 13, 64, NULL, NULL, NULL, NULL),
(3528, 196, 11, NULL, NULL, 'Japan', NULL, NULL),
(3529, 196, 20, 4900, NULL, NULL, NULL, NULL),
(3530, 197, 3, NULL, '8881-2', NULL, NULL, NULL),
(3531, 197, 26, NULL, NULL, NULL, NULL, 399),
(3532, 197, 23, NULL, NULL, NULL, NULL, 463),
(3533, 197, 27, NULL, NULL, NULL, NULL, 401),
(3534, 197, 16, NULL, NULL, NULL, NULL, 162),
(3535, 197, 17, NULL, NULL, NULL, NULL, 269),
(3536, 197, 9, NULL, NULL, NULL, NULL, 130),
(3537, 197, 8, NULL, NULL, NULL, NULL, 115),
(3538, 197, 7, NULL, NULL, NULL, NULL, 101),
(3539, 197, 28, NULL, NULL, NULL, NULL, 814),
(3540, 197, 18, NULL, NULL, NULL, NULL, 461),
(3541, 197, 19, NULL, NULL, NULL, NULL, 352),
(3542, 197, 10, NULL, NULL, NULL, NULL, 146),
(3543, 197, 12, 35, NULL, NULL, NULL, NULL),
(3544, 197, 11, NULL, NULL, 'Japan', NULL, NULL),
(3545, 197, 20, 1500, NULL, NULL, NULL, NULL),
(3546, 198, 3, NULL, '8881-3', NULL, NULL, NULL),
(3547, 198, 26, NULL, NULL, NULL, NULL, 399),
(3548, 198, 23, NULL, NULL, NULL, NULL, 463),
(3549, 198, 27, NULL, NULL, NULL, NULL, 401),
(3550, 198, 16, NULL, NULL, NULL, NULL, 164),
(3551, 198, 17, NULL, NULL, NULL, NULL, 335),
(3552, 198, 9, NULL, NULL, NULL, NULL, 130),
(3553, 198, 8, NULL, NULL, NULL, NULL, 115),
(3554, 198, 7, NULL, NULL, NULL, NULL, 101),
(3555, 198, 28, NULL, NULL, NULL, NULL, 814),
(3556, 198, 18, NULL, NULL, NULL, NULL, 431),
(3557, 198, 19, NULL, NULL, NULL, NULL, 349),
(3558, 198, 10, NULL, NULL, NULL, NULL, 146),
(3559, 198, 12, 35, NULL, NULL, NULL, NULL),
(3560, 198, 11, NULL, NULL, 'Japan', NULL, NULL),
(3561, 198, 20, 1500, NULL, NULL, NULL, NULL),
(3562, 199, 3, NULL, '8104', NULL, NULL, NULL),
(3563, 199, 26, NULL, NULL, NULL, NULL, 399),
(3564, 199, 23, NULL, NULL, NULL, NULL, 463),
(3565, 199, 27, NULL, NULL, NULL, NULL, 402),
(3566, 199, 16, NULL, NULL, NULL, NULL, 185),
(3567, 199, 17, NULL, NULL, NULL, NULL, 189),
(3568, 199, 9, NULL, NULL, NULL, NULL, 130),
(3569, 199, 8, NULL, NULL, NULL, NULL, 115),
(3570, 199, 7, NULL, NULL, NULL, NULL, 102),
(3571, 199, 28, NULL, NULL, NULL, NULL, 815),
(3572, 199, 18, NULL, NULL, NULL, NULL, 433),
(3573, 199, 19, NULL, NULL, NULL, NULL, 350),
(3574, 199, 10, NULL, NULL, NULL, NULL, 148),
(3575, 199, 12, 32, NULL, NULL, NULL, NULL),
(3576, 199, 13, 36, NULL, NULL, NULL, NULL),
(3577, 199, 11, NULL, NULL, 'Japan', NULL, NULL),
(3578, 199, 20, 5900, NULL, NULL, NULL, NULL),
(3579, 200, 3, NULL, '8130', NULL, NULL, NULL),
(3580, 200, 26, NULL, NULL, NULL, NULL, 399),
(3581, 200, 23, NULL, NULL, NULL, NULL, 463),
(3582, 200, 27, NULL, NULL, NULL, NULL, 402),
(3583, 200, 16, NULL, NULL, NULL, NULL, 159),
(3584, 200, 17, NULL, NULL, NULL, NULL, 783),
(3585, 200, 9, NULL, NULL, NULL, NULL, 130),
(3586, 200, 8, NULL, NULL, NULL, NULL, 115),
(3587, 200, 7, NULL, NULL, NULL, NULL, 102),
(3588, 200, 28, NULL, NULL, NULL, NULL, 815),
(3589, 200, 18, NULL, NULL, NULL, NULL, 433),
(3590, 200, 19, NULL, NULL, NULL, NULL, 349),
(3591, 200, 10, NULL, NULL, NULL, NULL, 151),
(3592, 200, 12, 45, NULL, NULL, NULL, NULL),
(3593, 200, 13, 45, NULL, NULL, NULL, NULL),
(3594, 200, 11, NULL, NULL, 'Japan', NULL, NULL),
(3595, 200, 20, 0, NULL, NULL, NULL, NULL),
(3596, 201, 3, NULL, '8131', NULL, NULL, NULL),
(3597, 201, 26, NULL, NULL, NULL, NULL, 399),
(3598, 201, 23, NULL, NULL, NULL, NULL, 463),
(3599, 201, 27, NULL, NULL, NULL, NULL, 402),
(3600, 201, 16, NULL, NULL, NULL, NULL, 185),
(3601, 201, 17, NULL, NULL, NULL, NULL, 209),
(3602, 201, 9, NULL, NULL, NULL, NULL, 130),
(3603, 201, 8, NULL, NULL, NULL, NULL, 115),
(3604, 201, 7, NULL, NULL, NULL, NULL, 102),
(3605, 201, 28, NULL, NULL, NULL, NULL, 815),
(3606, 201, 18, NULL, NULL, NULL, NULL, 433),
(3607, 201, 19, NULL, NULL, NULL, NULL, 349),
(3608, 201, 10, NULL, NULL, NULL, NULL, 147),
(3609, 201, 12, 30, NULL, NULL, NULL, NULL),
(3610, 201, 13, 40, NULL, NULL, NULL, NULL),
(3611, 201, 11, NULL, NULL, 'Japan', NULL, NULL),
(3612, 201, 20, 0, NULL, NULL, NULL, NULL),
(3613, 202, 3, NULL, '8896', NULL, NULL, NULL),
(3614, 202, 26, NULL, NULL, NULL, NULL, 399),
(3615, 202, 23, NULL, NULL, NULL, NULL, 463),
(3616, 202, 27, NULL, NULL, NULL, NULL, 401),
(3617, 202, 16, NULL, NULL, NULL, NULL, 168),
(3618, 202, 17, NULL, NULL, NULL, NULL, 784),
(3619, 202, 9, NULL, NULL, NULL, NULL, 130),
(3620, 202, 8, NULL, NULL, NULL, NULL, 115),
(3621, 202, 7, NULL, NULL, NULL, NULL, 102),
(3622, 202, 28, NULL, NULL, NULL, NULL, 817),
(3623, 202, 18, NULL, NULL, NULL, NULL, 433),
(3624, 202, 19, NULL, NULL, NULL, NULL, 349),
(3625, 202, 10, NULL, NULL, NULL, NULL, 148),
(3626, 202, 12, 53, NULL, NULL, NULL, NULL),
(3627, 202, 13, 55, NULL, NULL, NULL, NULL),
(3628, 202, 14, 56, NULL, NULL, NULL, NULL),
(3629, 202, 15, 59, NULL, NULL, NULL, NULL),
(3630, 202, 11, NULL, NULL, 'Japan', NULL, NULL),
(3631, 202, 20, 17900, NULL, NULL, NULL, NULL),
(3632, 203, 3, NULL, '8863', NULL, NULL, NULL),
(3633, 203, 26, NULL, NULL, NULL, NULL, 399),
(3634, 203, 23, NULL, NULL, NULL, NULL, 463),
(3635, 203, 27, NULL, NULL, NULL, NULL, 401),
(3636, 203, 16, NULL, NULL, NULL, NULL, 159),
(3637, 203, 17, NULL, NULL, NULL, NULL, 785),
(3638, 203, 9, NULL, NULL, NULL, NULL, 130),
(3639, 203, 8, NULL, NULL, NULL, NULL, 116),
(3640, 203, 7, NULL, NULL, NULL, NULL, 99),
(3641, 203, 28, NULL, NULL, NULL, NULL, 817),
(3642, 203, 18, NULL, NULL, NULL, NULL, 429),
(3643, 203, 19, NULL, NULL, NULL, NULL, 349),
(3644, 203, 10, NULL, NULL, NULL, NULL, 147),
(3645, 203, 12, 42, NULL, NULL, NULL, NULL),
(3646, 203, 13, 47, NULL, NULL, NULL, NULL),
(3647, 203, 14, 50, NULL, NULL, NULL, NULL),
(3648, 203, 15, 50, NULL, NULL, NULL, NULL),
(3649, 203, 11, NULL, NULL, 'Japan', NULL, NULL),
(3650, 203, 20, 13900, NULL, NULL, NULL, NULL),
(3651, 204, 3, NULL, '8113-1', NULL, NULL, NULL),
(3652, 204, 26, NULL, NULL, NULL, NULL, 399),
(3653, 204, 23, NULL, NULL, NULL, NULL, 463),
(3654, 204, 27, NULL, NULL, NULL, NULL, 402),
(3655, 204, 16, NULL, NULL, NULL, NULL, 159),
(3656, 204, 17, NULL, NULL, NULL, NULL, 315),
(3657, 204, 9, NULL, NULL, NULL, NULL, 130),
(3658, 204, 8, NULL, NULL, NULL, NULL, 116),
(3659, 204, 7, NULL, NULL, NULL, NULL, 100),
(3660, 204, 28, NULL, NULL, NULL, NULL, 815),
(3661, 204, 18, NULL, NULL, NULL, NULL, 431),
(3662, 204, 19, NULL, NULL, NULL, NULL, 349),
(3663, 204, 10, NULL, NULL, NULL, NULL, 153),
(3664, 204, 12, 58, NULL, NULL, NULL, NULL),
(3665, 204, 13, 56, NULL, NULL, NULL, NULL),
(3666, 204, 11, NULL, NULL, 'Japan', NULL, NULL),
(3667, 204, 20, 7900, NULL, NULL, NULL, NULL),
(3668, 205, 3, NULL, '8113-2', NULL, NULL, NULL),
(3669, 205, 26, NULL, NULL, NULL, NULL, 399),
(3670, 205, 23, NULL, NULL, NULL, NULL, 463),
(3671, 205, 27, NULL, NULL, NULL, NULL, 402),
(3672, 205, 16, NULL, NULL, NULL, NULL, 159),
(3673, 205, 17, NULL, NULL, NULL, NULL, 276),
(3674, 205, 9, NULL, NULL, NULL, NULL, 130),
(3675, 205, 8, NULL, NULL, NULL, NULL, 116),
(3676, 205, 7, NULL, NULL, NULL, NULL, 100),
(3677, 205, 28, NULL, NULL, NULL, NULL, 815),
(3678, 205, 18, NULL, NULL, NULL, NULL, 435),
(3679, 205, 19, NULL, NULL, NULL, NULL, 349),
(3680, 205, 10, NULL, NULL, NULL, NULL, 154),
(3681, 205, 12, 60, NULL, NULL, NULL, NULL),
(3682, 205, 13, 61, NULL, NULL, NULL, NULL),
(3683, 205, 11, NULL, NULL, 'Japan', NULL, NULL),
(3684, 205, 20, 8900, NULL, NULL, NULL, NULL),
(3685, 206, 3, NULL, '8114', NULL, NULL, NULL),
(3686, 206, 26, NULL, NULL, NULL, NULL, 399),
(3687, 206, 23, NULL, NULL, NULL, NULL, 463),
(3688, 206, 27, NULL, NULL, NULL, NULL, 402),
(3689, 206, 16, NULL, NULL, NULL, NULL, 185),
(3690, 206, 17, NULL, NULL, NULL, NULL, 210),
(3691, 206, 9, NULL, NULL, NULL, NULL, 130),
(3692, 206, 8, NULL, NULL, NULL, NULL, 116),
(3693, 206, 7, NULL, NULL, NULL, NULL, 100),
(3694, 206, 28, NULL, NULL, NULL, NULL, 817),
(3695, 206, 18, NULL, NULL, NULL, NULL, 435),
(3696, 206, 19, NULL, NULL, NULL, NULL, 349),
(3697, 206, 10, NULL, NULL, NULL, NULL, 153),
(3698, 206, 12, 56, NULL, NULL, NULL, NULL),
(3699, 206, 13, 57, NULL, NULL, NULL, NULL),
(3700, 206, 14, 58, NULL, NULL, NULL, NULL),
(3701, 206, 15, 61, NULL, NULL, NULL, NULL),
(3702, 206, 11, NULL, NULL, 'Japan', NULL, NULL),
(3703, 206, 20, 15500, NULL, NULL, NULL, NULL),
(3704, 207, 3, NULL, '8128', NULL, NULL, NULL),
(3705, 207, 26, NULL, NULL, NULL, NULL, 399),
(3706, 207, 23, NULL, NULL, NULL, NULL, 463),
(3707, 207, 27, NULL, NULL, NULL, NULL, 402),
(3708, 207, 16, NULL, NULL, NULL, NULL, 159),
(3709, 207, 17, NULL, NULL, NULL, NULL, 786),
(3710, 207, 9, NULL, NULL, NULL, NULL, 130),
(3711, 207, 8, NULL, NULL, NULL, NULL, 116),
(3712, 207, 7, NULL, NULL, NULL, NULL, 100),
(3713, 207, 28, NULL, NULL, NULL, NULL, 817),
(3714, 207, 18, NULL, NULL, NULL, NULL, 435),
(3715, 207, 19, NULL, NULL, NULL, NULL, 350),
(3716, 207, 10, NULL, NULL, NULL, NULL, 152),
(3717, 207, 12, 40, NULL, NULL, NULL, NULL),
(3718, 207, 13, 40, NULL, NULL, NULL, NULL),
(3719, 207, 14, 50, NULL, NULL, NULL, NULL),
(3720, 207, 15, 55, NULL, NULL, NULL, NULL),
(3721, 207, 11, NULL, NULL, 'Japan', NULL, NULL),
(3722, 207, 20, 0, NULL, NULL, NULL, NULL),
(3723, 208, 3, NULL, '8132', NULL, NULL, NULL),
(3724, 208, 26, NULL, NULL, NULL, NULL, 399),
(3725, 208, 23, NULL, NULL, NULL, NULL, 463),
(3726, 208, 27, NULL, NULL, NULL, NULL, 402),
(3727, 208, 16, NULL, NULL, NULL, NULL, 159),
(3728, 208, 17, NULL, NULL, NULL, NULL, 787),
(3729, 208, 9, NULL, NULL, NULL, NULL, 130),
(3730, 208, 8, NULL, NULL, NULL, NULL, 116),
(3731, 208, 7, NULL, NULL, NULL, NULL, 100),
(3732, 208, 28, NULL, NULL, NULL, NULL, 815),
(3733, 208, 18, NULL, NULL, NULL, NULL, 435),
(3734, 208, 19, NULL, NULL, NULL, NULL, 349),
(3735, 208, 10, NULL, NULL, NULL, NULL, 151),
(3736, 208, 12, 50, NULL, NULL, NULL, NULL),
(3737, 208, 13, 55, NULL, NULL, NULL, NULL),
(3738, 208, 11, NULL, NULL, 'Japan', NULL, NULL),
(3739, 208, 20, 0, NULL, NULL, NULL, NULL),
(3740, 209, 3, NULL, '8134', NULL, NULL, NULL),
(3741, 209, 26, NULL, NULL, NULL, NULL, 399),
(3742, 209, 23, NULL, NULL, NULL, NULL, 463),
(3743, 209, 27, NULL, NULL, NULL, NULL, 402),
(3744, 209, 16, NULL, NULL, NULL, NULL, 159),
(3745, 209, 17, NULL, NULL, NULL, NULL, 786),
(3746, 209, 9, NULL, NULL, NULL, NULL, 130),
(3747, 209, 8, NULL, NULL, NULL, NULL, 116),
(3748, 209, 7, NULL, NULL, NULL, NULL, 100),
(3749, 209, 28, NULL, NULL, NULL, NULL, 817),
(3750, 209, 18, NULL, NULL, NULL, NULL, 435),
(3751, 209, 19, NULL, NULL, NULL, NULL, 350),
(3752, 209, 10, NULL, NULL, NULL, NULL, 152),
(3753, 209, 12, 40, NULL, NULL, NULL, NULL),
(3754, 209, 13, 40, NULL, NULL, NULL, NULL),
(3755, 209, 14, 40, NULL, NULL, NULL, NULL),
(3756, 209, 15, 42, NULL, NULL, NULL, NULL),
(3757, 209, 11, NULL, NULL, 'Japan', NULL, NULL),
(3758, 209, 20, 0, NULL, NULL, NULL, NULL),
(3759, 210, 3, NULL, '8852', NULL, NULL, NULL),
(3760, 210, 26, NULL, NULL, NULL, NULL, 399),
(3761, 210, 23, NULL, NULL, NULL, NULL, 463),
(3762, 210, 27, NULL, NULL, NULL, NULL, 401),
(3763, 210, 16, NULL, NULL, NULL, NULL, 159),
(3764, 210, 17, NULL, NULL, NULL, NULL, 707),
(3765, 210, 9, NULL, NULL, NULL, NULL, 130),
(3766, 210, 8, NULL, NULL, NULL, NULL, 116),
(3767, 210, 7, NULL, NULL, NULL, NULL, 100),
(3768, 210, 28, NULL, NULL, NULL, NULL, 817),
(3769, 210, 18, NULL, NULL, NULL, NULL, 431),
(3770, 210, 19, NULL, NULL, NULL, NULL, 349),
(3771, 210, 10, NULL, NULL, NULL, NULL, 148),
(3772, 210, 12, 37, NULL, NULL, NULL, NULL),
(3773, 210, 13, 39, NULL, NULL, NULL, NULL),
(3774, 210, 14, 40, NULL, NULL, NULL, NULL),
(3775, 210, 15, 42, NULL, NULL, NULL, NULL),
(3776, 210, 11, NULL, NULL, 'Japan', NULL, NULL),
(3777, 210, 20, 7000, NULL, NULL, NULL, NULL),
(3778, 211, 3, NULL, '8894', NULL, NULL, NULL),
(3779, 211, 26, NULL, NULL, NULL, NULL, 399),
(3780, 211, 23, NULL, NULL, NULL, NULL, 463),
(3781, 211, 27, NULL, NULL, NULL, NULL, 401),
(3782, 211, 16, NULL, NULL, NULL, NULL, 185),
(3783, 211, 17, NULL, NULL, NULL, NULL, 210),
(3784, 211, 9, NULL, NULL, NULL, NULL, 130),
(3785, 211, 8, NULL, NULL, NULL, NULL, 116),
(3786, 211, 7, NULL, NULL, NULL, NULL, 100),
(3787, 211, 28, NULL, NULL, NULL, NULL, 817),
(3788, 211, 18, NULL, NULL, NULL, NULL, 435),
(3789, 211, 19, NULL, NULL, NULL, NULL, 349),
(3790, 211, 10, NULL, NULL, NULL, NULL, 149),
(3791, 211, 12, 63, NULL, NULL, NULL, NULL),
(3792, 211, 13, 64, NULL, NULL, NULL, NULL),
(3793, 211, 14, 65, NULL, NULL, NULL, NULL),
(3794, 211, 15, 66, NULL, NULL, NULL, NULL),
(3795, 211, 11, NULL, NULL, 'Japan', NULL, NULL),
(3796, 211, 20, 16900, NULL, NULL, NULL, NULL),
(3797, 212, 3, NULL, '8905', NULL, NULL, NULL),
(3798, 212, 26, NULL, NULL, NULL, NULL, 399),
(3799, 212, 23, NULL, NULL, NULL, NULL, 463),
(3800, 212, 27, NULL, NULL, NULL, NULL, 401),
(3801, 212, 16, NULL, NULL, NULL, NULL, 159),
(3802, 212, 17, NULL, NULL, NULL, NULL, 304),
(3803, 212, 9, NULL, NULL, NULL, NULL, 130),
(3804, 212, 8, NULL, NULL, NULL, NULL, 116),
(3805, 212, 7, NULL, NULL, NULL, NULL, 100),
(3806, 212, 28, NULL, NULL, NULL, NULL, 817),
(3807, 212, 18, NULL, NULL, NULL, NULL, 439),
(3808, 212, 19, NULL, NULL, NULL, NULL, 349),
(3809, 212, 10, NULL, NULL, NULL, NULL, 151),
(3810, 212, 12, 29, NULL, NULL, NULL, NULL),
(3811, 212, 13, 34, NULL, NULL, NULL, NULL),
(3812, 212, 14, 41, NULL, NULL, NULL, NULL),
(3813, 212, 15, 51, NULL, NULL, NULL, NULL),
(3814, 212, 11, NULL, NULL, 'Japan', NULL, NULL),
(3815, 212, 20, 4400, NULL, NULL, NULL, NULL),
(3816, 213, 3, NULL, '8931', NULL, NULL, NULL),
(3817, 213, 26, NULL, NULL, NULL, NULL, 399),
(3818, 213, 23, NULL, NULL, NULL, NULL, 463),
(3819, 213, 27, NULL, NULL, NULL, NULL, 401),
(3820, 213, 16, NULL, NULL, NULL, NULL, 159),
(3821, 213, 17, NULL, NULL, NULL, NULL, 287),
(3822, 213, 9, NULL, NULL, NULL, NULL, 130),
(3823, 213, 8, NULL, NULL, NULL, NULL, 116),
(3824, 213, 7, NULL, NULL, NULL, NULL, 100),
(3825, 213, 28, NULL, NULL, NULL, NULL, 817),
(3826, 213, 18, NULL, NULL, NULL, NULL, 431),
(3827, 213, 19, NULL, NULL, NULL, NULL, 349),
(3828, 213, 10, NULL, NULL, NULL, NULL, 149),
(3829, 213, 12, 51, NULL, NULL, NULL, NULL),
(3830, 213, 13, 51, NULL, NULL, NULL, NULL),
(3831, 213, 14, 51, NULL, NULL, NULL, NULL),
(3832, 213, 15, 52, NULL, NULL, NULL, NULL),
(3833, 213, 11, NULL, NULL, 'Japan', NULL, NULL),
(3834, 213, 20, 14900, NULL, NULL, NULL, NULL),
(3835, 214, 3, NULL, '8901', NULL, NULL, NULL),
(3836, 214, 26, NULL, NULL, NULL, NULL, 399),
(3837, 214, 23, NULL, NULL, NULL, NULL, 463),
(3838, 214, 27, NULL, NULL, NULL, NULL, 401),
(3839, 214, 16, NULL, NULL, NULL, NULL, 185),
(3840, 214, 17, NULL, NULL, NULL, NULL, 210),
(3841, 214, 9, NULL, NULL, NULL, NULL, 130),
(3842, 214, 8, NULL, NULL, NULL, NULL, 117),
(3843, 214, 7, NULL, NULL, NULL, NULL, 100),
(3844, 214, 28, NULL, NULL, NULL, NULL, 817),
(3845, 214, 18, NULL, NULL, NULL, NULL, 435),
(3846, 214, 19, NULL, NULL, NULL, NULL, 348),
(3847, 214, 10, NULL, NULL, NULL, NULL, 150),
(3848, 214, 12, 48, NULL, NULL, NULL, NULL),
(3849, 214, 13, 50, NULL, NULL, NULL, NULL),
(3850, 214, 14, 57, NULL, NULL, NULL, NULL),
(3851, 214, 15, 58, NULL, NULL, NULL, NULL),
(3852, 214, 11, NULL, NULL, 'Japan', NULL, NULL),
(3853, 214, 20, 9400, NULL, NULL, NULL, NULL),
(3854, 215, 3, NULL, '8103', NULL, NULL, NULL),
(3855, 215, 26, NULL, NULL, NULL, NULL, 399),
(3856, 215, 23, NULL, NULL, NULL, NULL, 463),
(3857, 215, 27, NULL, NULL, NULL, NULL, 402),
(3858, 215, 16, NULL, NULL, NULL, NULL, 183),
(3859, 215, 17, NULL, NULL, NULL, NULL, 326),
(3860, 215, 9, NULL, NULL, NULL, NULL, 130),
(3861, 215, 8, NULL, NULL, NULL, NULL, 117),
(3862, 215, 7, NULL, NULL, NULL, NULL, 101),
(3863, 215, 28, NULL, NULL, NULL, NULL, 817),
(3864, 215, 18, NULL, NULL, NULL, NULL, 437),
(3865, 215, 19, NULL, NULL, NULL, NULL, 348),
(3866, 215, 10, NULL, NULL, NULL, NULL, 150),
(3867, 215, 12, 60, NULL, NULL, NULL, NULL),
(3868, 215, 13, 64, NULL, NULL, NULL, NULL),
(3869, 215, 14, 61, NULL, NULL, NULL, NULL),
(3870, 215, 15, 62, NULL, NULL, NULL, NULL),
(3871, 215, 11, NULL, NULL, 'Japan', NULL, NULL),
(3872, 215, 20, 13900, NULL, NULL, NULL, NULL),
(3873, 216, 3, NULL, '1016', NULL, NULL, NULL),
(3874, 216, 26, NULL, NULL, NULL, NULL, 400),
(3875, 216, 23, NULL, NULL, NULL, NULL, 463),
(3876, 216, 27, NULL, NULL, NULL, NULL, 401),
(3877, 216, 16, NULL, NULL, NULL, NULL, 161),
(3878, 216, 17, NULL, NULL, NULL, NULL, 788),
(3879, 216, 9, NULL, NULL, NULL, NULL, 130),
(3880, 216, 8, NULL, NULL, NULL, NULL, 118),
(3881, 216, 7, NULL, NULL, NULL, NULL, 99),
(3882, 216, 28, NULL, NULL, NULL, NULL, 817),
(3883, 216, 18, NULL, NULL, NULL, NULL, 439),
(3884, 216, 19, NULL, NULL, NULL, NULL, 348),
(3885, 216, 10, NULL, NULL, NULL, NULL, 152),
(3886, 216, 12, 71, NULL, NULL, NULL, NULL),
(3887, 216, 13, 72, NULL, NULL, NULL, NULL),
(3888, 216, 14, 73, NULL, NULL, NULL, NULL),
(3889, 216, 15, 74, NULL, NULL, NULL, NULL),
(3890, 216, 11, NULL, NULL, 'Portugal', NULL, NULL),
(3891, 216, 20, 21000, NULL, NULL, NULL, NULL),
(3892, 217, 3, NULL, '8102', NULL, NULL, NULL),
(3893, 217, 26, NULL, NULL, NULL, NULL, 399),
(3894, 217, 23, NULL, NULL, NULL, NULL, 465),
(3895, 217, 27, NULL, NULL, NULL, NULL, 401),
(3896, 217, 16, NULL, NULL, NULL, NULL, 159),
(3897, 217, 17, NULL, NULL, NULL, NULL, 709),
(3898, 217, 9, NULL, NULL, NULL, NULL, 130),
(3899, 217, 8, NULL, NULL, NULL, NULL, 118),
(3900, 217, 7, NULL, NULL, NULL, NULL, 100),
(3901, 217, 28, NULL, NULL, NULL, NULL, 817),
(3902, 217, 18, NULL, NULL, NULL, NULL, 437),
(3903, 217, 19, NULL, NULL, NULL, NULL, 343),
(3904, 217, 10, NULL, NULL, NULL, NULL, 148),
(3905, 217, 12, 70, NULL, NULL, NULL, NULL),
(3906, 217, 13, 71, NULL, NULL, NULL, NULL),
(3907, 217, 14, 72, NULL, NULL, NULL, NULL),
(3908, 217, 15, 73, NULL, NULL, NULL, NULL),
(3909, 217, 11, NULL, NULL, 'Japan', NULL, NULL),
(3910, 217, 20, 16900, NULL, NULL, NULL, NULL),
(3911, 218, 3, NULL, '1009', NULL, NULL, NULL),
(3912, 218, 26, NULL, NULL, NULL, NULL, 400),
(3913, 218, 23, NULL, NULL, NULL, NULL, 762),
(3914, 218, 27, NULL, NULL, NULL, NULL, 401),
(3915, 218, 16, NULL, NULL, NULL, NULL, 159),
(3916, 218, 17, NULL, NULL, NULL, NULL, 256),
(3917, 218, 9, NULL, NULL, NULL, NULL, 130),
(3918, 218, 8, NULL, NULL, NULL, NULL, 118),
(3919, 218, 7, NULL, NULL, NULL, NULL, 101),
(3920, 218, 28, NULL, NULL, NULL, NULL, 817),
(3921, 218, 18, NULL, NULL, NULL, NULL, 440),
(3922, 218, 19, NULL, NULL, NULL, NULL, 346),
(3923, 218, 10, NULL, NULL, NULL, NULL, 149),
(3924, 218, 12, 80, NULL, NULL, NULL, NULL),
(3925, 218, 13, 83, NULL, NULL, NULL, NULL),
(3926, 218, 14, 87, NULL, NULL, NULL, NULL),
(3927, 218, 15, 89, NULL, NULL, NULL, NULL),
(3928, 218, 11, NULL, NULL, 'Japan', NULL, NULL),
(3929, 218, 20, 15900, NULL, NULL, NULL, NULL),
(3930, 219, 3, NULL, '3100', NULL, NULL, NULL),
(3931, 219, 26, NULL, NULL, NULL, NULL, 400),
(3932, 219, 23, NULL, NULL, NULL, NULL, 463),
(3933, 219, 27, NULL, NULL, NULL, NULL, 401),
(3934, 219, 16, NULL, NULL, NULL, NULL, 162),
(3935, 219, 17, NULL, NULL, NULL, NULL, 317),
(3936, 219, 9, NULL, NULL, NULL, NULL, 130),
(3937, 219, 8, NULL, NULL, NULL, NULL, 118),
(3938, 219, 7, NULL, NULL, NULL, NULL, 101),
(3939, 219, 28, NULL, NULL, NULL, NULL, 815),
(3940, 219, 18, NULL, NULL, NULL, NULL, 439),
(3941, 219, 19, NULL, NULL, NULL, NULL, 348),
(3942, 219, 10, NULL, NULL, NULL, NULL, 149),
(3943, 219, 12, 76, NULL, NULL, NULL, NULL),
(3944, 219, 13, 82, NULL, NULL, NULL, NULL),
(3945, 219, 11, NULL, NULL, 'Japan', NULL, NULL),
(3946, 219, 20, 12900, NULL, NULL, NULL, NULL),
(3947, 220, 3, NULL, '3102', NULL, NULL, NULL),
(3948, 220, 26, NULL, NULL, NULL, NULL, 400),
(3949, 220, 23, NULL, NULL, NULL, NULL, 463),
(3950, 220, 27, NULL, NULL, NULL, NULL, 401),
(3951, 220, 16, NULL, NULL, NULL, NULL, 159),
(3952, 220, 17, NULL, NULL, NULL, NULL, 789),
(3953, 220, 9, NULL, NULL, NULL, NULL, 130),
(3954, 220, 8, NULL, NULL, NULL, NULL, 118),
(3955, 220, 7, NULL, NULL, NULL, NULL, 101),
(3956, 220, 28, NULL, NULL, NULL, NULL, 816),
(3957, 220, 18, NULL, NULL, NULL, NULL, 439),
(3958, 220, 19, NULL, NULL, NULL, NULL, 348),
(3959, 220, 10, NULL, NULL, NULL, NULL, 148),
(3960, 220, 12, 81, NULL, NULL, NULL, NULL),
(3961, 220, 13, 82, NULL, NULL, NULL, NULL),
(3962, 220, 14, 83, NULL, NULL, NULL, NULL),
(3963, 220, 11, NULL, NULL, 'Japan', NULL, NULL),
(3964, 220, 20, 22800, NULL, NULL, NULL, NULL),
(3965, 221, 3, NULL, '8133', NULL, NULL, NULL),
(3966, 221, 26, NULL, NULL, NULL, NULL, 399),
(3967, 221, 23, NULL, NULL, NULL, NULL, 463),
(3968, 221, 27, NULL, NULL, NULL, NULL, 402),
(3969, 221, 16, NULL, NULL, NULL, NULL, 159),
(3970, 221, 17, NULL, NULL, NULL, NULL, 217),
(3971, 221, 9, NULL, NULL, NULL, NULL, 130),
(3972, 221, 8, NULL, NULL, NULL, NULL, 118),
(3973, 221, 7, NULL, NULL, NULL, NULL, 101),
(3974, 221, 28, NULL, NULL, NULL, NULL, 817),
(3975, 221, 18, NULL, NULL, NULL, NULL, 440),
(3976, 221, 19, NULL, NULL, NULL, NULL, 348),
(3977, 221, 10, NULL, NULL, NULL, NULL, 151),
(3978, 221, 12, 72, NULL, NULL, NULL, NULL),
(3979, 221, 13, 78, NULL, NULL, NULL, NULL),
(3980, 221, 14, 80, NULL, NULL, NULL, NULL),
(3981, 221, 15, 82, NULL, NULL, NULL, NULL),
(3982, 221, 11, NULL, NULL, 'Japan', NULL, NULL),
(3983, 221, 20, 0, NULL, NULL, NULL, NULL),
(3984, 222, 3, NULL, '3052', NULL, NULL, NULL),
(3985, 222, 26, NULL, NULL, NULL, NULL, 400),
(3986, 222, 23, NULL, NULL, NULL, NULL, 762),
(3987, 222, 27, NULL, NULL, NULL, NULL, 401),
(3988, 222, 16, NULL, NULL, NULL, NULL, 179),
(3989, 222, 17, NULL, NULL, NULL, NULL, 249),
(3990, 222, 9, NULL, NULL, NULL, NULL, 130),
(3991, 222, 8, NULL, NULL, NULL, NULL, 118),
(3992, 222, 7, NULL, NULL, NULL, NULL, 103),
(3993, 222, 28, NULL, NULL, NULL, NULL, 817),
(3994, 222, 18, NULL, NULL, NULL, NULL, 449),
(3995, 222, 19, NULL, NULL, NULL, NULL, 346),
(3996, 222, 10, NULL, NULL, NULL, NULL, 148),
(3997, 222, 12, 53, NULL, NULL, NULL, NULL),
(3998, 222, 13, 61, NULL, NULL, NULL, NULL),
(3999, 222, 14, 91, NULL, NULL, NULL, NULL),
(4000, 222, 15, 93, NULL, NULL, NULL, NULL),
(4001, 222, 11, NULL, NULL, 'Finland/Russia', NULL, NULL),
(4002, 222, 20, 19200, NULL, NULL, NULL, NULL),
(4003, 223, 3, NULL, '3055', NULL, NULL, NULL),
(4004, 223, 26, NULL, NULL, NULL, NULL, 400),
(4005, 223, 23, NULL, NULL, NULL, NULL, 762),
(4006, 223, 27, NULL, NULL, NULL, NULL, 401),
(4007, 223, 16, NULL, NULL, NULL, NULL, 185),
(4008, 223, 17, NULL, NULL, NULL, NULL, 790),
(4009, 223, 9, NULL, NULL, NULL, NULL, 130),
(4010, 223, 8, NULL, NULL, NULL, NULL, 118),
(4011, 223, 7, NULL, NULL, NULL, NULL, 103),
(4012, 223, 28, NULL, NULL, NULL, NULL, 817),
(4013, 223, 18, NULL, NULL, NULL, NULL, 449),
(4014, 223, 19, NULL, NULL, NULL, NULL, 343),
(4015, 223, 10, NULL, NULL, NULL, NULL, 149),
(4016, 223, 12, 92, NULL, NULL, NULL, NULL),
(4017, 223, 13, 95, NULL, NULL, NULL, NULL),
(4018, 223, 14, 96, NULL, NULL, NULL, NULL),
(4019, 223, 15, 96, NULL, NULL, NULL, NULL),
(4020, 223, 11, NULL, NULL, 'Philippines', NULL, NULL),
(4021, 223, 20, 31000, NULL, NULL, NULL, NULL),
(4022, 224, 3, NULL, '3076', NULL, NULL, NULL),
(4023, 224, 26, NULL, NULL, NULL, NULL, 400),
(4024, 224, 23, NULL, NULL, NULL, NULL, 463),
(4025, 224, 27, NULL, NULL, NULL, NULL, 401),
(4026, 224, 16, NULL, NULL, NULL, NULL, 159),
(4027, 224, 17, NULL, NULL, NULL, NULL, 791),
(4028, 224, 9, NULL, NULL, NULL, NULL, 130),
(4029, 224, 8, NULL, NULL, NULL, NULL, 118),
(4030, 224, 7, NULL, NULL, NULL, NULL, 103),
(4031, 224, 28, NULL, NULL, NULL, NULL, 817),
(4032, 224, 18, NULL, NULL, NULL, NULL, 449),
(4033, 224, 19, NULL, NULL, NULL, NULL, 347),
(4034, 224, 10, NULL, NULL, NULL, NULL, 150),
(4035, 224, 12, 60, NULL, NULL, NULL, NULL),
(4036, 224, 13, 65, NULL, NULL, NULL, NULL),
(4037, 224, 14, 74, NULL, NULL, NULL, NULL),
(4038, 224, 15, 78, NULL, NULL, NULL, NULL),
(4039, 224, 11, NULL, NULL, 'Japan', NULL, NULL),
(4040, 224, 20, 35000, NULL, NULL, NULL, NULL),
(4041, 225, 3, NULL, '3126', NULL, NULL, NULL),
(4042, 225, 26, NULL, NULL, NULL, NULL, 400),
(4043, 225, 23, NULL, NULL, NULL, NULL, 463),
(4044, 225, 27, NULL, NULL, NULL, NULL, 401),
(4045, 225, 16, NULL, NULL, NULL, NULL, 162),
(4046, 225, 17, NULL, NULL, NULL, NULL, 792),
(4047, 225, 9, NULL, NULL, NULL, NULL, 130),
(4048, 225, 8, NULL, NULL, NULL, NULL, 118),
(4049, 225, 7, NULL, NULL, NULL, NULL, 103),
(4050, 225, 28, NULL, NULL, NULL, NULL, 814),
(4051, 225, 18, NULL, NULL, NULL, NULL, 449),
(4052, 225, 19, NULL, NULL, NULL, NULL, 348),
(4053, 225, 10, NULL, NULL, NULL, NULL, 149),
(4054, 225, 12, 66, NULL, NULL, NULL, NULL),
(4055, 225, 11, NULL, NULL, 'Japan', NULL, NULL),
(4056, 225, 20, 5000, NULL, NULL, NULL, NULL),
(4057, 226, 3, NULL, '8908', NULL, NULL, NULL),
(4058, 226, 26, NULL, NULL, NULL, NULL, 399),
(4059, 226, 23, NULL, NULL, NULL, NULL, 465),
(4060, 226, 27, NULL, NULL, NULL, NULL, 401),
(4061, 226, 16, NULL, NULL, NULL, NULL, 159),
(4062, 226, 17, NULL, NULL, NULL, NULL, 206),
(4063, 226, 9, NULL, NULL, NULL, NULL, 130),
(4064, 226, 8, NULL, NULL, NULL, NULL, 118),
(4065, 226, 7, NULL, NULL, NULL, NULL, 103),
(4066, 226, 28, NULL, NULL, NULL, NULL, 817),
(4067, 226, 18, NULL, NULL, NULL, NULL, 449),
(4068, 226, 19, NULL, NULL, NULL, NULL, 343),
(4069, 226, 10, NULL, NULL, NULL, NULL, 145),
(4070, 226, 12, 79, NULL, NULL, NULL, NULL),
(4071, 226, 13, 79, NULL, NULL, NULL, NULL),
(4072, 226, 14, 82, NULL, NULL, NULL, NULL),
(4073, 226, 15, 84, NULL, NULL, NULL, NULL),
(4074, 226, 11, NULL, NULL, 'Japan', NULL, NULL),
(4075, 226, 20, 13500, NULL, NULL, NULL, NULL),
(4076, 227, 3, NULL, '3058', NULL, NULL, NULL),
(4077, 227, 26, NULL, NULL, NULL, NULL, 400),
(4078, 227, 23, NULL, NULL, NULL, NULL, 762),
(4079, 227, 27, NULL, NULL, NULL, NULL, 401),
(4080, 227, 16, NULL, NULL, NULL, NULL, 179),
(4081, 227, 17, NULL, NULL, NULL, NULL, 249),
(4082, 227, 9, NULL, NULL, NULL, NULL, 130),
(4083, 227, 8, NULL, NULL, NULL, NULL, 119),
(4084, 227, 7, NULL, NULL, NULL, NULL, 100),
(4085, 227, 28, NULL, NULL, NULL, NULL, 817),
(4086, 227, 18, NULL, NULL, NULL, NULL, 447),
(4087, 227, 19, NULL, NULL, NULL, NULL, 346),
(4088, 227, 10, NULL, NULL, NULL, NULL, 150),
(4089, 227, 12, 78, NULL, NULL, NULL, NULL),
(4090, 227, 13, 79, NULL, NULL, NULL, NULL),
(4091, 227, 14, 80, NULL, NULL, NULL, NULL),
(4092, 227, 15, 88, NULL, NULL, NULL, NULL),
(4093, 227, 11, NULL, NULL, 'Russia', NULL, NULL),
(4094, 227, 20, 19200, NULL, NULL, NULL, NULL),
(4095, 228, 3, NULL, '1030', NULL, NULL, NULL),
(4096, 228, 26, NULL, NULL, NULL, NULL, 400),
(4097, 228, 23, NULL, NULL, NULL, NULL, 463),
(4098, 228, 27, NULL, NULL, NULL, NULL, 401),
(4099, 228, 16, NULL, NULL, NULL, NULL, 159),
(4100, 228, 17, NULL, NULL, NULL, NULL, 217),
(4101, 228, 9, NULL, NULL, NULL, NULL, 130),
(4102, 228, 8, NULL, NULL, NULL, NULL, 119),
(4103, 228, 7, NULL, NULL, NULL, NULL, 101),
(4104, 228, 28, NULL, NULL, NULL, NULL, 817),
(4105, 228, 18, NULL, NULL, NULL, NULL, 443),
(4106, 228, 19, NULL, NULL, NULL, NULL, 348),
(4107, 228, 10, NULL, NULL, NULL, NULL, 152),
(4108, 228, 12, 40, NULL, NULL, NULL, NULL),
(4109, 228, 13, 42, NULL, NULL, NULL, NULL),
(4110, 228, 14, 57, NULL, NULL, NULL, NULL),
(4111, 228, 15, 59, NULL, NULL, NULL, NULL),
(4112, 228, 11, NULL, NULL, 'Japan', NULL, NULL),
(4113, 228, 20, 14500, NULL, NULL, NULL, NULL),
(4114, 229, 3, NULL, '3051', NULL, NULL, NULL),
(4115, 229, 26, NULL, NULL, NULL, NULL, 400),
(4116, 229, 23, NULL, NULL, NULL, NULL, 762),
(4117, 229, 27, NULL, NULL, NULL, NULL, 401),
(4118, 229, 16, NULL, NULL, NULL, NULL, 175),
(4119, 229, 17, NULL, NULL, NULL, NULL, 334),
(4120, 229, 9, NULL, NULL, NULL, NULL, 130),
(4121, 229, 8, NULL, NULL, NULL, NULL, 119),
(4122, 229, 7, NULL, NULL, NULL, NULL, 101),
(4123, 229, 28, NULL, NULL, NULL, NULL, 817),
(4124, 229, 18, NULL, NULL, NULL, NULL, 447),
(4125, 229, 19, NULL, NULL, NULL, NULL, 346),
(4126, 229, 10, NULL, NULL, NULL, NULL, 150),
(4127, 229, 12, 69, NULL, NULL, NULL, NULL),
(4128, 229, 13, 70, NULL, NULL, NULL, NULL),
(4129, 229, 14, 78, NULL, NULL, NULL, NULL),
(4130, 229, 15, 78, NULL, NULL, NULL, NULL),
(4131, 229, 11, NULL, NULL, 'France', NULL, NULL),
(4132, 229, 20, 24000, NULL, NULL, NULL, NULL),
(4133, 230, 3, NULL, '8920', NULL, NULL, NULL),
(4134, 230, 26, NULL, NULL, NULL, NULL, 399),
(4135, 230, 23, NULL, NULL, NULL, NULL, 465),
(4136, 230, 27, NULL, NULL, NULL, NULL, 401),
(4137, 230, 16, NULL, NULL, NULL, NULL, 746),
(4138, 230, 17, NULL, NULL, NULL, NULL, 255),
(4139, 230, 9, NULL, NULL, NULL, NULL, 130),
(4140, 230, 8, NULL, NULL, NULL, NULL, 119),
(4141, 230, 7, NULL, NULL, NULL, NULL, 101),
(4142, 230, 28, NULL, NULL, NULL, NULL, 817),
(4143, 230, 18, NULL, NULL, NULL, NULL, 447),
(4144, 230, 19, NULL, NULL, NULL, NULL, 343),
(4145, 230, 10, NULL, NULL, NULL, NULL, 153),
(4146, 230, 12, 999, NULL, NULL, NULL, NULL),
(4147, 230, 13, 999, NULL, NULL, NULL, NULL),
(4148, 230, 14, 999, NULL, NULL, NULL, NULL),
(4149, 230, 15, 999, NULL, NULL, NULL, NULL),
(4150, 230, 11, NULL, NULL, 'Japan', NULL, NULL),
(4151, 230, 20, 19900, NULL, NULL, NULL, NULL),
(4152, 231, 3, NULL, '3007', NULL, NULL, NULL),
(4153, 231, 26, NULL, NULL, NULL, NULL, 400),
(4154, 231, 23, NULL, NULL, NULL, NULL, 762),
(4155, 231, 27, NULL, NULL, NULL, NULL, 401),
(4156, 231, 16, NULL, NULL, NULL, NULL, 159),
(4157, 231, 17, NULL, NULL, NULL, NULL, 253),
(4158, 231, 9, NULL, NULL, NULL, NULL, 130),
(4159, 231, 8, NULL, NULL, NULL, NULL, 119),
(4160, 231, 7, NULL, NULL, NULL, NULL, 104),
(4161, 231, 28, NULL, NULL, NULL, NULL, 817),
(4162, 231, 18, NULL, NULL, NULL, NULL, 454),
(4163, 231, 19, NULL, NULL, NULL, NULL, 793),
(4164, 231, 10, NULL, NULL, NULL, NULL, 153),
(4165, 231, 12, 92, NULL, NULL, NULL, NULL),
(4166, 231, 13, 92, NULL, NULL, NULL, NULL),
(4167, 231, 14, 93, NULL, NULL, NULL, NULL),
(4168, 231, 15, 94, NULL, NULL, NULL, NULL),
(4169, 231, 11, NULL, NULL, 'Japan', NULL, NULL),
(4170, 231, 20, 28800, NULL, NULL, NULL, NULL),
(4171, 232, 3, NULL, '3011', NULL, NULL, NULL),
(4172, 232, 26, NULL, NULL, NULL, NULL, 400),
(4173, 232, 23, NULL, NULL, NULL, NULL, 762),
(4174, 232, 27, NULL, NULL, NULL, NULL, 401),
(4175, 232, 16, NULL, NULL, NULL, NULL, 746),
(4176, 232, 17, NULL, NULL, NULL, NULL, 254),
(4177, 232, 9, NULL, NULL, NULL, NULL, 130),
(4178, 232, 8, NULL, NULL, NULL, NULL, 119),
(4179, 232, 7, NULL, NULL, NULL, NULL, 104),
(4180, 232, 28, NULL, NULL, NULL, NULL, 817),
(4181, 232, 18, NULL, NULL, NULL, NULL, 450),
(4182, 232, 19, NULL, NULL, NULL, NULL, 346),
(4183, 232, 10, NULL, NULL, NULL, NULL, 155),
(4184, 232, 12, 100, NULL, NULL, NULL, NULL),
(4185, 232, 13, 100, NULL, NULL, NULL, NULL),
(4186, 232, 14, 100, NULL, NULL, NULL, NULL),
(4187, 232, 15, 100, NULL, NULL, NULL, NULL),
(4188, 232, 11, NULL, NULL, 'Romania', NULL, NULL),
(4189, 232, 20, 35000, NULL, NULL, NULL, NULL),
(4190, 233, 3, NULL, '3012', NULL, NULL, NULL),
(4191, 233, 26, NULL, NULL, NULL, NULL, 400),
(4192, 233, 23, NULL, NULL, NULL, NULL, 762),
(4193, 233, 27, NULL, NULL, NULL, NULL, 401),
(4194, 233, 16, NULL, NULL, NULL, NULL, 179),
(4195, 233, 17, NULL, NULL, NULL, NULL, 246),
(4196, 233, 9, NULL, NULL, NULL, NULL, 130),
(4197, 233, 8, NULL, NULL, NULL, NULL, 119),
(4198, 233, 7, NULL, NULL, NULL, NULL, 104),
(4199, 233, 28, NULL, NULL, NULL, NULL, 817),
(4200, 233, 18, NULL, NULL, NULL, NULL, 454),
(4201, 233, 19, NULL, NULL, NULL, NULL, 793),
(4202, 233, 10, NULL, NULL, NULL, NULL, 152),
(4203, 233, 12, 87, NULL, NULL, NULL, NULL),
(4204, 233, 13, 89, NULL, NULL, NULL, NULL),
(4205, 233, 14, 91, NULL, NULL, NULL, NULL),
(4206, 233, 15, 91, NULL, NULL, NULL, NULL),
(4207, 233, 11, NULL, NULL, 'Russia', NULL, NULL),
(4208, 233, 20, 31000, NULL, NULL, NULL, NULL),
(4209, 234, 3, NULL, '3016', NULL, NULL, NULL),
(4210, 234, 26, NULL, NULL, NULL, NULL, 400),
(4211, 234, 23, NULL, NULL, NULL, NULL, 762),
(4212, 234, 27, NULL, NULL, NULL, NULL, 401),
(4213, 234, 16, NULL, NULL, NULL, NULL, 179),
(4214, 234, 17, NULL, NULL, NULL, NULL, 246),
(4215, 234, 9, NULL, NULL, NULL, NULL, 130),
(4216, 234, 8, NULL, NULL, NULL, NULL, 119),
(4217, 234, 7, NULL, NULL, NULL, NULL, 104),
(4218, 234, 28, NULL, NULL, NULL, NULL, 817),
(4219, 234, 18, NULL, NULL, NULL, NULL, 454),
(4220, 234, 19, NULL, NULL, NULL, NULL, 346),
(4221, 234, 10, NULL, NULL, NULL, NULL, 153),
(4222, 234, 12, 94, NULL, NULL, NULL, NULL),
(4223, 234, 13, 96, NULL, NULL, NULL, NULL),
(4224, 234, 14, 97, NULL, NULL, NULL, NULL),
(4225, 234, 15, 98, NULL, NULL, NULL, NULL),
(4226, 234, 11, NULL, NULL, 'Russia', NULL, NULL),
(4227, 234, 20, 45000, NULL, NULL, NULL, NULL),
(4228, 235, 3, NULL, '3020', NULL, NULL, NULL),
(4229, 235, 26, NULL, NULL, NULL, NULL, 400),
(4230, 235, 23, NULL, NULL, NULL, NULL, 762),
(4231, 235, 27, NULL, NULL, NULL, NULL, 401),
(4232, 235, 16, NULL, NULL, NULL, NULL, 179),
(4233, 235, 17, NULL, NULL, NULL, NULL, 246),
(4234, 235, 9, NULL, NULL, NULL, NULL, 130),
(4235, 235, 8, NULL, NULL, NULL, NULL, 119),
(4236, 235, 7, NULL, NULL, NULL, NULL, 104),
(4237, 235, 28, NULL, NULL, NULL, NULL, 817),
(4238, 235, 18, NULL, NULL, NULL, NULL, 454),
(4239, 235, 19, NULL, NULL, NULL, NULL, 793),
(4240, 235, 10, NULL, NULL, NULL, NULL, 151),
(4241, 235, 12, 89, NULL, NULL, NULL, NULL),
(4242, 235, 13, 91, NULL, NULL, NULL, NULL),
(4243, 235, 14, 92, NULL, NULL, NULL, NULL),
(4244, 235, 15, 95, NULL, NULL, NULL, NULL),
(4245, 235, 11, NULL, NULL, 'Russia', NULL, NULL),
(4246, 235, 20, 35000, NULL, NULL, NULL, NULL),
(4247, 236, 3, NULL, '3026', NULL, NULL, NULL),
(4248, 236, 26, NULL, NULL, NULL, NULL, 400),
(4249, 236, 23, NULL, NULL, NULL, NULL, 463),
(4250, 236, 27, NULL, NULL, NULL, NULL, 401),
(4251, 236, 16, NULL, NULL, NULL, NULL, 175),
(4252, 236, 17, NULL, NULL, NULL, NULL, 268),
(4253, 236, 9, NULL, NULL, NULL, NULL, 130),
(4254, 236, 8, NULL, NULL, NULL, NULL, 119),
(4255, 236, 7, NULL, NULL, NULL, NULL, 104),
(4256, 236, 28, NULL, NULL, NULL, NULL, 817),
(4257, 236, 18, NULL, NULL, NULL, NULL, 446),
(4258, 236, 19, NULL, NULL, NULL, NULL, 346),
(4259, 236, 10, NULL, NULL, NULL, NULL, 152),
(4260, 236, 12, 32, NULL, NULL, NULL, NULL),
(4261, 236, 13, 39, NULL, NULL, NULL, NULL),
(4262, 236, 14, 43, NULL, NULL, NULL, NULL),
(4263, 236, 15, 45, NULL, NULL, NULL, NULL),
(4264, 236, 11, NULL, NULL, 'USA', NULL, NULL),
(4265, 236, 20, 5000, NULL, NULL, NULL, NULL),
(4266, 237, 3, NULL, '3027', NULL, NULL, NULL),
(4267, 237, 26, NULL, NULL, NULL, NULL, 400),
(4268, 237, 23, NULL, NULL, NULL, NULL, 463),
(4269, 237, 27, NULL, NULL, NULL, NULL, 401),
(4270, 237, 16, NULL, NULL, NULL, NULL, 159),
(4271, 237, 17, NULL, NULL, NULL, NULL, 219),
(4272, 237, 9, NULL, NULL, NULL, NULL, 130),
(4273, 237, 8, NULL, NULL, NULL, NULL, 119),
(4274, 237, 7, NULL, NULL, NULL, NULL, 104),
(4275, 237, 28, NULL, NULL, NULL, NULL, 817),
(4276, 237, 18, NULL, NULL, NULL, NULL, 450),
(4277, 237, 19, NULL, NULL, NULL, NULL, 347),
(4278, 237, 10, NULL, NULL, NULL, NULL, 151),
(4279, 237, 12, 42, NULL, NULL, NULL, NULL),
(4280, 237, 13, 48, NULL, NULL, NULL, NULL),
(4281, 237, 14, 49, NULL, NULL, NULL, NULL),
(4282, 237, 15, 50, NULL, NULL, NULL, NULL),
(4283, 237, 11, NULL, NULL, 'Japan', NULL, NULL),
(4284, 237, 20, 7200, NULL, NULL, NULL, NULL),
(4285, 238, 3, NULL, '3028', NULL, NULL, NULL),
(4286, 238, 26, NULL, NULL, NULL, NULL, 400),
(4287, 238, 23, NULL, NULL, NULL, NULL, 463),
(4288, 238, 27, NULL, NULL, NULL, NULL, 401),
(4289, 238, 16, NULL, NULL, NULL, NULL, 159),
(4290, 238, 17, NULL, NULL, NULL, NULL, 219),
(4291, 238, 9, NULL, NULL, NULL, NULL, 130),
(4292, 238, 8, NULL, NULL, NULL, NULL, 119),
(4293, 238, 7, NULL, NULL, NULL, NULL, 104),
(4294, 238, 28, NULL, NULL, NULL, NULL, 817),
(4295, 238, 18, NULL, NULL, NULL, NULL, 450),
(4296, 238, 19, NULL, NULL, NULL, NULL, 347),
(4297, 238, 10, NULL, NULL, NULL, NULL, 152),
(4298, 238, 12, 50, NULL, NULL, NULL, NULL),
(4299, 238, 13, 63, NULL, NULL, NULL, NULL),
(4300, 238, 14, 73, NULL, NULL, NULL, NULL),
(4301, 238, 15, 78, NULL, NULL, NULL, NULL),
(4302, 238, 11, NULL, NULL, 'Japan', NULL, NULL),
(4303, 238, 20, 16800, NULL, NULL, NULL, NULL),
(4304, 239, 3, NULL, '3033', NULL, NULL, NULL),
(4305, 239, 26, NULL, NULL, NULL, NULL, 400),
(4306, 239, 23, NULL, NULL, NULL, NULL, 463),
(4307, 239, 27, NULL, NULL, NULL, NULL, 401),
(4308, 239, 16, NULL, NULL, NULL, NULL, 159),
(4309, 239, 17, NULL, NULL, NULL, NULL, 218),
(4310, 239, 9, NULL, NULL, NULL, NULL, 130),
(4311, 239, 8, NULL, NULL, NULL, NULL, 119),
(4312, 239, 7, NULL, NULL, NULL, NULL, 104),
(4313, 239, 28, NULL, NULL, NULL, NULL, 817),
(4314, 239, 18, NULL, NULL, NULL, NULL, 450),
(4315, 239, 19, NULL, NULL, NULL, NULL, 347),
(4316, 239, 10, NULL, NULL, NULL, NULL, 152),
(4317, 239, 12, 40, NULL, NULL, NULL, NULL),
(4318, 239, 13, 45, NULL, NULL, NULL, NULL),
(4319, 239, 14, 56, NULL, NULL, NULL, NULL),
(4320, 239, 15, 56, NULL, NULL, NULL, NULL),
(4321, 239, 11, NULL, NULL, 'Japan', NULL, NULL),
(4322, 239, 20, 6000, NULL, NULL, NULL, NULL),
(4323, 240, 3, NULL, '3040', NULL, NULL, NULL),
(4324, 240, 26, NULL, NULL, NULL, NULL, 400),
(4325, 240, 23, NULL, NULL, NULL, NULL, 463),
(4326, 240, 27, NULL, NULL, NULL, NULL, 401),
(4327, 240, 16, NULL, NULL, NULL, NULL, 159),
(4328, 240, 17, NULL, NULL, NULL, NULL, 219),
(4329, 240, 9, NULL, NULL, NULL, NULL, 130),
(4330, 240, 8, NULL, NULL, NULL, NULL, 119),
(4331, 240, 7, NULL, NULL, NULL, NULL, 104),
(4332, 240, 28, NULL, NULL, NULL, NULL, 817),
(4333, 240, 18, NULL, NULL, NULL, NULL, 450),
(4334, 240, 19, NULL, NULL, NULL, NULL, 347),
(4335, 240, 10, NULL, NULL, NULL, NULL, 151),
(4336, 240, 12, 53, NULL, NULL, NULL, NULL),
(4337, 240, 13, 55, NULL, NULL, NULL, NULL),
(4338, 240, 14, 57, NULL, NULL, NULL, NULL),
(4339, 240, 15, 59, NULL, NULL, NULL, NULL),
(4340, 240, 11, NULL, NULL, 'Japan', NULL, NULL),
(4341, 240, 20, 21600, NULL, NULL, NULL, NULL),
(4342, 241, 3, NULL, '3050', NULL, NULL, NULL),
(4343, 241, 26, NULL, NULL, NULL, NULL, 400),
(4344, 241, 23, NULL, NULL, NULL, NULL, 463),
(4345, 241, 27, NULL, NULL, NULL, NULL, 401),
(4346, 241, 16, NULL, NULL, NULL, NULL, 159),
(4347, 241, 17, NULL, NULL, NULL, NULL, 794),
(4348, 241, 9, NULL, NULL, NULL, NULL, 130),
(4349, 241, 8, NULL, NULL, NULL, NULL, 119),
(4350, 241, 7, NULL, NULL, NULL, NULL, 104),
(4351, 241, 28, NULL, NULL, NULL, NULL, 817),
(4352, 241, 18, NULL, NULL, NULL, NULL, 449),
(4353, 241, 19, NULL, NULL, NULL, NULL, 348),
(4354, 241, 10, NULL, NULL, NULL, NULL, 152),
(4355, 241, 12, 48, NULL, NULL, NULL, NULL),
(4356, 241, 13, 49, NULL, NULL, NULL, NULL),
(4357, 241, 14, 50, NULL, NULL, NULL, NULL),
(4358, 241, 15, 52, NULL, NULL, NULL, NULL),
(4359, 241, 11, NULL, NULL, 'Japan', NULL, NULL),
(4360, 241, 20, 9600, NULL, NULL, NULL, NULL),
(4361, 242, 3, NULL, '3072', NULL, NULL, NULL),
(4362, 242, 26, NULL, NULL, NULL, NULL, 400),
(4363, 242, 23, NULL, NULL, NULL, NULL, 465),
(4364, 242, 27, NULL, NULL, NULL, NULL, 401),
(4365, 242, 16, NULL, NULL, NULL, NULL, 179),
(4366, 242, 17, NULL, NULL, NULL, NULL, 795),
(4367, 242, 9, NULL, NULL, NULL, NULL, 130),
(4368, 242, 8, NULL, NULL, NULL, NULL, 119),
(4369, 242, 7, NULL, NULL, NULL, NULL, 104),
(4370, 242, 28, NULL, NULL, NULL, NULL, 817),
(4371, 242, 18, NULL, NULL, NULL, NULL, 454),
(4372, 242, 19, NULL, NULL, NULL, NULL, 344),
(4373, 242, 10, NULL, NULL, NULL, NULL, 151),
(4374, 242, 12, 62, NULL, NULL, NULL, NULL),
(4375, 242, 13, 63, NULL, NULL, NULL, NULL),
(4376, 242, 14, 69, NULL, NULL, NULL, NULL),
(4377, 242, 15, 72, NULL, NULL, NULL, NULL),
(4378, 242, 11, NULL, NULL, 'Russia', NULL, NULL),
(4379, 242, 20, 9600, NULL, NULL, NULL, NULL),
(4380, 243, 3, NULL, '3095', NULL, NULL, NULL),
(4381, 243, 26, NULL, NULL, NULL, NULL, 400),
(4382, 243, 23, NULL, NULL, NULL, NULL, 762),
(4383, 243, 27, NULL, NULL, NULL, NULL, 401),
(4384, 243, 16, NULL, NULL, NULL, NULL, 179),
(4385, 243, 17, NULL, NULL, NULL, NULL, 251),
(4386, 243, 9, NULL, NULL, NULL, NULL, 130),
(4387, 243, 8, NULL, NULL, NULL, NULL, 119),
(4388, 243, 7, NULL, NULL, NULL, NULL, 104),
(4389, 243, 28, NULL, NULL, NULL, NULL, 817),
(4390, 243, 18, NULL, NULL, NULL, NULL, 454),
(4391, 243, 19, NULL, NULL, NULL, NULL, 793),
(4392, 243, 10, NULL, NULL, NULL, NULL, 149),
(4393, 243, 12, 68, NULL, NULL, NULL, NULL),
(4394, 243, 13, 68, NULL, NULL, NULL, NULL),
(4395, 243, 14, 70, NULL, NULL, NULL, NULL),
(4396, 243, 15, 72, NULL, NULL, NULL, NULL),
(4397, 243, 11, NULL, NULL, 'Russia', NULL, NULL),
(4398, 243, 20, 19200, NULL, NULL, NULL, NULL),
(4399, 244, 3, NULL, '8917', NULL, NULL, NULL),
(4400, 244, 26, NULL, NULL, NULL, NULL, 399),
(4401, 244, 23, NULL, NULL, NULL, NULL, 465),
(4402, 244, 27, NULL, NULL, NULL, NULL, 401),
(4403, 244, 16, NULL, NULL, NULL, NULL, 159),
(4404, 244, 17, NULL, NULL, NULL, NULL, 736),
(4405, 244, 9, NULL, NULL, NULL, NULL, 130),
(4406, 244, 8, NULL, NULL, NULL, NULL, 119),
(4407, 244, 7, NULL, NULL, NULL, NULL, 104),
(4408, 244, 28, NULL, NULL, NULL, NULL, 817),
(4409, 244, 18, NULL, NULL, NULL, NULL, 450),
(4410, 244, 19, NULL, NULL, NULL, NULL, 343),
(4411, 244, 10, NULL, NULL, NULL, NULL, 149),
(4412, 244, 12, 71, NULL, NULL, NULL, NULL),
(4413, 244, 13, 72, NULL, NULL, NULL, NULL),
(4414, 244, 14, 77, NULL, NULL, NULL, NULL),
(4415, 244, 15, 77, NULL, NULL, NULL, NULL),
(4416, 244, 11, NULL, NULL, 'Japan', NULL, NULL),
(4417, 244, 20, 19900, NULL, NULL, NULL, NULL),
(4418, 245, 3, NULL, '3066', NULL, NULL, NULL),
(4419, 245, 26, NULL, NULL, NULL, NULL, 400),
(4420, 245, 23, NULL, NULL, NULL, NULL, 463),
(4421, 245, 27, NULL, NULL, NULL, NULL, 401),
(4422, 245, 16, NULL, NULL, NULL, NULL, 162),
(4423, 245, 17, NULL, NULL, NULL, NULL, 796),
(4424, 245, 9, NULL, NULL, NULL, NULL, 130),
(4425, 245, 8, NULL, NULL, NULL, NULL, 119),
(4426, 245, 7, NULL, NULL, NULL, NULL, 105),
(4427, 245, 28, NULL, NULL, NULL, NULL, 815),
(4428, 245, 18, NULL, NULL, NULL, NULL, 451),
(4429, 245, 19, NULL, NULL, NULL, NULL, 347),
(4430, 245, 10, NULL, NULL, NULL, NULL, 147),
(4431, 245, 12, 48, NULL, NULL, NULL, NULL),
(4432, 245, 13, 53, NULL, NULL, NULL, NULL),
(4433, 245, 11, NULL, NULL, 'Japan', NULL, NULL),
(4434, 245, 20, 4000, NULL, NULL, NULL, NULL),
(4435, 246, 3, NULL, '3003', NULL, NULL, NULL),
(4436, 246, 26, NULL, NULL, NULL, NULL, 400),
(4437, 246, 23, NULL, NULL, NULL, NULL, 762),
(4438, 246, 27, NULL, NULL, NULL, NULL, 401),
(4439, 246, 16, NULL, NULL, NULL, NULL, 179),
(4440, 246, 17, NULL, NULL, NULL, NULL, 249),
(4441, 246, 9, NULL, NULL, NULL, NULL, 130),
(4442, 246, 8, NULL, NULL, NULL, NULL, 119),
(4443, 246, 7, NULL, NULL, NULL, NULL, 106),
(4444, 246, 28, NULL, NULL, NULL, NULL, 817),
(4445, 246, 18, NULL, NULL, NULL, NULL, 456),
(4446, 246, 19, NULL, NULL, NULL, NULL, 346),
(4447, 246, 10, NULL, NULL, NULL, NULL, 149),
(4448, 246, 12, 66, NULL, NULL, NULL, NULL),
(4449, 246, 13, 68, NULL, NULL, NULL, NULL),
(4450, 246, 14, 69, NULL, NULL, NULL, NULL),
(4451, 246, 15, 69, NULL, NULL, NULL, NULL),
(4452, 246, 11, NULL, NULL, 'Russia', NULL, NULL),
(4453, 246, 20, 17400, NULL, NULL, NULL, NULL),
(4454, 247, 3, NULL, '3010', NULL, NULL, NULL),
(4455, 247, 26, NULL, NULL, NULL, NULL, 400),
(4456, 247, 23, NULL, NULL, NULL, NULL, 465),
(4457, 247, 27, NULL, NULL, NULL, NULL, 401),
(4458, 247, 16, NULL, NULL, NULL, NULL, 162),
(4459, 247, 17, NULL, NULL, NULL, NULL, 313),
(4460, 247, 9, NULL, NULL, NULL, NULL, 130),
(4461, 247, 8, NULL, NULL, NULL, NULL, 119),
(4462, 247, 7, NULL, NULL, NULL, NULL, 106),
(4463, 247, 28, NULL, NULL, NULL, NULL, 817),
(4464, 247, 18, NULL, NULL, NULL, NULL, 456),
(4465, 247, 19, NULL, NULL, NULL, NULL, 343),
(4466, 247, 10, NULL, NULL, NULL, NULL, 153),
(4467, 247, 12, 89, NULL, NULL, NULL, NULL),
(4468, 247, 13, 89, NULL, NULL, NULL, NULL),
(4469, 247, 14, 92, NULL, NULL, NULL, NULL),
(4470, 247, 15, 92, NULL, NULL, NULL, NULL),
(4471, 247, 11, NULL, NULL, 'Japan', NULL, NULL),
(4472, 247, 20, 28800, NULL, NULL, NULL, NULL),
(4473, 248, 3, NULL, '3018', NULL, NULL, NULL),
(4474, 248, 26, NULL, NULL, NULL, NULL, 400),
(4475, 248, 23, NULL, NULL, NULL, NULL, 762),
(4476, 248, 27, NULL, NULL, NULL, NULL, 401),
(4477, 248, 16, NULL, NULL, NULL, NULL, 159),
(4478, 248, 17, NULL, NULL, NULL, NULL, 253),
(4479, 248, 9, NULL, NULL, NULL, NULL, 130),
(4480, 248, 8, NULL, NULL, NULL, NULL, 119),
(4481, 248, 7, NULL, NULL, NULL, NULL, 106),
(4482, 248, 28, NULL, NULL, NULL, NULL, 817),
(4483, 248, 18, NULL, NULL, NULL, NULL, 456),
(4484, 248, 19, NULL, NULL, NULL, NULL, 793),
(4485, 248, 10, NULL, NULL, NULL, NULL, 153),
(4486, 248, 12, 88, NULL, NULL, NULL, NULL),
(4487, 248, 13, 89, NULL, NULL, NULL, NULL),
(4488, 248, 14, 89, NULL, NULL, NULL, NULL),
(4489, 248, 15, 87, NULL, NULL, NULL, NULL),
(4490, 248, 11, NULL, NULL, 'Japan', NULL, NULL),
(4491, 248, 20, 26400, NULL, NULL, NULL, NULL),
(4492, 249, 3, NULL, '3022', NULL, NULL, NULL),
(4493, 249, 26, NULL, NULL, NULL, NULL, 400),
(4494, 249, 23, NULL, NULL, NULL, NULL, 762),
(4495, 249, 27, NULL, NULL, NULL, NULL, 401),
(4496, 249, 16, NULL, NULL, NULL, NULL, 179),
(4497, 249, 17, NULL, NULL, NULL, NULL, 246),
(4498, 249, 9, NULL, NULL, NULL, NULL, 130),
(4499, 249, 8, NULL, NULL, NULL, NULL, 119),
(4500, 249, 7, NULL, NULL, NULL, NULL, 106),
(4501, 249, 28, NULL, NULL, NULL, NULL, 817),
(4502, 249, 18, NULL, NULL, NULL, NULL, 797),
(4503, 249, 19, NULL, NULL, NULL, NULL, 793),
(4504, 249, 10, NULL, NULL, NULL, NULL, 152),
(4505, 249, 12, 85, NULL, NULL, NULL, NULL),
(4506, 249, 13, 87, NULL, NULL, NULL, NULL),
(4507, 249, 14, 91, NULL, NULL, NULL, NULL),
(4508, 249, 15, 93, NULL, NULL, NULL, NULL),
(4509, 249, 11, NULL, NULL, 'Russia', NULL, NULL),
(4510, 249, 20, 39000, NULL, NULL, NULL, NULL),
(4511, 250, 3, NULL, '3023', NULL, NULL, NULL),
(4512, 250, 26, NULL, NULL, NULL, NULL, 400),
(4513, 250, 23, NULL, NULL, NULL, NULL, 762),
(4514, 250, 27, NULL, NULL, NULL, NULL, 401),
(4515, 250, 16, NULL, NULL, NULL, NULL, 179),
(4516, 250, 17, NULL, NULL, NULL, NULL, 246),
(4517, 250, 9, NULL, NULL, NULL, NULL, 130),
(4518, 250, 8, NULL, NULL, NULL, NULL, 119),
(4519, 250, 7, NULL, NULL, NULL, NULL, 106),
(4520, 250, 28, NULL, NULL, NULL, NULL, 817),
(4521, 250, 18, NULL, NULL, NULL, NULL, 456),
(4522, 250, 19, NULL, NULL, NULL, NULL, 793),
(4523, 250, 10, NULL, NULL, NULL, NULL, 152),
(4524, 250, 12, 80, NULL, NULL, NULL, NULL),
(4525, 250, 13, 82, NULL, NULL, NULL, NULL),
(4526, 250, 14, 83, NULL, NULL, NULL, NULL),
(4527, 250, 15, 85, NULL, NULL, NULL, NULL),
(4528, 250, 11, NULL, NULL, 'Russia', NULL, NULL),
(4529, 250, 20, 39000, NULL, NULL, NULL, NULL),
(4530, 251, 3, NULL, '3024', NULL, NULL, NULL),
(4531, 251, 26, NULL, NULL, NULL, NULL, 400),
(4532, 251, 23, NULL, NULL, NULL, NULL, 762),
(4533, 251, 27, NULL, NULL, NULL, NULL, 401),
(4534, 251, 16, NULL, NULL, NULL, NULL, 179),
(4535, 251, 17, NULL, NULL, NULL, NULL, 246),
(4536, 251, 9, NULL, NULL, NULL, NULL, 130),
(4537, 251, 8, NULL, NULL, NULL, NULL, 119),
(4538, 251, 7, NULL, NULL, NULL, NULL, 106),
(4539, 251, 28, NULL, NULL, NULL, NULL, 817),
(4540, 251, 18, NULL, NULL, NULL, NULL, 456),
(4541, 251, 19, NULL, NULL, NULL, NULL, 793),
(4542, 251, 10, NULL, NULL, NULL, NULL, 152),
(4543, 251, 12, 89, NULL, NULL, NULL, NULL),
(4544, 251, 13, 91, NULL, NULL, NULL, NULL),
(4545, 251, 14, 92, NULL, NULL, NULL, NULL),
(4546, 251, 15, 93, NULL, NULL, NULL, NULL),
(4547, 251, 11, NULL, NULL, 'Russia', NULL, NULL),
(4548, 251, 20, 39000, NULL, NULL, NULL, NULL),
(4549, 252, 3, NULL, '3025', NULL, NULL, NULL),
(4550, 252, 26, NULL, NULL, NULL, NULL, 400),
(4551, 252, 23, NULL, NULL, NULL, NULL, 762),
(4552, 252, 27, NULL, NULL, NULL, NULL, 401),
(4553, 252, 16, NULL, NULL, NULL, NULL, 179),
(4554, 252, 17, NULL, NULL, NULL, NULL, 246),
(4555, 252, 9, NULL, NULL, NULL, NULL, 130),
(4556, 252, 8, NULL, NULL, NULL, NULL, 119),
(4557, 252, 7, NULL, NULL, NULL, NULL, 106),
(4558, 252, 28, NULL, NULL, NULL, NULL, 817),
(4559, 252, 18, NULL, NULL, NULL, NULL, 456),
(4560, 252, 19, NULL, NULL, NULL, NULL, 793),
(4561, 252, 10, NULL, NULL, NULL, NULL, 153),
(4562, 252, 12, 90, NULL, NULL, NULL, NULL),
(4563, 252, 13, 91, NULL, NULL, NULL, NULL),
(4564, 252, 14, 95, NULL, NULL, NULL, NULL),
(4565, 252, 15, 95, NULL, NULL, NULL, NULL),
(4566, 252, 11, NULL, NULL, 'Russia', NULL, NULL),
(4567, 252, 20, 43000, NULL, NULL, NULL, NULL),
(4568, 253, 3, NULL, '3038', NULL, NULL, NULL),
(4569, 253, 26, NULL, NULL, NULL, NULL, 400),
(4570, 253, 23, NULL, NULL, NULL, NULL, 463),
(4571, 253, 27, NULL, NULL, NULL, NULL, 401),
(4572, 253, 16, NULL, NULL, NULL, NULL, 162),
(4573, 253, 17, NULL, NULL, NULL, NULL, 241),
(4574, 253, 9, NULL, NULL, NULL, NULL, 130),
(4575, 253, 8, NULL, NULL, NULL, NULL, 119),
(4576, 253, 7, NULL, NULL, NULL, NULL, 106),
(4577, 253, 28, NULL, NULL, NULL, NULL, 817),
(4578, 253, 18, NULL, NULL, NULL, NULL, 460),
(4579, 253, 19, NULL, NULL, NULL, NULL, 347),
(4580, 253, 10, NULL, NULL, NULL, NULL, 153),
(4581, 253, 12, 53, NULL, NULL, NULL, NULL),
(4582, 253, 13, 56, NULL, NULL, NULL, NULL),
(4583, 253, 14, 67, NULL, NULL, NULL, NULL),
(4584, 253, 15, 75, NULL, NULL, NULL, NULL),
(4585, 253, 11, NULL, NULL, 'Thailand', NULL, NULL),
(4586, 253, 20, 12000, NULL, NULL, NULL, NULL),
(4587, 254, 3, NULL, '3042', NULL, NULL, NULL),
(4588, 254, 26, NULL, NULL, NULL, NULL, 400),
(4589, 254, 23, NULL, NULL, NULL, NULL, 463),
(4590, 254, 27, NULL, NULL, NULL, NULL, 401);
INSERT INTO `good_attribute` (`id`, `good_id`, `attribute_id`, `int_value`, `varchar_value`, `text_value`, `float_value`, `variant_id`) VALUES
(4591, 254, 16, NULL, NULL, NULL, NULL, 169),
(4592, 254, 17, NULL, NULL, NULL, NULL, 330),
(4593, 254, 9, NULL, NULL, NULL, NULL, 130),
(4594, 254, 8, NULL, NULL, NULL, NULL, 119),
(4595, 254, 7, NULL, NULL, NULL, NULL, 106),
(4596, 254, 28, NULL, NULL, NULL, NULL, 817),
(4597, 254, 18, NULL, NULL, NULL, NULL, 456),
(4598, 254, 19, NULL, NULL, NULL, NULL, 348),
(4599, 254, 10, NULL, NULL, NULL, NULL, 153),
(4600, 254, 12, 45, NULL, NULL, NULL, NULL),
(4601, 254, 13, 48, NULL, NULL, NULL, NULL),
(4602, 254, 14, 50, NULL, NULL, NULL, NULL),
(4603, 254, 15, 52, NULL, NULL, NULL, NULL),
(4604, 254, 11, NULL, NULL, 'Korea', NULL, NULL),
(4605, 254, 20, 14400, NULL, NULL, NULL, NULL),
(4606, 255, 3, NULL, '3043', NULL, NULL, NULL),
(4607, 255, 26, NULL, NULL, NULL, NULL, 400),
(4608, 255, 23, NULL, NULL, NULL, NULL, 463),
(4609, 255, 27, NULL, NULL, NULL, NULL, 401),
(4610, 255, 16, NULL, NULL, NULL, NULL, 162),
(4611, 255, 17, NULL, NULL, NULL, NULL, 240),
(4612, 255, 9, NULL, NULL, NULL, NULL, 130),
(4613, 255, 8, NULL, NULL, NULL, NULL, 119),
(4614, 255, 7, NULL, NULL, NULL, NULL, 106),
(4615, 255, 28, NULL, NULL, NULL, NULL, 817),
(4616, 255, 18, NULL, NULL, NULL, NULL, 456),
(4617, 255, 19, NULL, NULL, NULL, NULL, 348),
(4618, 255, 10, NULL, NULL, NULL, NULL, 153),
(4619, 255, 12, 52, NULL, NULL, NULL, NULL),
(4620, 255, 13, 53, NULL, NULL, NULL, NULL),
(4621, 255, 14, 57, NULL, NULL, NULL, NULL),
(4622, 255, 15, 58, NULL, NULL, NULL, NULL),
(4623, 255, 11, NULL, NULL, 'Japan', NULL, NULL),
(4624, 255, 20, 19200, NULL, NULL, NULL, NULL),
(4625, 256, 3, NULL, '3071', NULL, NULL, NULL),
(4626, 256, 26, NULL, NULL, NULL, NULL, 400),
(4627, 256, 23, NULL, NULL, NULL, NULL, 762),
(4628, 256, 27, NULL, NULL, NULL, NULL, 401),
(4629, 256, 16, NULL, NULL, NULL, NULL, 798),
(4630, 256, 17, NULL, NULL, NULL, NULL, 799),
(4631, 256, 9, NULL, NULL, NULL, NULL, 130),
(4632, 256, 8, NULL, NULL, NULL, NULL, 119),
(4633, 256, 7, NULL, NULL, NULL, NULL, 106),
(4634, 256, 28, NULL, NULL, NULL, NULL, 817),
(4635, 256, 18, NULL, NULL, NULL, NULL, 456),
(4636, 256, 19, NULL, NULL, NULL, NULL, 346),
(4637, 256, 10, NULL, NULL, NULL, NULL, 151),
(4638, 256, 12, 64, NULL, NULL, NULL, NULL),
(4639, 256, 13, 66, NULL, NULL, NULL, NULL),
(4640, 256, 14, 70, NULL, NULL, NULL, NULL),
(4641, 256, 15, 71, NULL, NULL, NULL, NULL),
(4642, 256, 11, NULL, NULL, 'Russia', NULL, NULL),
(4643, 256, 20, 9600, NULL, NULL, NULL, NULL),
(4644, 257, 3, NULL, '3082', NULL, NULL, NULL),
(4645, 257, 26, NULL, NULL, NULL, NULL, 400),
(4646, 257, 23, NULL, NULL, NULL, NULL, 463),
(4647, 257, 27, NULL, NULL, NULL, NULL, 401),
(4648, 257, 16, NULL, NULL, NULL, NULL, 162),
(4649, 257, 17, NULL, NULL, NULL, NULL, 773),
(4650, 257, 9, NULL, NULL, NULL, NULL, 130),
(4651, 257, 8, NULL, NULL, NULL, NULL, 119),
(4652, 257, 7, NULL, NULL, NULL, NULL, 106),
(4653, 257, 28, NULL, NULL, NULL, NULL, 817),
(4654, 257, 18, NULL, NULL, NULL, NULL, 456),
(4655, 257, 19, NULL, NULL, NULL, NULL, 348),
(4656, 257, 10, NULL, NULL, NULL, NULL, 152),
(4657, 257, 12, 50, NULL, NULL, NULL, NULL),
(4658, 257, 13, 53, NULL, NULL, NULL, NULL),
(4659, 257, 14, 62, NULL, NULL, NULL, NULL),
(4660, 257, 15, 64, NULL, NULL, NULL, NULL),
(4661, 257, 11, NULL, NULL, 'Japan', NULL, NULL),
(4662, 257, 20, 9600, NULL, NULL, NULL, NULL),
(4663, 258, 3, NULL, '3083', NULL, NULL, NULL),
(4664, 258, 26, NULL, NULL, NULL, NULL, 400),
(4665, 258, 23, NULL, NULL, NULL, NULL, 463),
(4666, 258, 27, NULL, NULL, NULL, NULL, 401),
(4667, 258, 16, NULL, NULL, NULL, NULL, 162),
(4668, 258, 17, NULL, NULL, NULL, NULL, 773),
(4669, 258, 9, NULL, NULL, NULL, NULL, 130),
(4670, 258, 8, NULL, NULL, NULL, NULL, 119),
(4671, 258, 7, NULL, NULL, NULL, NULL, 106),
(4672, 258, 28, NULL, NULL, NULL, NULL, 817),
(4673, 258, 18, NULL, NULL, NULL, NULL, 456),
(4674, 258, 19, NULL, NULL, NULL, NULL, 348),
(4675, 258, 10, NULL, NULL, NULL, NULL, 152),
(4676, 258, 12, 59, NULL, NULL, NULL, NULL),
(4677, 258, 13, 59, NULL, NULL, NULL, NULL),
(4678, 258, 14, 51, NULL, NULL, NULL, NULL),
(4679, 258, 15, 52, NULL, NULL, NULL, NULL),
(4680, 258, 11, NULL, NULL, 'Japan', NULL, NULL),
(4681, 258, 20, 24000, NULL, NULL, NULL, NULL),
(4682, 259, 3, NULL, '8120', NULL, NULL, NULL),
(4683, 259, 26, NULL, NULL, NULL, NULL, 399),
(4684, 259, 23, NULL, NULL, NULL, NULL, 463),
(4685, 259, 27, NULL, NULL, NULL, NULL, 402),
(4686, 259, 16, NULL, NULL, NULL, NULL, 162),
(4687, 259, 17, NULL, NULL, NULL, NULL, 800),
(4688, 259, 9, NULL, NULL, NULL, NULL, 130),
(4689, 259, 8, NULL, NULL, NULL, NULL, 119),
(4690, 259, 7, NULL, NULL, NULL, NULL, 106),
(4691, 259, 28, NULL, NULL, NULL, NULL, 817),
(4692, 259, 18, NULL, NULL, NULL, NULL, 456),
(4693, 259, 19, NULL, NULL, NULL, NULL, 348),
(4694, 259, 10, NULL, NULL, NULL, NULL, 148),
(4695, 259, 12, 51, NULL, NULL, NULL, NULL),
(4696, 259, 13, 52, NULL, NULL, NULL, NULL),
(4697, 259, 14, 53, NULL, NULL, NULL, NULL),
(4698, 259, 15, 55, NULL, NULL, NULL, NULL),
(4699, 259, 11, NULL, NULL, 'Japan', NULL, NULL),
(4700, 259, 20, 15000, NULL, NULL, NULL, NULL),
(4701, 260, 3, NULL, '8121', NULL, NULL, NULL),
(4702, 260, 26, NULL, NULL, NULL, NULL, 399),
(4703, 260, 23, NULL, NULL, NULL, NULL, 463),
(4704, 260, 27, NULL, NULL, NULL, NULL, 402),
(4705, 260, 16, NULL, NULL, NULL, NULL, 159),
(4706, 260, 17, NULL, NULL, NULL, NULL, 219),
(4707, 260, 9, NULL, NULL, NULL, NULL, 130),
(4708, 260, 8, NULL, NULL, NULL, NULL, 119),
(4709, 260, 7, NULL, NULL, NULL, NULL, 106),
(4710, 260, 28, NULL, NULL, NULL, NULL, 817),
(4711, 260, 18, NULL, NULL, NULL, NULL, 456),
(4712, 260, 19, NULL, NULL, NULL, NULL, 347),
(4713, 260, 10, NULL, NULL, NULL, NULL, 149),
(4714, 260, 12, 49, NULL, NULL, NULL, NULL),
(4715, 260, 13, 50, NULL, NULL, NULL, NULL),
(4716, 260, 14, 50, NULL, NULL, NULL, NULL),
(4717, 260, 15, 50, NULL, NULL, NULL, NULL),
(4718, 260, 11, NULL, NULL, 'Japan', NULL, NULL),
(4719, 260, 20, 16000, NULL, NULL, NULL, NULL),
(4720, 261, 3, NULL, '3054', NULL, NULL, NULL),
(4721, 261, 26, NULL, NULL, NULL, NULL, 400),
(4722, 261, 23, NULL, NULL, NULL, NULL, 465),
(4723, 261, 27, NULL, NULL, NULL, NULL, 401),
(4724, 261, 16, NULL, NULL, NULL, NULL, 162),
(4725, 261, 17, NULL, NULL, NULL, NULL, 801),
(4726, 261, 9, NULL, NULL, NULL, NULL, 130),
(4727, 261, 8, NULL, NULL, NULL, NULL, 120),
(4728, 261, 7, NULL, NULL, NULL, NULL, 100),
(4729, 261, 28, NULL, NULL, NULL, NULL, 817),
(4730, 261, 18, NULL, NULL, NULL, NULL, 443),
(4731, 261, 19, NULL, NULL, NULL, NULL, 343),
(4732, 261, 10, NULL, NULL, NULL, NULL, 148),
(4733, 261, 12, 61, NULL, NULL, NULL, NULL),
(4734, 261, 13, 61, NULL, NULL, NULL, NULL),
(4735, 261, 14, 69, NULL, NULL, NULL, NULL),
(4736, 261, 15, 72, NULL, NULL, NULL, NULL),
(4737, 261, 11, NULL, NULL, 'Japan', NULL, NULL),
(4738, 261, 20, 9600, NULL, NULL, NULL, NULL),
(4739, 262, 3, NULL, '8906', NULL, NULL, NULL),
(4740, 262, 26, NULL, NULL, NULL, NULL, 399),
(4741, 262, 23, NULL, NULL, NULL, NULL, 465),
(4742, 262, 27, NULL, NULL, NULL, NULL, 401),
(4743, 262, 16, NULL, NULL, NULL, NULL, 159),
(4744, 262, 17, NULL, NULL, NULL, NULL, 206),
(4745, 262, 9, NULL, NULL, NULL, NULL, 130),
(4746, 262, 8, NULL, NULL, NULL, NULL, 120),
(4747, 262, 7, NULL, NULL, NULL, NULL, 100),
(4748, 262, 28, NULL, NULL, NULL, NULL, 817),
(4749, 262, 18, NULL, NULL, NULL, NULL, 443),
(4750, 262, 19, NULL, NULL, NULL, NULL, 343),
(4751, 262, 10, NULL, NULL, NULL, NULL, 148),
(4752, 262, 12, 92, NULL, NULL, NULL, NULL),
(4753, 262, 13, 92, NULL, NULL, NULL, NULL),
(4754, 262, 14, 93, NULL, NULL, NULL, NULL),
(4755, 262, 15, 95, NULL, NULL, NULL, NULL),
(4756, 262, 11, NULL, NULL, 'Japan', NULL, NULL),
(4757, 262, 20, 17900, NULL, NULL, NULL, NULL),
(4758, 263, 3, NULL, '3002', NULL, NULL, NULL),
(4759, 263, 26, NULL, NULL, NULL, NULL, 400),
(4760, 263, 23, NULL, NULL, NULL, NULL, 762),
(4761, 263, 27, NULL, NULL, NULL, NULL, 401),
(4762, 263, 16, NULL, NULL, NULL, NULL, 179),
(4763, 263, 17, NULL, NULL, NULL, NULL, 249),
(4764, 263, 9, NULL, NULL, NULL, NULL, 130),
(4765, 263, 8, NULL, NULL, NULL, NULL, 120),
(4766, 263, 7, NULL, NULL, NULL, NULL, 101),
(4767, 263, 28, NULL, NULL, NULL, NULL, 817),
(4768, 263, 18, NULL, NULL, NULL, NULL, 450),
(4769, 263, 19, NULL, NULL, NULL, NULL, 793),
(4770, 263, 10, NULL, NULL, NULL, NULL, 151),
(4771, 263, 12, 100, NULL, NULL, NULL, NULL),
(4772, 263, 13, 100, NULL, NULL, NULL, NULL),
(4773, 263, 14, 101, NULL, NULL, NULL, NULL),
(4774, 263, 15, 102, NULL, NULL, NULL, NULL),
(4775, 263, 11, NULL, NULL, 'Russia', NULL, NULL),
(4776, 263, 20, 28800, NULL, NULL, NULL, NULL),
(4777, 264, 3, NULL, '9902-2', NULL, NULL, NULL),
(4778, 264, 26, NULL, NULL, NULL, NULL, 399),
(4779, 264, 23, NULL, NULL, NULL, NULL, 463),
(4780, 264, 27, NULL, NULL, NULL, NULL, 401),
(4781, 264, 16, NULL, NULL, NULL, NULL, 168),
(4782, 264, 17, NULL, NULL, NULL, NULL, 802),
(4783, 264, 9, NULL, NULL, NULL, NULL, 131),
(4784, 264, 8, NULL, NULL, NULL, NULL, 114),
(4785, 264, 7, NULL, NULL, NULL, NULL, 100),
(4786, 264, 28, NULL, NULL, NULL, NULL, 815),
(4787, 264, 18, NULL, NULL, NULL, NULL, 434),
(4788, 264, 19, NULL, NULL, NULL, NULL, 349),
(4789, 264, 10, NULL, NULL, NULL, NULL, 151),
(4790, 264, 12, 65, NULL, NULL, NULL, NULL),
(4791, 264, 13, 66, NULL, NULL, NULL, NULL),
(4792, 264, 11, NULL, NULL, 'Japan', NULL, NULL),
(4793, 264, 20, 9900, NULL, NULL, NULL, NULL),
(4794, 265, 3, NULL, '9150', NULL, NULL, NULL),
(4795, 265, 26, NULL, NULL, NULL, NULL, 399),
(4796, 265, 23, NULL, NULL, NULL, NULL, 463),
(4797, 265, 27, NULL, NULL, NULL, NULL, 402),
(4798, 265, 16, NULL, NULL, NULL, NULL, 177),
(4799, 265, 17, NULL, NULL, NULL, NULL, 279),
(4800, 265, 9, NULL, NULL, NULL, NULL, 131),
(4801, 265, 8, NULL, NULL, NULL, NULL, 114),
(4802, 265, 7, NULL, NULL, NULL, NULL, 102),
(4803, 265, 28, NULL, NULL, NULL, NULL, 815),
(4804, 265, 18, NULL, NULL, NULL, NULL, 433),
(4805, 265, 19, NULL, NULL, NULL, NULL, 350),
(4806, 265, 10, NULL, NULL, NULL, NULL, 153),
(4807, 265, 12, 74, NULL, NULL, NULL, NULL),
(4808, 265, 13, 75, NULL, NULL, NULL, NULL),
(4809, 265, 11, NULL, NULL, 'Taiwan', NULL, NULL),
(4810, 265, 20, 10900, NULL, NULL, NULL, NULL),
(4811, 266, 3, NULL, '3063', NULL, NULL, NULL),
(4812, 266, 26, NULL, NULL, NULL, NULL, 400),
(4813, 266, 23, NULL, NULL, NULL, NULL, 463),
(4814, 266, 27, NULL, NULL, NULL, NULL, 401),
(4815, 266, 16, NULL, NULL, NULL, NULL, 746),
(4816, 266, 17, NULL, NULL, NULL, NULL, 803),
(4817, 266, 9, NULL, NULL, NULL, NULL, 131),
(4818, 266, 8, NULL, NULL, NULL, NULL, 116),
(4819, 266, 7, NULL, NULL, NULL, NULL, 102),
(4820, 266, 28, NULL, NULL, NULL, NULL, 815),
(4821, 266, 18, NULL, NULL, NULL, NULL, 438),
(4822, 266, 19, NULL, NULL, NULL, NULL, 350),
(4823, 266, 10, NULL, NULL, NULL, NULL, 147),
(4824, 266, 12, 43, NULL, NULL, NULL, NULL),
(4825, 266, 13, 49, NULL, NULL, NULL, NULL),
(4826, 266, 11, NULL, NULL, 'Germany', NULL, NULL),
(4827, 266, 20, 45000, NULL, NULL, NULL, NULL),
(4828, 267, 3, NULL, '3034', NULL, NULL, NULL),
(4829, 267, 26, NULL, NULL, NULL, NULL, 400),
(4830, 267, 23, NULL, NULL, NULL, NULL, 463),
(4831, 267, 27, NULL, NULL, NULL, NULL, 401),
(4832, 267, 16, NULL, NULL, NULL, NULL, 175),
(4833, 267, 17, NULL, NULL, NULL, NULL, 266),
(4834, 267, 9, NULL, NULL, NULL, NULL, 131),
(4835, 267, 8, NULL, NULL, NULL, NULL, 118),
(4836, 267, 7, NULL, NULL, NULL, NULL, 101),
(4837, 267, 28, NULL, NULL, NULL, NULL, 817),
(4838, 267, 18, NULL, NULL, NULL, NULL, 441),
(4839, 267, 19, NULL, NULL, NULL, NULL, 349),
(4840, 267, 10, NULL, NULL, NULL, NULL, 152),
(4841, 267, 12, 29, NULL, NULL, NULL, NULL),
(4842, 267, 13, 29, NULL, NULL, NULL, NULL),
(4843, 267, 14, 31, NULL, NULL, NULL, NULL),
(4844, 267, 15, 34, NULL, NULL, NULL, NULL),
(4845, 267, 11, NULL, NULL, 'France', NULL, NULL),
(4846, 267, 20, 9600, NULL, NULL, NULL, NULL),
(4847, 268, 3, NULL, '3039', NULL, NULL, NULL),
(4848, 268, 26, NULL, NULL, NULL, NULL, 400),
(4849, 268, 23, NULL, NULL, NULL, NULL, 463),
(4850, 268, 27, NULL, NULL, NULL, NULL, 401),
(4851, 268, 16, NULL, NULL, NULL, NULL, 162),
(4852, 268, 17, NULL, NULL, NULL, NULL, 317),
(4853, 268, 9, NULL, NULL, NULL, NULL, 131),
(4854, 268, 8, NULL, NULL, NULL, NULL, 118),
(4855, 268, 7, NULL, NULL, NULL, NULL, 101),
(4856, 268, 28, NULL, NULL, NULL, NULL, 817),
(4857, 268, 18, NULL, NULL, NULL, NULL, 441),
(4858, 268, 19, NULL, NULL, NULL, NULL, 348),
(4859, 268, 10, NULL, NULL, NULL, NULL, 152),
(4860, 268, 12, 33, NULL, NULL, NULL, NULL),
(4861, 268, 13, 34, NULL, NULL, NULL, NULL),
(4862, 268, 14, 50, NULL, NULL, NULL, NULL),
(4863, 268, 15, 51, NULL, NULL, NULL, NULL),
(4864, 268, 11, NULL, NULL, 'Japan', NULL, NULL),
(4865, 268, 20, 18000, NULL, NULL, NULL, NULL),
(4866, 269, 3, NULL, '3044', NULL, NULL, NULL),
(4867, 269, 26, NULL, NULL, NULL, NULL, 400),
(4868, 269, 23, NULL, NULL, NULL, NULL, 465),
(4869, 269, 27, NULL, NULL, NULL, NULL, 401),
(4870, 269, 16, NULL, NULL, NULL, NULL, 179),
(4871, 269, 17, NULL, NULL, NULL, NULL, 250),
(4872, 269, 9, NULL, NULL, NULL, NULL, 131),
(4873, 269, 8, NULL, NULL, NULL, NULL, 118),
(4874, 269, 7, NULL, NULL, NULL, NULL, 101),
(4875, 269, 28, NULL, NULL, NULL, NULL, 817),
(4876, 269, 18, NULL, NULL, NULL, NULL, 445),
(4877, 269, 19, NULL, NULL, NULL, NULL, 344),
(4878, 269, 10, NULL, NULL, NULL, NULL, 151),
(4879, 269, 12, 85, NULL, NULL, NULL, NULL),
(4880, 269, 13, 85, NULL, NULL, NULL, NULL),
(4881, 269, 14, 89, NULL, NULL, NULL, NULL),
(4882, 269, 15, 89, NULL, NULL, NULL, NULL),
(4883, 269, 11, NULL, NULL, 'Russia', NULL, NULL),
(4884, 269, 20, 33000, NULL, NULL, NULL, NULL),
(4885, 270, 3, NULL, '3068', NULL, NULL, NULL),
(4886, 270, 26, NULL, NULL, NULL, NULL, 400),
(4887, 270, 23, NULL, NULL, NULL, NULL, 465),
(4888, 270, 27, NULL, NULL, NULL, NULL, 401),
(4889, 270, 16, NULL, NULL, NULL, NULL, 159),
(4890, 270, 17, NULL, NULL, NULL, NULL, 804),
(4891, 270, 9, NULL, NULL, NULL, NULL, 131),
(4892, 270, 8, NULL, NULL, NULL, NULL, 118),
(4893, 270, 7, NULL, NULL, NULL, NULL, 101),
(4894, 270, 28, NULL, NULL, NULL, NULL, 817),
(4895, 270, 18, NULL, NULL, NULL, NULL, 441),
(4896, 270, 19, NULL, NULL, NULL, NULL, 344),
(4897, 270, 10, NULL, NULL, NULL, NULL, 154),
(4898, 270, 12, 91, NULL, NULL, NULL, NULL),
(4899, 270, 13, 92, NULL, NULL, NULL, NULL),
(4900, 270, 14, 99, NULL, NULL, NULL, NULL),
(4901, 270, 15, 102, NULL, NULL, NULL, NULL),
(4902, 270, 11, NULL, NULL, 'Japan', NULL, NULL),
(4903, 270, 20, 24000, NULL, NULL, NULL, NULL),
(4904, 271, 3, NULL, '3096', NULL, NULL, NULL),
(4905, 271, 26, NULL, NULL, NULL, NULL, 400),
(4906, 271, 23, NULL, NULL, NULL, NULL, 463),
(4907, 271, 27, NULL, NULL, NULL, NULL, 401),
(4908, 271, 16, NULL, NULL, NULL, NULL, 162),
(4909, 271, 17, NULL, NULL, NULL, NULL, 317),
(4910, 271, 9, NULL, NULL, NULL, NULL, 131),
(4911, 271, 8, NULL, NULL, NULL, NULL, 118),
(4912, 271, 7, NULL, NULL, NULL, NULL, 101),
(4913, 271, 28, NULL, NULL, NULL, NULL, 817),
(4914, 271, 18, NULL, NULL, NULL, NULL, 441),
(4915, 271, 19, NULL, NULL, NULL, NULL, 348),
(4916, 271, 10, NULL, NULL, NULL, NULL, 151),
(4917, 271, 12, 51, NULL, NULL, NULL, NULL),
(4918, 271, 13, 60, NULL, NULL, NULL, NULL),
(4919, 271, 14, 61, NULL, NULL, NULL, NULL),
(4920, 271, 15, 71, NULL, NULL, NULL, NULL),
(4921, 271, 11, NULL, NULL, 'Japan', NULL, NULL),
(4922, 271, 20, 26400, NULL, NULL, NULL, NULL),
(4923, 272, 3, NULL, '3136', NULL, NULL, NULL),
(4924, 272, 26, NULL, NULL, NULL, NULL, 400),
(4925, 272, 23, NULL, NULL, NULL, NULL, 463),
(4926, 272, 27, NULL, NULL, NULL, NULL, 401),
(4927, 272, 16, NULL, NULL, NULL, NULL, 162),
(4928, 272, 17, NULL, NULL, NULL, NULL, 317),
(4929, 272, 9, NULL, NULL, NULL, NULL, 131),
(4930, 272, 8, NULL, NULL, NULL, NULL, 118),
(4931, 272, 7, NULL, NULL, NULL, NULL, 101),
(4932, 272, 28, NULL, NULL, NULL, NULL, 817),
(4933, 272, 18, NULL, NULL, NULL, NULL, 441),
(4934, 272, 19, NULL, NULL, NULL, NULL, 348),
(4935, 272, 10, NULL, NULL, NULL, NULL, 151),
(4936, 272, 12, 53, NULL, NULL, NULL, NULL),
(4937, 272, 13, 54, NULL, NULL, NULL, NULL),
(4938, 272, 14, 58, NULL, NULL, NULL, NULL),
(4939, 272, 15, 60, NULL, NULL, NULL, NULL),
(4940, 272, 11, NULL, NULL, 'Japan', NULL, NULL),
(4941, 272, 20, 0, NULL, NULL, NULL, NULL),
(4942, 273, 3, NULL, '3013', NULL, NULL, NULL),
(4943, 273, 26, NULL, NULL, NULL, NULL, 400),
(4944, 273, 23, NULL, NULL, NULL, NULL, 463),
(4945, 273, 27, NULL, NULL, NULL, NULL, 401),
(4946, 273, 16, NULL, NULL, NULL, NULL, 159),
(4947, 273, 17, NULL, NULL, NULL, NULL, 216),
(4948, 273, 9, NULL, NULL, NULL, NULL, 131),
(4949, 273, 8, NULL, NULL, NULL, NULL, 118),
(4950, 273, 7, NULL, NULL, NULL, NULL, 102),
(4951, 273, 28, NULL, NULL, NULL, NULL, 817),
(4952, 273, 18, NULL, NULL, NULL, NULL, 443),
(4953, 273, 19, NULL, NULL, NULL, NULL, 345),
(4954, 273, 10, NULL, NULL, NULL, NULL, 153),
(4955, 273, 12, 51, NULL, NULL, NULL, NULL),
(4956, 273, 13, 52, NULL, NULL, NULL, NULL),
(4957, 273, 14, 53, NULL, NULL, NULL, NULL),
(4958, 273, 15, 53, NULL, NULL, NULL, NULL),
(4959, 273, 11, NULL, NULL, 'Japan', NULL, NULL),
(4960, 273, 20, 14000, NULL, NULL, NULL, NULL),
(4961, 274, 3, NULL, '3015', NULL, NULL, NULL),
(4962, 274, 26, NULL, NULL, NULL, NULL, 400),
(4963, 274, 23, NULL, NULL, NULL, NULL, 463),
(4964, 274, 27, NULL, NULL, NULL, NULL, 401),
(4965, 274, 16, NULL, NULL, NULL, NULL, 159),
(4966, 274, 17, NULL, NULL, NULL, NULL, 216),
(4967, 274, 9, NULL, NULL, NULL, NULL, 131),
(4968, 274, 8, NULL, NULL, NULL, NULL, 118),
(4969, 274, 7, NULL, NULL, NULL, NULL, 102),
(4970, 274, 28, NULL, NULL, NULL, NULL, 817),
(4971, 274, 18, NULL, NULL, NULL, NULL, 443),
(4972, 274, 19, NULL, NULL, NULL, NULL, 345),
(4973, 274, 10, NULL, NULL, NULL, NULL, 153),
(4974, 274, 12, 59, NULL, NULL, NULL, NULL),
(4975, 274, 13, 61, NULL, NULL, NULL, NULL),
(4976, 274, 14, 62, NULL, NULL, NULL, NULL),
(4977, 274, 15, 63, NULL, NULL, NULL, NULL),
(4978, 274, 11, NULL, NULL, 'Japan', NULL, NULL),
(4979, 274, 20, 22000, NULL, NULL, NULL, NULL),
(4980, 275, 3, NULL, '3032', NULL, NULL, NULL),
(4981, 275, 26, NULL, NULL, NULL, NULL, 400),
(4982, 275, 23, NULL, NULL, NULL, NULL, 463),
(4983, 275, 27, NULL, NULL, NULL, NULL, 401),
(4984, 275, 16, NULL, NULL, NULL, NULL, 159),
(4985, 275, 17, NULL, NULL, NULL, NULL, 791),
(4986, 275, 9, NULL, NULL, NULL, NULL, 131),
(4987, 275, 8, NULL, NULL, NULL, NULL, 118),
(4988, 275, 7, NULL, NULL, NULL, NULL, 102),
(4989, 275, 28, NULL, NULL, NULL, NULL, 817),
(4990, 275, 18, NULL, NULL, NULL, NULL, 443),
(4991, 275, 19, NULL, NULL, NULL, NULL, 345),
(4992, 275, 10, NULL, NULL, NULL, NULL, 153),
(4993, 275, 12, 38, NULL, NULL, NULL, NULL),
(4994, 275, 13, 42, NULL, NULL, NULL, NULL),
(4995, 275, 14, 46, NULL, NULL, NULL, NULL),
(4996, 275, 15, 47, NULL, NULL, NULL, NULL),
(4997, 275, 11, NULL, NULL, 'Japan', NULL, NULL),
(4998, 275, 20, 7200, NULL, NULL, NULL, NULL),
(4999, 276, 3, NULL, '3053', NULL, NULL, NULL),
(5000, 276, 26, NULL, NULL, NULL, NULL, 400),
(5001, 276, 23, NULL, NULL, NULL, NULL, 463),
(5002, 276, 27, NULL, NULL, NULL, NULL, 401),
(5003, 276, 16, NULL, NULL, NULL, NULL, 159),
(5004, 276, 17, NULL, NULL, NULL, NULL, 791),
(5005, 276, 9, NULL, NULL, NULL, NULL, 131),
(5006, 276, 8, NULL, NULL, NULL, NULL, 118),
(5007, 276, 7, NULL, NULL, NULL, NULL, 102),
(5008, 276, 28, NULL, NULL, NULL, NULL, 817),
(5009, 276, 18, NULL, NULL, NULL, NULL, 443),
(5010, 276, 19, NULL, NULL, NULL, NULL, 345),
(5011, 276, 10, NULL, NULL, NULL, NULL, 152),
(5012, 276, 12, 36, NULL, NULL, NULL, NULL),
(5013, 276, 13, 39, NULL, NULL, NULL, NULL),
(5014, 276, 14, 45, NULL, NULL, NULL, NULL),
(5015, 276, 15, 77, NULL, NULL, NULL, NULL),
(5016, 276, 11, NULL, NULL, 'Japan', NULL, NULL),
(5017, 276, 20, 8400, NULL, NULL, NULL, NULL),
(5018, 277, 3, NULL, '2001', NULL, NULL, NULL),
(5019, 277, 26, NULL, NULL, NULL, NULL, 399),
(5020, 277, 23, NULL, NULL, NULL, NULL, 463),
(5021, 277, 27, NULL, NULL, NULL, NULL, 401),
(5022, 277, 16, NULL, NULL, NULL, NULL, 169),
(5023, 277, 17, NULL, NULL, NULL, NULL, 331),
(5024, 277, 9, NULL, NULL, NULL, NULL, 132),
(5025, 277, 8, NULL, NULL, NULL, NULL, 114),
(5026, 277, 7, NULL, NULL, NULL, NULL, 102),
(5027, 277, 28, NULL, NULL, NULL, NULL, 817),
(5028, 277, 18, NULL, NULL, NULL, NULL, 435),
(5029, 277, 19, NULL, NULL, NULL, NULL, 349),
(5030, 277, 10, NULL, NULL, NULL, NULL, 151),
(5031, 277, 12, 59, NULL, NULL, NULL, NULL),
(5032, 277, 13, 63, NULL, NULL, NULL, NULL),
(5033, 277, 14, 65, NULL, NULL, NULL, NULL),
(5034, 277, 15, 69, NULL, NULL, NULL, NULL),
(5035, 277, 11, NULL, NULL, 'Korea', NULL, NULL),
(5036, 277, 20, 12999, NULL, NULL, NULL, NULL),
(5037, 278, 3, NULL, '3129', NULL, NULL, NULL),
(5038, 278, 26, NULL, NULL, NULL, NULL, 400),
(5039, 278, 23, NULL, NULL, NULL, NULL, 463),
(5040, 278, 27, NULL, NULL, NULL, NULL, 401),
(5041, 278, 16, NULL, NULL, NULL, NULL, 169),
(5042, 278, 17, NULL, NULL, NULL, NULL, 330),
(5043, 278, 9, NULL, NULL, NULL, NULL, 132),
(5044, 278, 8, NULL, NULL, NULL, NULL, 115),
(5045, 278, 7, NULL, NULL, NULL, NULL, 105),
(5046, 278, 28, NULL, NULL, NULL, NULL, 815),
(5047, 278, 18, NULL, NULL, NULL, NULL, 446),
(5048, 278, 19, NULL, NULL, NULL, NULL, 349),
(5049, 278, 10, NULL, NULL, NULL, NULL, 148),
(5050, 278, 12, 52, NULL, NULL, NULL, NULL),
(5051, 278, 13, 53, NULL, NULL, NULL, NULL),
(5052, 278, 11, NULL, NULL, 'Korea', NULL, NULL),
(5053, 278, 20, 0, NULL, NULL, NULL, NULL),
(5054, 279, 3, NULL, '3108', NULL, NULL, NULL),
(5055, 279, 26, NULL, NULL, NULL, NULL, 400),
(5056, 279, 23, NULL, NULL, NULL, NULL, 463),
(5057, 279, 27, NULL, NULL, NULL, NULL, 401),
(5058, 279, 16, NULL, NULL, NULL, NULL, 185),
(5059, 279, 17, NULL, NULL, NULL, NULL, 805),
(5060, 279, 9, NULL, NULL, NULL, NULL, 132),
(5061, 279, 8, NULL, NULL, NULL, NULL, 117),
(5062, 279, 7, NULL, NULL, NULL, NULL, 104),
(5063, 279, 28, NULL, NULL, NULL, NULL, 816),
(5064, 279, 18, NULL, NULL, NULL, NULL, 451),
(5065, 279, 19, NULL, NULL, NULL, NULL, 349),
(5066, 279, 10, NULL, NULL, NULL, NULL, 146),
(5067, 279, 12, 24, NULL, NULL, NULL, NULL),
(5068, 279, 13, 35, NULL, NULL, NULL, NULL),
(5069, 279, 14, 43, NULL, NULL, NULL, NULL),
(5070, 279, 11, NULL, NULL, 'Japan', NULL, NULL),
(5071, 279, 20, 7200, NULL, NULL, NULL, NULL),
(5072, 280, 3, NULL, '3004', NULL, NULL, NULL),
(5073, 280, 26, NULL, NULL, NULL, NULL, 400),
(5074, 280, 23, NULL, NULL, NULL, NULL, 762),
(5075, 280, 27, NULL, NULL, NULL, NULL, 401),
(5076, 280, 16, NULL, NULL, NULL, NULL, 175),
(5077, 280, 17, NULL, NULL, NULL, NULL, 334),
(5078, 280, 9, NULL, NULL, NULL, NULL, 132),
(5079, 280, 8, NULL, NULL, NULL, NULL, 117),
(5080, 280, 7, NULL, NULL, NULL, NULL, 106),
(5081, 280, 28, NULL, NULL, NULL, NULL, 817),
(5082, 280, 18, NULL, NULL, NULL, NULL, 456),
(5083, 280, 19, NULL, NULL, NULL, NULL, 346),
(5084, 280, 10, NULL, NULL, NULL, NULL, 153),
(5085, 280, 12, 96, NULL, NULL, NULL, NULL),
(5086, 280, 13, 97, NULL, NULL, NULL, NULL),
(5087, 280, 14, 98, NULL, NULL, NULL, NULL),
(5088, 280, 15, 99, NULL, NULL, NULL, NULL),
(5089, 280, 11, NULL, NULL, 'Hungary', NULL, NULL),
(5090, 280, 20, 50000, NULL, NULL, NULL, NULL),
(5091, 281, 3, NULL, '3017', NULL, NULL, NULL),
(5092, 281, 26, NULL, NULL, NULL, NULL, 400),
(5093, 281, 23, NULL, NULL, NULL, NULL, 762),
(5094, 281, 27, NULL, NULL, NULL, NULL, 401),
(5095, 281, 16, NULL, NULL, NULL, NULL, 179),
(5096, 281, 17, NULL, NULL, NULL, NULL, 246),
(5097, 281, 9, NULL, NULL, NULL, NULL, 132),
(5098, 281, 8, NULL, NULL, NULL, NULL, 117),
(5099, 281, 7, NULL, NULL, NULL, NULL, 106),
(5100, 281, 28, NULL, NULL, NULL, NULL, 817),
(5101, 281, 18, NULL, NULL, NULL, NULL, 456),
(5102, 281, 19, NULL, NULL, NULL, NULL, 793),
(5103, 281, 10, NULL, NULL, NULL, NULL, 153),
(5104, 281, 12, 99, NULL, NULL, NULL, NULL),
(5105, 281, 13, 100, NULL, NULL, NULL, NULL),
(5106, 281, 14, 100, NULL, NULL, NULL, NULL),
(5107, 281, 15, 100, NULL, NULL, NULL, NULL),
(5108, 281, 11, NULL, NULL, 'Russia', NULL, NULL),
(5109, 281, 20, 50000, NULL, NULL, NULL, NULL),
(5110, 282, 3, NULL, '3062', NULL, NULL, NULL),
(5111, 282, 26, NULL, NULL, NULL, NULL, 400),
(5112, 282, 23, NULL, NULL, NULL, NULL, 465),
(5113, 282, 27, NULL, NULL, NULL, NULL, 401),
(5114, 282, 16, NULL, NULL, NULL, NULL, 185),
(5115, 282, 17, NULL, NULL, NULL, NULL, 735),
(5116, 282, 9, NULL, NULL, NULL, NULL, 132),
(5117, 282, 8, NULL, NULL, NULL, NULL, 117),
(5118, 282, 7, NULL, NULL, NULL, NULL, 106),
(5119, 282, 28, NULL, NULL, NULL, NULL, 817),
(5120, 282, 18, NULL, NULL, NULL, NULL, 452),
(5121, 282, 19, NULL, NULL, NULL, NULL, 343),
(5122, 282, 10, NULL, NULL, NULL, NULL, 151),
(5123, 282, 12, 90, NULL, NULL, NULL, NULL),
(5124, 282, 13, 93, NULL, NULL, NULL, NULL),
(5125, 282, 14, 95, NULL, NULL, NULL, NULL),
(5126, 282, 15, 98, NULL, NULL, NULL, NULL),
(5127, 282, 11, NULL, NULL, 'Japan', NULL, NULL),
(5128, 282, 20, 24000, NULL, NULL, NULL, NULL),
(5129, 283, 3, NULL, '3036', NULL, NULL, NULL),
(5130, 283, 26, NULL, NULL, NULL, NULL, 400),
(5131, 283, 23, NULL, NULL, NULL, NULL, 463),
(5132, 283, 27, NULL, NULL, NULL, NULL, 401),
(5133, 283, 16, NULL, NULL, NULL, NULL, 806),
(5134, 283, 17, NULL, NULL, NULL, NULL, 807),
(5135, 283, 9, NULL, NULL, NULL, NULL, 132),
(5136, 283, 8, NULL, NULL, NULL, NULL, 118),
(5137, 283, 7, NULL, NULL, NULL, NULL, 105),
(5138, 283, 28, NULL, NULL, NULL, NULL, 815),
(5139, 283, 18, NULL, NULL, NULL, NULL, 457),
(5140, 283, 19, NULL, NULL, NULL, NULL, 348),
(5141, 283, 10, NULL, NULL, NULL, NULL, 145),
(5142, 283, 12, 55, NULL, NULL, NULL, NULL),
(5143, 283, 13, 58, NULL, NULL, NULL, NULL),
(5144, 283, 11, NULL, NULL, 'Czech Repablic', NULL, NULL),
(5145, 283, 20, 9600, NULL, NULL, NULL, NULL),
(5146, 284, 3, NULL, '3060', NULL, NULL, NULL),
(5147, 284, 26, NULL, NULL, NULL, NULL, 400),
(5148, 284, 23, NULL, NULL, NULL, NULL, 463),
(5149, 284, 27, NULL, NULL, NULL, NULL, 401),
(5150, 284, 16, NULL, NULL, NULL, NULL, 164),
(5151, 284, 17, NULL, NULL, NULL, NULL, 808),
(5152, 284, 9, NULL, NULL, NULL, NULL, 132),
(5153, 284, 8, NULL, NULL, NULL, NULL, 119),
(5154, 284, 7, NULL, NULL, NULL, NULL, 105),
(5155, 284, 28, NULL, NULL, NULL, NULL, 817),
(5156, 284, 18, NULL, NULL, NULL, NULL, 454),
(5157, 284, 19, NULL, NULL, NULL, NULL, 347),
(5158, 284, 10, NULL, NULL, NULL, NULL, 152),
(5159, 284, 12, 68, NULL, NULL, NULL, NULL),
(5160, 284, 13, 71, NULL, NULL, NULL, NULL),
(5161, 284, 14, 76, NULL, NULL, NULL, NULL),
(5162, 284, 15, 78, NULL, NULL, NULL, NULL),
(5163, 284, 11, NULL, NULL, 'Japan', NULL, NULL),
(5164, 284, 20, 26400, NULL, NULL, NULL, NULL),
(5165, 285, 3, NULL, '3061', NULL, NULL, NULL),
(5166, 285, 26, NULL, NULL, NULL, NULL, 400),
(5167, 285, 23, NULL, NULL, NULL, NULL, 463),
(5168, 285, 27, NULL, NULL, NULL, NULL, 401),
(5169, 285, 16, NULL, NULL, NULL, NULL, 809),
(5170, 285, 17, NULL, NULL, NULL, NULL, 810),
(5171, 285, 9, NULL, NULL, NULL, NULL, 132),
(5172, 285, 8, NULL, NULL, NULL, NULL, 119),
(5173, 285, 7, NULL, NULL, NULL, NULL, 105),
(5174, 285, 28, NULL, NULL, NULL, NULL, 817),
(5175, 285, 18, NULL, NULL, NULL, NULL, 459),
(5176, 285, 19, NULL, NULL, NULL, NULL, 346),
(5177, 285, 10, NULL, NULL, NULL, NULL, 152),
(5178, 285, 12, 50, NULL, NULL, NULL, NULL),
(5179, 285, 13, 58, NULL, NULL, NULL, NULL),
(5180, 285, 14, 76, NULL, NULL, NULL, NULL),
(5181, 285, 15, 78, NULL, NULL, NULL, NULL),
(5182, 285, 11, NULL, NULL, 'USA', NULL, NULL),
(5183, 285, 20, 26400, NULL, NULL, NULL, NULL),
(5184, 286, 3, NULL, '3074', NULL, NULL, NULL),
(5185, 286, 26, NULL, NULL, NULL, NULL, 400),
(5186, 286, 23, NULL, NULL, NULL, NULL, 463),
(5187, 286, 27, NULL, NULL, NULL, NULL, 401),
(5188, 286, 16, NULL, NULL, NULL, NULL, 159),
(5189, 286, 17, NULL, NULL, NULL, NULL, 219),
(5190, 286, 9, NULL, NULL, NULL, NULL, 132),
(5191, 286, 8, NULL, NULL, NULL, NULL, 119),
(5192, 286, 7, NULL, NULL, NULL, NULL, 105),
(5193, 286, 28, NULL, NULL, NULL, NULL, 817),
(5194, 286, 18, NULL, NULL, NULL, NULL, 455),
(5195, 286, 19, NULL, NULL, NULL, NULL, 347),
(5196, 286, 10, NULL, NULL, NULL, NULL, 154),
(5197, 286, 12, 70, NULL, NULL, NULL, NULL),
(5198, 286, 13, 70, NULL, NULL, NULL, NULL),
(5199, 286, 14, 80, NULL, NULL, NULL, NULL),
(5200, 286, 15, 80, NULL, NULL, NULL, NULL),
(5201, 286, 11, NULL, NULL, 'Japan', NULL, NULL),
(5202, 286, 20, 9600, NULL, NULL, NULL, NULL),
(5203, 287, 3, NULL, '3075', NULL, NULL, NULL),
(5204, 287, 26, NULL, NULL, NULL, NULL, 400),
(5205, 287, 23, NULL, NULL, NULL, NULL, 463),
(5206, 287, 27, NULL, NULL, NULL, NULL, 401),
(5207, 287, 16, NULL, NULL, NULL, NULL, 175),
(5208, 287, 17, NULL, NULL, NULL, NULL, 768),
(5209, 287, 9, NULL, NULL, NULL, NULL, 132),
(5210, 287, 8, NULL, NULL, NULL, NULL, 119),
(5211, 287, 7, NULL, NULL, NULL, NULL, 105),
(5212, 287, 28, NULL, NULL, NULL, NULL, 817),
(5213, 287, 18, NULL, NULL, NULL, NULL, 454),
(5214, 287, 19, NULL, NULL, NULL, NULL, 347),
(5215, 287, 10, NULL, NULL, NULL, NULL, 154),
(5216, 287, 12, 61, NULL, NULL, NULL, NULL),
(5217, 287, 13, 61, NULL, NULL, NULL, NULL),
(5218, 287, 14, 72, NULL, NULL, NULL, NULL),
(5219, 287, 15, 75, NULL, NULL, NULL, NULL),
(5220, 287, 11, NULL, NULL, 'USA', NULL, NULL),
(5221, 287, 20, 39000, NULL, NULL, NULL, NULL),
(5222, 288, 3, NULL, '3077', NULL, NULL, NULL),
(5223, 288, 26, NULL, NULL, NULL, NULL, 400),
(5224, 288, 23, NULL, NULL, NULL, NULL, 465),
(5225, 288, 27, NULL, NULL, NULL, NULL, 401),
(5226, 288, 16, NULL, NULL, NULL, NULL, 159),
(5227, 288, 17, NULL, NULL, NULL, NULL, 804),
(5228, 288, 9, NULL, NULL, NULL, NULL, 132),
(5229, 288, 8, NULL, NULL, NULL, NULL, 119),
(5230, 288, 7, NULL, NULL, NULL, NULL, 105),
(5231, 288, 28, NULL, NULL, NULL, NULL, 817),
(5232, 288, 18, NULL, NULL, NULL, NULL, 455),
(5233, 288, 19, NULL, NULL, NULL, NULL, 344),
(5234, 288, 10, NULL, NULL, NULL, NULL, 152),
(5235, 288, 12, 77, NULL, NULL, NULL, NULL),
(5236, 288, 13, 89, NULL, NULL, NULL, NULL),
(5237, 288, 14, 92, NULL, NULL, NULL, NULL),
(5238, 288, 15, 100, NULL, NULL, NULL, NULL),
(5239, 288, 11, NULL, NULL, 'Japan', NULL, NULL),
(5240, 288, 20, 35000, NULL, NULL, NULL, NULL),
(5241, 289, 3, NULL, '3079', NULL, NULL, NULL),
(5242, 289, 26, NULL, NULL, NULL, NULL, 400),
(5243, 289, 23, NULL, NULL, NULL, NULL, 463),
(5244, 289, 27, NULL, NULL, NULL, NULL, 401),
(5245, 289, 16, NULL, NULL, NULL, NULL, 183),
(5246, 289, 17, NULL, NULL, NULL, NULL, 811),
(5247, 289, 9, NULL, NULL, NULL, NULL, 132),
(5248, 289, 8, NULL, NULL, NULL, NULL, 119),
(5249, 289, 7, NULL, NULL, NULL, NULL, 105),
(5250, 289, 28, NULL, NULL, NULL, NULL, 817),
(5251, 289, 18, NULL, NULL, NULL, NULL, 454),
(5252, 289, 19, NULL, NULL, NULL, NULL, 346),
(5253, 289, 10, NULL, NULL, NULL, NULL, 153),
(5254, 289, 12, 54, NULL, NULL, NULL, NULL),
(5255, 289, 13, 60, NULL, NULL, NULL, NULL),
(5256, 289, 14, 70, NULL, NULL, NULL, NULL),
(5257, 289, 15, 79, NULL, NULL, NULL, NULL),
(5258, 289, 11, NULL, NULL, 'Japan', NULL, NULL),
(5259, 289, 20, 26400, NULL, NULL, NULL, NULL),
(5260, 290, 3, NULL, '3128', NULL, NULL, NULL),
(5261, 290, 26, NULL, NULL, NULL, NULL, 400),
(5262, 290, 23, NULL, NULL, NULL, NULL, 463),
(5263, 290, 27, NULL, NULL, NULL, NULL, 401),
(5264, 290, 16, NULL, NULL, NULL, NULL, 159),
(5265, 290, 17, NULL, NULL, NULL, NULL, 219),
(5266, 290, 9, NULL, NULL, NULL, NULL, 132),
(5267, 290, 8, NULL, NULL, NULL, NULL, 119),
(5268, 290, 7, NULL, NULL, NULL, NULL, 105),
(5269, 290, 28, NULL, NULL, NULL, NULL, 815),
(5270, 290, 18, NULL, NULL, NULL, NULL, 455),
(5271, 290, 19, NULL, NULL, NULL, NULL, 347),
(5272, 290, 10, NULL, NULL, NULL, NULL, 151),
(5273, 290, 12, 100, NULL, NULL, NULL, NULL),
(5274, 290, 13, 100, NULL, NULL, NULL, NULL),
(5275, 290, 11, NULL, NULL, 'Japan', NULL, NULL),
(5276, 290, 20, 0, NULL, NULL, NULL, NULL),
(5277, 291, 3, NULL, '3130', NULL, NULL, NULL),
(5278, 291, 26, NULL, NULL, NULL, NULL, 400),
(5279, 291, 23, NULL, NULL, NULL, NULL, 463),
(5280, 291, 27, NULL, NULL, NULL, NULL, 401),
(5281, 291, 16, NULL, NULL, NULL, NULL, 175),
(5282, 291, 17, NULL, NULL, NULL, NULL, 812),
(5283, 291, 9, NULL, NULL, NULL, NULL, 132),
(5284, 291, 8, NULL, NULL, NULL, NULL, 119),
(5285, 291, 7, NULL, NULL, NULL, NULL, 105),
(5286, 291, 28, NULL, NULL, NULL, NULL, 815),
(5287, 291, 18, NULL, NULL, NULL, NULL, 442),
(5288, 291, 19, NULL, NULL, NULL, NULL, 349),
(5289, 291, 10, NULL, NULL, NULL, NULL, 145),
(5290, 291, 12, 49, NULL, NULL, NULL, NULL),
(5291, 291, 13, 51, NULL, NULL, NULL, NULL),
(5292, 291, 11, NULL, NULL, 'Spain', NULL, NULL),
(5293, 291, 20, 0, NULL, NULL, NULL, NULL),
(5294, 292, 3, NULL, '3138', NULL, NULL, NULL),
(5295, 292, 26, NULL, NULL, NULL, NULL, 400),
(5296, 292, 23, NULL, NULL, NULL, NULL, 463),
(5297, 292, 27, NULL, NULL, NULL, NULL, 401),
(5298, 292, 16, NULL, NULL, NULL, NULL, 159),
(5299, 292, 17, NULL, NULL, NULL, NULL, 219),
(5300, 292, 9, NULL, NULL, NULL, NULL, 132),
(5301, 292, 8, NULL, NULL, NULL, NULL, 119),
(5302, 292, 7, NULL, NULL, NULL, NULL, 105),
(5303, 292, 28, NULL, NULL, NULL, NULL, 814),
(5304, 292, 18, NULL, NULL, NULL, NULL, 455),
(5305, 292, 19, NULL, NULL, NULL, NULL, 347),
(5306, 292, 10, NULL, NULL, NULL, NULL, 152),
(5307, 292, 12, 63, NULL, NULL, NULL, NULL),
(5308, 292, 11, NULL, NULL, 'Japan', NULL, NULL),
(5309, 292, 20, 0, NULL, NULL, NULL, NULL),
(5310, 293, 3, NULL, '3067', NULL, NULL, NULL),
(5311, 293, 26, NULL, NULL, NULL, NULL, 400),
(5312, 293, 23, NULL, NULL, NULL, NULL, 465),
(5313, 293, 27, NULL, NULL, NULL, NULL, 401),
(5314, 293, 16, NULL, NULL, NULL, NULL, 159),
(5315, 293, 17, NULL, NULL, NULL, NULL, 804),
(5316, 293, 9, NULL, NULL, NULL, NULL, 134),
(5317, 293, 8, NULL, NULL, NULL, NULL, 116),
(5318, 293, 7, NULL, NULL, NULL, NULL, 106),
(5319, 293, 28, NULL, NULL, NULL, NULL, 817),
(5320, 293, 18, NULL, NULL, NULL, NULL, 450),
(5321, 293, 19, NULL, NULL, NULL, NULL, 344),
(5322, 293, 10, NULL, NULL, NULL, NULL, 153),
(5323, 293, 12, 59, NULL, NULL, NULL, NULL),
(5324, 293, 13, 60, NULL, NULL, NULL, NULL),
(5325, 293, 11, NULL, NULL, 'Japan', NULL, NULL),
(5326, 293, 20, 4000, NULL, NULL, NULL, NULL),
(5327, 294, 3, NULL, '3107', NULL, NULL, NULL),
(5328, 294, 26, NULL, NULL, NULL, NULL, 400),
(5329, 294, 23, NULL, NULL, NULL, NULL, 463),
(5330, 294, 27, NULL, NULL, NULL, NULL, 401),
(5331, 294, 16, NULL, NULL, NULL, NULL, 183),
(5332, 294, 17, NULL, NULL, NULL, NULL, 813),
(5333, 294, 9, NULL, NULL, NULL, NULL, 134),
(5334, 294, 8, NULL, NULL, NULL, NULL, 116),
(5335, 294, 7, NULL, NULL, NULL, NULL, 106),
(5336, 294, 28, NULL, NULL, NULL, NULL, 817),
(5337, 294, 18, NULL, NULL, NULL, NULL, 454),
(5338, 294, 19, NULL, NULL, NULL, NULL, 348),
(5339, 294, 10, NULL, NULL, NULL, NULL, 153),
(5340, 294, 12, 54, NULL, NULL, NULL, NULL),
(5341, 294, 13, 55, NULL, NULL, NULL, NULL),
(5342, 294, 14, 63, NULL, NULL, NULL, NULL),
(5343, 294, 15, 64, NULL, NULL, NULL, NULL),
(5344, 294, 11, NULL, NULL, 'Japan', NULL, NULL),
(5345, 294, 20, 45000, NULL, NULL, NULL, NULL),
(5346, 295, 3, NULL, '3064', NULL, NULL, NULL),
(5347, 295, 26, NULL, NULL, NULL, NULL, 400),
(5348, 295, 23, NULL, NULL, NULL, NULL, 465),
(5349, 295, 27, NULL, NULL, NULL, NULL, 401),
(5350, 295, 16, NULL, NULL, NULL, NULL, 159),
(5351, 295, 17, NULL, NULL, NULL, NULL, 804),
(5352, 295, 9, NULL, NULL, NULL, NULL, 134),
(5353, 295, 8, NULL, NULL, NULL, NULL, 117),
(5354, 295, 7, NULL, NULL, NULL, NULL, 105),
(5355, 295, 28, NULL, NULL, NULL, NULL, 817),
(5356, 295, 18, NULL, NULL, NULL, NULL, 451),
(5357, 295, 19, NULL, NULL, NULL, NULL, 344),
(5358, 295, 10, NULL, NULL, NULL, NULL, 154),
(5359, 295, 12, 68, NULL, NULL, NULL, NULL),
(5360, 295, 13, 69, NULL, NULL, NULL, NULL),
(5361, 295, 11, NULL, NULL, 'Japan', NULL, NULL),
(5362, 295, 20, 5000, NULL, NULL, NULL, NULL),
(5363, 296, 3, NULL, '3080', NULL, NULL, NULL),
(5364, 296, 26, NULL, NULL, NULL, NULL, 400),
(5365, 296, 23, NULL, NULL, NULL, NULL, 463),
(5366, 296, 27, NULL, NULL, NULL, NULL, 401),
(5367, 296, 16, NULL, NULL, NULL, NULL, 159),
(5368, 296, 17, NULL, NULL, NULL, NULL, 219),
(5369, 296, 9, NULL, NULL, NULL, NULL, 134),
(5370, 296, 8, NULL, NULL, NULL, NULL, 117),
(5371, 296, 7, NULL, NULL, NULL, NULL, 105),
(5372, 296, 28, NULL, NULL, NULL, NULL, 817),
(5373, 296, 18, NULL, NULL, NULL, NULL, 451),
(5374, 296, 19, NULL, NULL, NULL, NULL, 347),
(5375, 296, 10, NULL, NULL, NULL, NULL, 153),
(5376, 296, 12, 35, NULL, NULL, NULL, NULL),
(5377, 296, 13, 35, NULL, NULL, NULL, NULL),
(5378, 296, 14, 50, NULL, NULL, NULL, NULL),
(5379, 296, 15, 48, NULL, NULL, NULL, NULL),
(5380, 296, 11, NULL, NULL, 'Japan', NULL, NULL),
(5381, 296, 20, 18000, NULL, NULL, NULL, NULL);

-- --------------------------------------------------------

--
-- Структура таблицы `good_type`
--

CREATE TABLE IF NOT EXISTS `good_type` (
`id` int(11) NOT NULL,
  `name` varchar(255) NOT NULL
) ENGINE=InnoDB AUTO_INCREMENT=3 DEFAULT CHARSET=utf8;

--
-- Дамп данных таблицы `good_type`
--

INSERT INTO `good_type` (`id`, `name`) VALUES
(1, 'Шины'),
(2, 'Диски');

-- --------------------------------------------------------

--
-- Структура таблицы `good_type_attribute`
--

CREATE TABLE IF NOT EXISTS `good_type_attribute` (
  `good_type_id` int(10) unsigned NOT NULL,
  `attribute_id` int(10) unsigned NOT NULL,
  `sort` smallint(5) unsigned NOT NULL
) ENGINE=InnoDB DEFAULT CHARSET=utf8;

--
-- Дамп данных таблицы `good_type_attribute`
--

INSERT INTO `good_type_attribute` (`good_type_id`, `attribute_id`, `sort`) VALUES
(1, 3, 10),
(1, 7, 90),
(1, 8, 80),
(1, 9, 70),
(1, 10, 130),
(1, 11, 190),
(1, 12, 140),
(1, 13, 150),
(1, 14, 160),
(1, 15, 170),
(1, 16, 50),
(1, 17, 60),
(1, 18, 110),
(1, 19, 120),
(1, 20, 200),
(1, 23, 30),
(1, 26, 20),
(1, 27, 40),
(1, 28, 100),
(1, 29, 180),
(2, 3, 10),
(2, 20, 20),
(4, 3, 30),
(4, 4, 20),
(4, 6, 10),
(5, 6, 10),
(6, 3, 10);

-- --------------------------------------------------------

--
-- Структура таблицы `interpreter`
--

CREATE TABLE IF NOT EXISTS `interpreter` (
`id` int(10) unsigned NOT NULL,
  `name` varchar(255) NOT NULL,
  `template` varchar(2000) NOT NULL,
  `good_type_id` int(10) unsigned NOT NULL,
  `rule_code` varchar(255) NOT NULL
) ENGINE=InnoDB AUTO_INCREMENT=10 DEFAULT CHARSET=utf8;

--
-- Дамп данных таблицы `interpreter`
--

INSERT INTO `interpreter` (`id`, `name`, `template`, `good_type_id`, `rule_code`) VALUES
(1, 'Заголовок', '#[+ATTR=3+] [+ATTR=23+] [+ATTR=17+] [+ATTR=7+]/[+ATTR=8+]/[+ATTR=9+] [+ATTR=26+] в [+LIST=10+]', 1, 'managerActions'),
(3, 'Калькулятор', '`[+ATTR=20+]/1000` тысяч рублей - это `([+ATTR=20+]>10000)?("дорого"):("дешево")`', 1, 'managerActions'),
(4, 'Общий', '"[+INTER=3+]" - сказал дядя Федор.', 1, 'managerActions'),
(5, 'Сезон для дрома', '[+LIST=5+]', 1, 'managerActions'),
(6, 'Интерпретатор с таблицей', '[+TABLE=1+]', 1, 'managerActions'),
(7, 'Интерпретатор с кубом', '[+CUBE=1+]', 1, 'managerActions'),
(8, 'Лоло', '[+TABLE=6+]', 1, 'managerActions');

-- --------------------------------------------------------

--
-- Структура таблицы `model_names`
--

CREATE TABLE IF NOT EXISTS `model_names` (
`id` smallint(5) unsigned NOT NULL,
  `code` varchar(128) NOT NULL,
  `name` varchar(128) NOT NULL,
  `vin_name` varchar(128) NOT NULL,
  `rod_name` varchar(128) NOT NULL,
  `admin_menu` tinyint(1) NOT NULL DEFAULT '0',
  `sort` smallint(6) DEFAULT '9999',
  `rule_code` varchar(255) DEFAULT NULL
) ENGINE=InnoDB AUTO_INCREMENT=8 DEFAULT CHARSET=utf8;

--
-- Дамп данных таблицы `model_names`
--

INSERT INTO `model_names` (`id`, `code`, `name`, `vin_name`, `rod_name`, `admin_menu`, `sort`, `rule_code`) VALUES
(1, 'goodType', 'Типы товаров', 'Тип товара', 'Типа товара', 1, 100, 'managerActions'),
(2, 'attribute', 'Атрибуты', 'Атрибут', 'Атрибута', 1, 200, 'managerActions'),
(3, 'import', 'Импорт', 'Импорт', 'Импорта', 1, 400, 'managerActions'),
(4, 'interpreter', 'Интерпретаторы', 'Интерпретатор', 'Интерпретатора', 1, 300, 'managerActions'),
(5, 'export', 'Экспорт', 'Экспорт', 'Экспорта', 1, 500, 'managerActions'),
(6, 'data', 'Справочники', 'Элемент', 'Элемента', 1, 450, 'managerActions'),
(7, 'user', 'Пользователи', 'Пользователя', 'Пользователя', 1, 600, 'rootActions');

-- --------------------------------------------------------

--
-- Структура таблицы `role`
--

CREATE TABLE IF NOT EXISTS `role` (
`id` int(10) unsigned NOT NULL,
  `code` varchar(20) NOT NULL,
  `name` varchar(50) NOT NULL
) ENGINE=InnoDB AUTO_INCREMENT=4 DEFAULT CHARSET=utf8;

--
-- Дамп данных таблицы `role`
--

INSERT INTO `role` (`id`, `code`, `name`) VALUES
(1, 'root', 'Полный доступ'),
(3, 'manager', 'Менеджер');

-- --------------------------------------------------------

--
-- Структура таблицы `rule`
--

CREATE TABLE IF NOT EXISTS `rule` (
  `name` varchar(255) NOT NULL,
  `code` varchar(255) NOT NULL
) ENGINE=InnoDB DEFAULT CHARSET=utf8;

--
-- Дамп данных таблицы `rule`
--

INSERT INTO `rule` (`name`, `code`) VALUES
('Менеджер', 'managerActions'),
('Только рут', 'rootActions');

-- --------------------------------------------------------

--
-- Структура таблицы `table`
--

CREATE TABLE IF NOT EXISTS `table` (
`id` int(10) unsigned NOT NULL,
  `name` varchar(255) NOT NULL,
  `attribute_id_1` int(10) unsigned NOT NULL,
  `attribute_id_2` int(10) unsigned NOT NULL,
  `rule_code` varchar(255) NOT NULL
) ENGINE=InnoDB AUTO_INCREMENT=7 DEFAULT CHARSET=utf8;

--
-- Дамп данных таблицы `table`
--

INSERT INTO `table` (`id`, `name`, `attribute_id_1`, `attribute_id_2`, `rule_code`) VALUES
(1, 'Лололо', 27, 23, 'managerActions'),
(5, 'asdasdasd', 10, 10, 'rootActions'),
(6, 'Склонение сезонность и количество для заголовка', 23, 28, 'managerActions');

-- --------------------------------------------------------

--
-- Структура таблицы `table_variant`
--

CREATE TABLE IF NOT EXISTS `table_variant` (
  `table_id` int(11) NOT NULL,
  `attribute_1` int(11) NOT NULL,
  `attribute_2` int(11) NOT NULL,
  `value` text NOT NULL
) ENGINE=InnoDB DEFAULT CHARSET=utf8;

--
-- Дамп данных таблицы `table_variant`
--

INSERT INTO `table_variant` (`table_id`, `attribute_1`, `attribute_2`, `value`) VALUES
(1, 401, 396, 'asdasd'),
(1, 401, 463, 'Летние в Томске'),
(1, 401, 465, 'asd'),
(1, 402, 397, 'dasdasd'),
(1, 402, 463, 'Летние в Новосибирске'),
(1, 403, 396, 'das'),
(1, 403, 397, 'asdas'),
(1, 403, 463, 'Летние в Кемерово'),
(1, 403, 465, 'sd'),
(1, 404, 397, 'asd'),
(1, 404, 463, 'Летние в Белово'),
(1, 404, 762, 'asdas'),
(1, 405, 397, 'adasd'),
(1, 405, 463, 'Летние в Красноярске'),
(1, 405, 465, 'dasd'),
(5, 138, 139, 'asdasdasd'),
(5, 139, 139, 'a'),
(5, 139, 143, 'a'),
(5, 142, 155, 'sdasdasd'),
(5, 143, 155, 'asd'),
(5, 147, 143, 'a'),
(5, 153, 154, 'asd'),
(6, 463, 814, 'Летние Шины'),
(6, 463, 815, 'Летние Шины 3шт.'),
(6, 463, 816, 'Летняя Пара'),
(6, 463, 817, 'Летняя Шина'),
(6, 465, 814, 'Зимние Шины'),
(6, 465, 815, 'Зимние Шины 3шт.'),
(6, 465, 816, 'Зимняя Пара'),
(6, 465, 817, 'Зимняя Шина'),
(6, 762, 814, 'Зимние Шины'),
(6, 762, 815, 'Зимние Шины 3шт.'),
(6, 762, 816, 'Зимняя Пара'),
(6, 762, 817, 'Зимняя Шина');

-- --------------------------------------------------------

--
-- Структура таблицы `user`
--

CREATE TABLE IF NOT EXISTS `user` (
`usr_id` int(11) NOT NULL,
  `usr_login` varchar(128) NOT NULL,
  `usr_password` varchar(128) NOT NULL,
  `usr_name` varchar(255) NOT NULL,
  `usr_email` varchar(128) NOT NULL,
  `usr_rol_id` int(10) unsigned NOT NULL,
  `usr_state` int(11) NOT NULL DEFAULT '1'
) ENGINE=InnoDB AUTO_INCREMENT=9 DEFAULT CHARSET=utf8;

--
-- Дамп данных таблицы `user`
--

INSERT INTO `user` (`usr_id`, `usr_login`, `usr_password`, `usr_name`, `usr_email`, `usr_rol_id`, `usr_state`) VALUES
(1, 'root', 'eaaba36a95aedcfd1c21a0d011e12ecd', 'Китаев М.А.', 'beatbox787@gmail.com', 1, 1),
(7, 'vitalo', 'cd7e8fec089e4ed8aff0032e7ff2f20d', 'Жалнин В. Е.', 'vitaliy.zhalnin@gmail.com', 3, 1),
(8, 'vitalya', '85676905d35fb12da70e8cb8bc8cebb0', 'Виталя', 'alyzoya@gmail.com', 3, 1);

--
-- Индексы сохранённых таблиц
--

--
-- Индексы таблицы `attribute`
--
ALTER TABLE `attribute`
 ADD PRIMARY KEY (`id`);

--
-- Индексы таблицы `attribute_type`
--
ALTER TABLE `attribute_type`
 ADD PRIMARY KEY (`id`);

--
-- Индексы таблицы `attribute_variant`
--
ALTER TABLE `attribute_variant`
 ADD PRIMARY KEY (`id`);

--
-- Индексы таблицы `cube`
--
ALTER TABLE `cube`
 ADD PRIMARY KEY (`id`);

--
-- Индексы таблицы `cube_variant`
--
ALTER TABLE `cube_variant`
 ADD PRIMARY KEY (`cube_id`,`attribute_1`,`attribute_2`,`attribute_3`);

--
-- Индексы таблицы `dictionary`
--
ALTER TABLE `dictionary`
 ADD PRIMARY KEY (`id`);

--
-- Индексы таблицы `dictionary_variant`
--
ALTER TABLE `dictionary_variant`
 ADD PRIMARY KEY (`dictionary_id`,`attribute_1`);

--
-- Индексы таблицы `export`
--
ALTER TABLE `export`
 ADD PRIMARY KEY (`id`);

--
-- Индексы таблицы `export_attribute`
--
ALTER TABLE `export_attribute`
 ADD PRIMARY KEY (`export_id`,`attribute_id`);

--
-- Индексы таблицы `export_interpreter`
--
ALTER TABLE `export_interpreter`
 ADD PRIMARY KEY (`export_id`,`interpreter_id`);

--
-- Индексы таблицы `good`
--
ALTER TABLE `good`
 ADD PRIMARY KEY (`id`);

--
-- Индексы таблицы `good_attribute`
--
ALTER TABLE `good_attribute`
 ADD PRIMARY KEY (`id`);

--
-- Индексы таблицы `good_type`
--
ALTER TABLE `good_type`
 ADD PRIMARY KEY (`id`);

--
-- Индексы таблицы `good_type_attribute`
--
ALTER TABLE `good_type_attribute`
 ADD PRIMARY KEY (`good_type_id`,`attribute_id`);

--
-- Индексы таблицы `interpreter`
--
ALTER TABLE `interpreter`
 ADD PRIMARY KEY (`id`);

--
-- Индексы таблицы `model_names`
--
ALTER TABLE `model_names`
 ADD PRIMARY KEY (`id`);

--
-- Индексы таблицы `role`
--
ALTER TABLE `role`
 ADD PRIMARY KEY (`id`);

--
-- Индексы таблицы `rule`
--
ALTER TABLE `rule`
 ADD PRIMARY KEY (`code`);

--
-- Индексы таблицы `table`
--
ALTER TABLE `table`
 ADD PRIMARY KEY (`id`);

--
-- Индексы таблицы `table_variant`
--
ALTER TABLE `table_variant`
 ADD PRIMARY KEY (`table_id`,`attribute_1`,`attribute_2`);

--
-- Индексы таблицы `user`
--
ALTER TABLE `user`
 ADD PRIMARY KEY (`usr_id`);

--
-- AUTO_INCREMENT для сохранённых таблиц
--

--
-- AUTO_INCREMENT для таблицы `attribute`
--
ALTER TABLE `attribute`
MODIFY `id` int(10) unsigned NOT NULL AUTO_INCREMENT,AUTO_INCREMENT=30;
--
-- AUTO_INCREMENT для таблицы `attribute_type`
--
ALTER TABLE `attribute_type`
MODIFY `id` smallint(5) unsigned NOT NULL AUTO_INCREMENT,AUTO_INCREMENT=5;
--
-- AUTO_INCREMENT для таблицы `attribute_variant`
--
ALTER TABLE `attribute_variant`
MODIFY `id` int(10) unsigned NOT NULL AUTO_INCREMENT,AUTO_INCREMENT=819;
--
-- AUTO_INCREMENT для таблицы `cube`
--
ALTER TABLE `cube`
MODIFY `id` int(10) unsigned NOT NULL AUTO_INCREMENT,AUTO_INCREMENT=6;
--
-- AUTO_INCREMENT для таблицы `dictionary`
--
ALTER TABLE `dictionary`
MODIFY `id` int(10) unsigned NOT NULL AUTO_INCREMENT,AUTO_INCREMENT=11;
--
-- AUTO_INCREMENT для таблицы `export`
--
ALTER TABLE `export`
MODIFY `id` int(10) unsigned NOT NULL AUTO_INCREMENT,AUTO_INCREMENT=2;
--
-- AUTO_INCREMENT для таблицы `good`
--
ALTER TABLE `good`
MODIFY `id` int(10) unsigned NOT NULL AUTO_INCREMENT,AUTO_INCREMENT=297;
--
-- AUTO_INCREMENT для таблицы `good_attribute`
--
ALTER TABLE `good_attribute`
MODIFY `id` int(11) unsigned NOT NULL AUTO_INCREMENT,AUTO_INCREMENT=5382;
--
-- AUTO_INCREMENT для таблицы `good_type`
--
ALTER TABLE `good_type`
MODIFY `id` int(11) NOT NULL AUTO_INCREMENT,AUTO_INCREMENT=3;
--
-- AUTO_INCREMENT для таблицы `interpreter`
--
ALTER TABLE `interpreter`
MODIFY `id` int(10) unsigned NOT NULL AUTO_INCREMENT,AUTO_INCREMENT=10;
--
-- AUTO_INCREMENT для таблицы `model_names`
--
ALTER TABLE `model_names`
MODIFY `id` smallint(5) unsigned NOT NULL AUTO_INCREMENT,AUTO_INCREMENT=8;
--
-- AUTO_INCREMENT для таблицы `role`
--
ALTER TABLE `role`
MODIFY `id` int(10) unsigned NOT NULL AUTO_INCREMENT,AUTO_INCREMENT=4;
--
-- AUTO_INCREMENT для таблицы `table`
--
ALTER TABLE `table`
MODIFY `id` int(10) unsigned NOT NULL AUTO_INCREMENT,AUTO_INCREMENT=7;
--
-- AUTO_INCREMENT для таблицы `user`
--
ALTER TABLE `user`
MODIFY `usr_id` int(11) NOT NULL AUTO_INCREMENT,AUTO_INCREMENT=9;
/*!40101 SET CHARACTER_SET_CLIENT=@OLD_CHARACTER_SET_CLIENT */;
/*!40101 SET CHARACTER_SET_RESULTS=@OLD_CHARACTER_SET_RESULTS */;
/*!40101 SET COLLATION_CONNECTION=@OLD_COLLATION_CONNECTION */;
