-- phpMyAdmin SQL Dump
-- version 4.2.11
-- http://www.phpmyadmin.net
--
-- Хост: localhost
-- Время создания: Июн 18 2015 г., 11:40
-- Версия сервера: 5.5.36-34.0-632.precise
-- Версия PHP: 5.3.29

SET SQL_MODE = "NO_AUTO_VALUE_ON_ZERO";
SET time_zone = "+00:00";


/*!40101 SET @OLD_CHARACTER_SET_CLIENT=@@CHARACTER_SET_CLIENT */;
/*!40101 SET @OLD_CHARACTER_SET_RESULTS=@@CHARACTER_SET_RESULTS */;
/*!40101 SET @OLD_COLLATION_CONNECTION=@@COLLATION_CONNECTION */;
/*!40101 SET NAMES utf8 */;

--
-- База данных: `cx15479_koleso`
--

-- --------------------------------------------------------

--
-- Структура таблицы `attribute`
--

CREATE TABLE IF NOT EXISTS `attribute` (
`id` int(10) unsigned NOT NULL,
  `name` varchar(255) NOT NULL,
  `attribute_type_id` smallint(5) unsigned NOT NULL,
  `multi` tinyint(1) NOT NULL DEFAULT '0',
  `list` tinyint(1) NOT NULL DEFAULT '0',
  `width` int(11) NOT NULL DEFAULT '0',
  `dynamic` tinyint(1) NOT NULL DEFAULT '0'
) ENGINE=InnoDB AUTO_INCREMENT=39 DEFAULT CHARSET=utf8;

--
-- Дамп данных таблицы `attribute`
--

INSERT INTO `attribute` (`id`, `name`, `attribute_type_id`, `multi`, `list`, `width`, `dynamic`) VALUES
(3, 'Код', 3, 0, 0, 55, 0),
(5, 'Сверловка', 3, 1, 1, 0, 0),
(6, 'Модель Диска', 3, 0, 0, 0, 0),
(7, 'Ширина шины', 2, 0, 1, 0, 0),
(8, 'Профиль шины', 1, 0, 1, 0, 0),
(9, 'Посадочный диаметр', 3, 0, 1, 0, 0),
(10, 'Год выпуска шины', 1, 0, 1, 0, 0),
(11, 'Страна изготовитель шины', 3, 0, 1, 0, 0),
(12, 'Остаток шины 1', 1, 0, 0, 0, 0),
(13, 'Остаток шины 2', 1, 0, 0, 0, 0),
(14, 'Остаток шины 3', 1, 0, 0, 0, 0),
(15, 'Остаток шины 4', 1, 0, 0, 0, 0),
(16, 'Марка шины', 3, 0, 1, 0, 0),
(17, 'Модель шины', 3, 0, 1, 179, 0),
(18, 'Индекс нагрузки шины', 3, 0, 1, 0, 0),
(19, 'Индекс скорости шины', 3, 0, 1, 0, 0),
(20, 'Цена продажи', 1, 0, 0, 0, 0),
(21, 'Цена за плохую пару шин', 1, 0, 0, 0, 0),
(22, 'Цена за хорошую пару шин', 1, 0, 0, 0, 0),
(23, 'Сезонность шин', 3, 0, 1, 0, 0),
(26, 'Состояние товара', 3, 0, 1, 0, 0),
(27, 'Город нахождения', 3, 0, 1, 125, 0),
(28, 'Количество', 1, 0, 1, 80, 0),
(29, 'Износ шины в %', 1, 0, 1, 0, 0),
(31, 'Ширина Диска', 2, 1, 1, 0, 0),
(32, 'Вылет', 2, 1, 1, 0, 0),
(33, 'Диаметр центрального отверстия', 2, 0, 1, 0, 0),
(34, 'Вес', 2, 0, 0, 0, 0),
(35, 'Описание ', 4, 0, 0, 0, 0),
(36, 'Тип наценки', 1, 0, 1, 0, 0),
(37, 'Тип объявления', 3, 0, 1, 0, 1),
(38, 'Город выкладки', 3, 0, 1, 150, 1);

-- --------------------------------------------------------

--
-- Структура таблицы `attribute_type`
--

CREATE TABLE IF NOT EXISTS `attribute_type` (
`id` smallint(5) unsigned NOT NULL,
  `name` varchar(50) NOT NULL,
  `code` varchar(50) NOT NULL
) ENGINE=InnoDB AUTO_INCREMENT=5 DEFAULT CHARSET=utf8;

--
-- Дамп данных таблицы `attribute_type`
--

INSERT INTO `attribute_type` (`id`, `name`, `code`) VALUES
(1, 'Целое число', 'int'),
(2, 'Дробное число', 'float'),
(3, 'Строка', 'varchar'),
(4, 'Текст', 'text');

-- --------------------------------------------------------

--
-- Структура таблицы `attribute_variant`
--

CREATE TABLE IF NOT EXISTS `attribute_variant` (
`id` int(10) unsigned NOT NULL,
  `int_value` int(11) DEFAULT NULL,
  `varchar_value` varchar(255) DEFAULT NULL,
  `float_value` float DEFAULT NULL,
  `attribute_id` int(10) unsigned NOT NULL,
  `sort` smallint(5) unsigned NOT NULL
) ENGINE=InnoDB AUTO_INCREMENT=877 DEFAULT CHARSET=utf8;

--
-- Дамп данных таблицы `attribute_variant`
--

INSERT INTO `attribute_variant` (`id`, `int_value`, `varchar_value`, `float_value`, `attribute_id`, `sort`) VALUES
(93, NULL, NULL, 155, 7, 10),
(94, NULL, NULL, 165, 7, 20),
(95, NULL, NULL, 175, 7, 30),
(96, NULL, NULL, 185, 7, 40),
(97, NULL, NULL, 195, 7, 50),
(98, NULL, NULL, 205, 7, 60),
(99, NULL, NULL, 215, 7, 70),
(100, NULL, NULL, 225, 7, 80),
(101, NULL, NULL, 235, 7, 90),
(102, NULL, NULL, 245, 7, 100),
(103, NULL, NULL, 255, 7, 110),
(104, NULL, NULL, 265, 7, 120),
(105, NULL, NULL, 275, 7, 130),
(106, NULL, NULL, 285, 7, 140),
(107, NULL, NULL, 295, 7, 150),
(108, NULL, NULL, 305, 7, 160),
(109, NULL, NULL, 315, 7, 170),
(110, NULL, NULL, 325, 7, 180),
(111, NULL, NULL, 335, 7, 190),
(112, NULL, NULL, 345, 7, 200),
(113, 30, NULL, NULL, 8, 10),
(114, 35, NULL, NULL, 8, 20),
(115, 40, NULL, NULL, 8, 30),
(116, 45, NULL, NULL, 8, 40),
(117, 50, NULL, NULL, 8, 50),
(118, 55, NULL, NULL, 8, 60),
(119, 60, NULL, NULL, 8, 70),
(120, 65, NULL, NULL, 8, 80),
(121, 70, NULL, NULL, 8, 90),
(122, 75, NULL, NULL, 8, 100),
(123, 80, NULL, NULL, 8, 110),
(124, 85, NULL, NULL, 8, 120),
(125, NULL, '13', NULL, 9, 10),
(126, NULL, '14', NULL, 9, 20),
(127, NULL, '15', NULL, 9, 30),
(128, NULL, '16', NULL, 9, 40),
(129, NULL, '17', NULL, 9, 50),
(130, NULL, '18', NULL, 9, 60),
(131, NULL, '19', NULL, 9, 70),
(132, NULL, '20', NULL, 9, 80),
(133, NULL, '21', NULL, 9, 90),
(134, NULL, '22', NULL, 9, 100),
(135, NULL, '23', NULL, 9, 110),
(136, NULL, '24', NULL, 9, 120),
(137, NULL, '25', NULL, 9, 130),
(138, 1997, NULL, NULL, 10, 10),
(139, 1998, NULL, NULL, 10, 20),
(140, 1999, NULL, NULL, 10, 30),
(141, 2000, NULL, NULL, 10, 40),
(142, 2001, NULL, NULL, 10, 50),
(143, 2002, NULL, NULL, 10, 60),
(144, 2003, NULL, NULL, 10, 70),
(145, 2004, NULL, NULL, 10, 80),
(146, 2005, NULL, NULL, 10, 90),
(147, 2006, NULL, NULL, 10, 100),
(148, 2007, NULL, NULL, 10, 110),
(149, 2008, NULL, NULL, 10, 120),
(150, 2009, NULL, NULL, 10, 130),
(151, 2010, NULL, NULL, 10, 140),
(152, 2011, NULL, NULL, 10, 150),
(153, 2012, NULL, NULL, 10, 160),
(154, 2013, NULL, NULL, 10, 170),
(155, 2014, NULL, NULL, 10, 180),
(156, 2015, NULL, NULL, 10, 190),
(157, NULL, 'Achilles', NULL, 16, 10),
(158, NULL, 'Barum', NULL, 16, 20),
(159, NULL, 'Bridgestone', NULL, 16, 30),
(160, NULL, 'Bridgestone ', NULL, 16, 40),
(161, NULL, 'Continental', NULL, 16, 50),
(162, NULL, 'Dunlop', NULL, 16, 60),
(163, NULL, 'Dunlop ', NULL, 16, 70),
(164, NULL, 'Falken', NULL, 16, 80),
(165, NULL, 'Firestone', NULL, 16, 90),
(166, NULL, 'Fullrun', NULL, 16, 100),
(167, NULL, 'General ', NULL, 16, 110),
(168, NULL, 'Goodyear', NULL, 16, 120),
(169, NULL, 'Hankook', NULL, 16, 130),
(170, NULL, 'Hankook ', NULL, 16, 140),
(171, NULL, 'Kumho', NULL, 16, 150),
(172, NULL, 'Kumho ', NULL, 16, 160),
(173, NULL, 'Maxgrade', NULL, 16, 170),
(174, NULL, 'Maxtrek', NULL, 16, 180),
(175, NULL, 'Michelin', NULL, 16, 190),
(176, NULL, 'Michelin ', NULL, 16, 200),
(177, NULL, 'Nankang', NULL, 16, 210),
(178, NULL, 'Nexen', NULL, 16, 220),
(179, NULL, 'Nokian', NULL, 16, 230),
(180, NULL, 'Pirelli ', NULL, 16, 240),
(181, NULL, 'Roadstone', NULL, 16, 250),
(182, NULL, 'Sport', NULL, 16, 260),
(183, NULL, 'Toyo', NULL, 16, 270),
(184, NULL, 'Triangle', NULL, 16, 280),
(185, NULL, 'Yokohama', NULL, 16, 290),
(186, NULL, '280', NULL, 17, 10),
(187, NULL, '8 SUV', NULL, 17, 20),
(188, NULL, 'Advan', NULL, 17, 30),
(189, NULL, 'Advan A10', NULL, 17, 40),
(190, NULL, 'Advan A-460', NULL, 17, 50),
(191, NULL, 'ATR Sport', NULL, 17, 60),
(192, NULL, 'ATR Sport 2', NULL, 17, 70),
(193, NULL, 'Azenis', NULL, 17, 80),
(194, NULL, 'BLIZZAK DM-Z3', NULL, 17, 90),
(195, NULL, 'Blizzak Revo1', NULL, 17, 100),
(196, NULL, 'Blizzak Spike-01', NULL, 17, 110),
(197, NULL, 'BluEarth', NULL, 17, 120),
(198, NULL, 'BluEarth A', NULL, 17, 130),
(199, NULL, 'Bravuris2', NULL, 17, 140),
(200, NULL, 'BStyle', NULL, 17, 150),
(201, NULL, 'ContiPremiumContact2', NULL, 17, 160),
(202, NULL, 'ContiSportContact', NULL, 17, 170),
(203, NULL, 'ContiSportContact3', NULL, 17, 180),
(204, NULL, 'db E70', NULL, 17, 190),
(205, NULL, 'DM-V1', NULL, 17, 200),
(206, NULL, 'DMZ-3', NULL, 17, 210),
(207, NULL, 'DNA', NULL, 17, 220),
(208, NULL, 'DNA DB', NULL, 17, 230),
(209, NULL, 'DNA Ecos ES300', NULL, 17, 240),
(210, NULL, 'DNA Grandmap', NULL, 17, 250),
(211, NULL, 'Dragon', NULL, 17, 260),
(212, NULL, 'DRB', NULL, 17, 270),
(213, NULL, 'DSX', NULL, 17, 280),
(214, NULL, 'DSX2', NULL, 17, 290),
(215, NULL, 'Dueler 684 II', NULL, 17, 300),
(216, NULL, 'Dueler H/L', NULL, 17, 310),
(217, NULL, 'Dueler H/P Sport', NULL, 17, 320),
(218, NULL, 'Dueler H/T 684', NULL, 17, 330),
(219, NULL, 'Dueler H/T 684 II', NULL, 17, 340),
(220, NULL, 'Eagle LS 2000 HybridII', NULL, 17, 350),
(221, NULL, 'Eagle LS EXE', NULL, 17, 360),
(222, NULL, 'Eagle LS2000 Hybrid', NULL, 17, 370),
(223, NULL, 'Eagle NCT5', NULL, 17, 380),
(224, NULL, 'Eagle RVS', NULL, 17, 390),
(225, NULL, 'Ecopia EX10', NULL, 17, 400),
(226, NULL, 'Ecopia PZ-X', NULL, 17, 410),
(227, NULL, 'Ecsta X3', NULL, 17, 420),
(228, NULL, 'Enasave', NULL, 17, 430),
(229, NULL, 'Espia EPZ', NULL, 17, 440),
(230, NULL, 'F107', NULL, 17, 450),
(231, NULL, 'F690', NULL, 17, 460),
(232, NULL, 'Firehawk', NULL, 17, 470),
(233, NULL, 'Formula', NULL, 17, 480),
(234, NULL, 'FR10', NULL, 17, 490),
(235, NULL, 'G5', NULL, 17, 500),
(236, NULL, 'Geolander', NULL, 17, 510),
(237, NULL, 'Geolander I/T-S', NULL, 17, 520),
(238, NULL, 'Geolendar H/T-S', NULL, 17, 530),
(239, NULL, 'Grabber', NULL, 17, 540),
(240, NULL, 'Grandtrek AT22', NULL, 17, 550),
(241, NULL, 'Grandtrek AT3', NULL, 17, 560),
(242, NULL, 'Graspic DS2', NULL, 17, 570),
(243, NULL, 'Guardex', NULL, 17, 580),
(244, NULL, 'H/P', NULL, 17, 590),
(245, NULL, 'H/P Sport', NULL, 17, 600),
(246, NULL, 'Hakka 7 SUV', NULL, 17, 610),
(247, NULL, 'Hakka R2 SUV', NULL, 17, 620),
(248, NULL, 'Hakka Sport Utility', NULL, 17, 630),
(249, NULL, 'Hakka SUV 5', NULL, 17, 640),
(250, NULL, 'Hakkapelita R sport utility', NULL, 17, 650),
(251, NULL, 'Hakkapelita sport utility 5', NULL, 17, 660),
(252, NULL, 'HU901', NULL, 17, 670),
(253, NULL, 'IC7000', NULL, 17, 680),
(254, NULL, 'Ice Zero', NULL, 17, 690),
(255, NULL, 'IceControl', NULL, 17, 700),
(256, NULL, 'IceCruiser5000', NULL, 17, 710),
(257, NULL, 'IceNavy', NULL, 17, 720),
(258, NULL, 'IceNavyZeaII', NULL, 17, 730),
(259, NULL, 'IG20', NULL, 17, 740),
(260, NULL, 'IG30', NULL, 17, 750),
(261, NULL, 'iMap', NULL, 17, 760),
(262, NULL, 'IXT', NULL, 17, 770),
(263, NULL, 'Kumho', NULL, 17, 780),
(264, NULL, 'Landair SL112', NULL, 17, 790),
(265, NULL, 'Latitude Cross', NULL, 17, 800),
(266, NULL, 'Latitude Sport', NULL, 17, 810),
(267, NULL, 'Latitude Sport3', NULL, 17, 820),
(268, NULL, 'Latitude Tour', NULL, 17, 830),
(269, NULL, 'Lemans LM702', NULL, 17, 840),
(270, NULL, 'Lemans LM703', NULL, 17, 850),
(271, NULL, 'Lemans LM704', NULL, 17, 860),
(272, NULL, 'LS 2000 Hybrid', NULL, 17, 870),
(273, NULL, 'N6000', NULL, 17, 880),
(274, NULL, 'N7000', NULL, 17, 890),
(275, NULL, 'N8000', NULL, 17, 900),
(276, NULL, 'Nextry', NULL, 17, 910),
(277, NULL, 'Nre', NULL, 17, 920),
(278, NULL, 'NS-20', NULL, 17, 930),
(279, NULL, 'NSII', NULL, 17, 940),
(280, NULL, 'Optimo K415', NULL, 17, 950),
(281, NULL, 'P7', NULL, 17, 960),
(282, NULL, 'Pilot', NULL, 17, 970),
(283, NULL, 'Pilot Sport2', NULL, 17, 980),
(284, NULL, 'Pilot Sport3', NULL, 17, 990),
(285, NULL, 'Playz', NULL, 17, 1000),
(286, NULL, 'Playz-PZ1', NULL, 17, 1010),
(287, NULL, 'Playz-PZX', NULL, 17, 1020),
(288, NULL, 'Playz-RPV', NULL, 17, 1030),
(289, NULL, 'Playz-RV', NULL, 17, 1040),
(290, NULL, 'Potenza', NULL, 17, 1050),
(291, NULL, 'Potenza RE01', NULL, 17, 1060),
(292, NULL, 'Potenza RE050', NULL, 17, 1070),
(293, NULL, 'Potenza RE050A', NULL, 17, 1080),
(294, NULL, 'Primacy HP', NULL, 17, 1090),
(295, NULL, 'Primacy LC', NULL, 17, 1100),
(296, NULL, 'Proxes', NULL, 17, 1110),
(297, NULL, 'Proxes CT01', NULL, 17, 1120),
(298, NULL, 'Proxes R34', NULL, 17, 1130),
(299, NULL, 'Proxes T1', NULL, 17, 1140),
(300, NULL, 'Proxes T1R', NULL, 17, 1150),
(301, NULL, 'PS91', NULL, 17, 1160),
(302, NULL, 'RE-01R', NULL, 17, 1170),
(303, NULL, 'Regno GR8000', NULL, 17, 1180),
(304, NULL, 'Regno GR9000', NULL, 17, 1190),
(305, NULL, 'Regno GR-XT', NULL, 17, 1200),
(306, NULL, 'Revo GZ', NULL, 17, 1210),
(307, NULL, 'RevSpec RS02', NULL, 17, 1220),
(308, NULL, 'Runsafa SH-1', NULL, 17, 1230),
(309, NULL, 'S001', NULL, 17, 1240),
(310, NULL, 'SDrive', NULL, 17, 1250),
(311, NULL, 'Sierra S6', NULL, 17, 1260),
(312, NULL, 'SIII', NULL, 17, 1270),
(313, NULL, 'SJ6', NULL, 17, 1280),
(314, NULL, 'SK10', NULL, 17, 1290),
(315, NULL, 'Sneaker', NULL, 17, 1300),
(316, NULL, 'Solus KH17', NULL, 17, 1310),
(317, NULL, 'SP Sport 270', NULL, 17, 1320),
(318, NULL, 'Sport', NULL, 17, 1330),
(319, NULL, 'Sport ATR', NULL, 17, 1340),
(320, NULL, 'SportContact2', NULL, 17, 1350),
(321, NULL, 'SS595', NULL, 17, 1360),
(322, NULL, 'ST10', NULL, 17, 1370),
(323, NULL, 'TR967', NULL, 17, 1380),
(324, NULL, 'Tranpath LU', NULL, 17, 1390),
(325, NULL, 'Tranpath MP4', NULL, 17, 1400),
(326, NULL, 'Tranpath R30', NULL, 17, 1410),
(327, NULL, 'TS02', NULL, 17, 1420),
(328, NULL, 'Turanza', NULL, 17, 1430),
(329, NULL, 'Ventus HR2', NULL, 17, 1440),
(330, NULL, 'Ventus ST', NULL, 17, 1450),
(331, NULL, 'Ventus V4 ES', NULL, 17, 1460),
(332, NULL, 'VentusV8RS', NULL, 17, 1470),
(333, NULL, 'Wide Oval', NULL, 17, 1480),
(334, NULL, 'X-Ice North', NULL, 17, 1490),
(335, NULL, 'Ziex ZE329', NULL, 17, 1500),
(336, NULL, 'Ziex ZE912', NULL, 17, 1510),
(337, NULL, 'K', NULL, 19, 10),
(338, NULL, 'L', NULL, 19, 20),
(339, NULL, 'M', NULL, 19, 30),
(340, NULL, 'N', NULL, 19, 40),
(341, NULL, 'O', NULL, 19, 50),
(342, NULL, 'P', NULL, 19, 60),
(343, NULL, 'Q', NULL, 19, 70),
(344, NULL, 'R', NULL, 19, 80),
(345, NULL, 'S', NULL, 19, 90),
(346, NULL, 'T', NULL, 19, 100),
(347, NULL, 'H', NULL, 19, 110),
(348, NULL, 'V', NULL, 19, 120),
(349, NULL, 'W', NULL, 19, 130),
(350, NULL, 'Y', NULL, 19, 140),
(351, NULL, 'VR', NULL, 19, 150),
(352, NULL, 'ZR', NULL, 19, 160),
(399, NULL, 'Б/п РФ', NULL, 26, 20),
(400, NULL, 'Б/у', NULL, 26, 30),
(401, NULL, 'Томск', NULL, 27, 10),
(402, NULL, 'Новосибирск', NULL, 27, 20),
(403, NULL, 'Кемерово', NULL, 27, 30),
(404, NULL, 'Белово', NULL, 27, 40),
(405, NULL, 'Красноярск', NULL, 27, 50),
(406, 5, NULL, NULL, 29, 10),
(407, 10, NULL, NULL, 29, 20),
(408, 20, NULL, NULL, 29, 30),
(409, 30, NULL, NULL, 29, 40),
(410, 40, NULL, NULL, 29, 50),
(411, 50, NULL, NULL, 29, 60),
(412, 60, NULL, NULL, 29, 70),
(413, 70, NULL, NULL, 29, 80),
(414, 80, NULL, NULL, 29, 90),
(415, 90, NULL, NULL, 29, 100),
(416, 100, NULL, NULL, 29, 110),
(417, 0, NULL, NULL, 29, 120),
(418, NULL, '78', NULL, 18, 10),
(419, NULL, '79', NULL, 18, 20),
(420, NULL, '80', NULL, 18, 30),
(421, NULL, '81', NULL, 18, 40),
(422, NULL, '82', NULL, 18, 50),
(423, NULL, '83', NULL, 18, 60),
(424, NULL, '84', NULL, 18, 70),
(425, NULL, '85', NULL, 18, 80),
(426, NULL, '86', NULL, 18, 90),
(427, NULL, '87', NULL, 18, 100),
(428, NULL, '88', NULL, 18, 110),
(429, NULL, '89', NULL, 18, 120),
(430, NULL, '90', NULL, 18, 130),
(431, NULL, '91', NULL, 18, 140),
(432, NULL, '92', NULL, 18, 150),
(433, NULL, '93', NULL, 18, 160),
(434, NULL, '94', NULL, 18, 170),
(435, NULL, '95', NULL, 18, 180),
(436, NULL, '96', NULL, 18, 190),
(437, NULL, '97', NULL, 18, 200),
(438, NULL, '98', NULL, 18, 210),
(439, NULL, '99', NULL, 18, 220),
(440, NULL, '100', NULL, 18, 230),
(441, NULL, '101', NULL, 18, 240),
(442, NULL, '102', NULL, 18, 250),
(443, NULL, '103', NULL, 18, 260),
(444, NULL, '104', NULL, 18, 270),
(445, NULL, '105', NULL, 18, 280),
(446, NULL, '106', NULL, 18, 290),
(447, NULL, '107', NULL, 18, 300),
(448, NULL, '108', NULL, 18, 310),
(449, NULL, '109', NULL, 18, 320),
(450, NULL, '110', NULL, 18, 330),
(451, NULL, '111', NULL, 18, 340),
(452, NULL, '112', NULL, 18, 350),
(453, NULL, '113', NULL, 18, 360),
(454, NULL, '114', NULL, 18, 370),
(455, NULL, '115', NULL, 18, 380),
(456, NULL, '116', NULL, 18, 390),
(457, NULL, '117', NULL, 18, 400),
(458, NULL, '118', NULL, 18, 410),
(459, NULL, '119', NULL, 18, 420),
(460, NULL, '120', NULL, 18, 430),
(461, NULL, 'ZR', NULL, 18, 440),
(463, NULL, 'Летние', NULL, 23, 10),
(465, NULL, 'Нешипованные', NULL, 23, 20),
(705, NULL, 'Firehawk TZ-100', NULL, 17, 1000),
(706, NULL, 'Playz PZ-1', NULL, 17, 1000),
(707, NULL, 'Sneaker SNK2', NULL, 17, 1000),
(708, NULL, 'Blizzak MZ-01', NULL, 17, 1000),
(709, NULL, 'Revo2', NULL, 17, 1000),
(710, NULL, 'Firehawk Wideoval', NULL, 17, 1000),
(711, NULL, 'Revo1', NULL, 17, 1000),
(712, NULL, 'IceNavy Zea', NULL, 17, 1000),
(713, NULL, 'PremiumContact', NULL, 17, 1000),
(714, NULL, 'Regno GR 8000', NULL, 17, 1000),
(716, NULL, 'Dueler H/T 689', NULL, 17, 1000),
(717, NULL, 'Geolandar A/T+2', NULL, 17, 1000),
(718, NULL, 'Playz PZ-X', NULL, 17, 1000),
(719, NULL, 'Energy', NULL, 17, 1000),
(720, NULL, 'Maxgrade II', NULL, 17, 1000),
(721, NULL, 'DNA S''Drive', NULL, 17, 1000),
(722, NULL, 'Sport tourer MY-01', NULL, 17, 1000),
(723, NULL, 'Energy Saver', NULL, 17, 1000),
(724, NULL, 'Ecsta', NULL, 17, 1000),
(725, NULL, 'PlayzRV PRV-1', NULL, 17, 1000),
(726, NULL, 'dB decibel E70', NULL, 17, 1000),
(727, NULL, 'DSX-2', NULL, 17, 1000),
(728, NULL, 'Blizzak MZ-02', NULL, 17, 1000),
(729, NULL, 'Playz RV', NULL, 17, 1000),
(730, NULL, 'ZIEX ZE 329', NULL, 17, 1000),
(731, NULL, 'DM-Z3', NULL, 17, 1000),
(732, NULL, 'B390', NULL, 17, 1000),
(733, NULL, 'Bstyle RV', NULL, 17, 1000),
(734, NULL, 'Geolandar H/T', NULL, 17, 1000),
(735, NULL, 'Geolandar I/T-S', NULL, 17, 1000),
(736, NULL, 'DMV-1', NULL, 17, 1000),
(737, NULL, 'Dueler HT687', NULL, 17, 1000),
(738, NULL, 'WinterDueler DMZ2', NULL, 17, 1000),
(739, NULL, 'Grandtrek', NULL, 17, 1000),
(740, NULL, 'Eagle LS 2000 Hybrid II', NULL, 17, 1000),
(741, NULL, 'Proxes T1 Sport', NULL, 17, 1000),
(742, NULL, 'Sp sport maxx', NULL, 17, 1000),
(743, NULL, 'Potenza RE-01', NULL, 17, 1000),
(744, NULL, 'Regno GR 9000', NULL, 17, 1000),
(745, NULL, 'AS-1', NULL, 17, 1000),
(746, NULL, 'Pirelli', NULL, 16, 1000),
(747, NULL, 'DNA ES300', NULL, 17, 1000),
(748, NULL, 'ENASAVE RV503', NULL, 17, 1000),
(749, NULL, 'XL', NULL, 19, 1000),
(750, NULL, 'Advan DB decibel', NULL, 17, 1000),
(751, NULL, 'Regno GR-8000', NULL, 17, 1000),
(752, NULL, 'Primacy 3', NULL, 17, 1000),
(753, NULL, 'Pilot Sport 3', NULL, 17, 1000),
(754, NULL, 'Guardex K2 F721', NULL, 17, 1000),
(755, NULL, 'TR968', NULL, 17, 1000),
(756, NULL, 'Ventus HR II', NULL, 17, 1000),
(757, NULL, 'Regno GRV', NULL, 17, 1000),
(758, NULL, 'B500 Si', NULL, 17, 1000),
(759, NULL, 'TR918', NULL, 17, 1000),
(760, NULL, 'Playz RV PRV-1', NULL, 17, 1000),
(761, NULL, 'Playz PRV-1', NULL, 17, 1000),
(762, NULL, 'Шипованные', NULL, 23, 30),
(763, NULL, '4x4 Contact', NULL, 17, 1000),
(764, NULL, 'Goodyer', NULL, 16, 1000),
(765, NULL, 'Eagle RS-A', NULL, 17, 1000),
(766, NULL, 'Nordman 5 SUV', NULL, 17, 1000),
(767, NULL, 'SP Winter Ice 01', NULL, 17, 1000),
(768, NULL, 'Latitude Tour HP', NULL, 17, 1000),
(769, NULL, 'Dueler H/T 840', NULL, 17, 1000),
(770, NULL, 'Latitude Cross Terrain', NULL, 17, 1000),
(771, NULL, 'Dueler A/T', NULL, 17, 1000),
(772, NULL, 'Grandtrek AT-20', NULL, 17, 1000),
(773, NULL, 'Grandtrek AT-22', NULL, 17, 1000),
(774, NULL, 'Hakkapelita Sport Utility', NULL, 17, 1000),
(775, NULL, 'Cooper', NULL, 16, 1000),
(776, NULL, 'Discoverer  M+S', NULL, 17, 1000),
(777, NULL, 'N1000', NULL, 17, 1000),
(778, NULL, 'Ultra sport NS II', NULL, 17, 1000),
(779, NULL, 'ContiSport Contact 3', NULL, 17, 1000),
(780, NULL, 'Headway', NULL, 16, 1000),
(781, NULL, 'ContiSportContact 3', NULL, 17, 1000),
(782, NULL, 'Azenis ST115', NULL, 17, 1000),
(783, NULL, 'Regno GR-9000', NULL, 17, 1000),
(784, NULL, 'Eagle LS2000 Hybrid II', NULL, 17, 1000),
(785, NULL, 'Playz PZ1', NULL, 17, 1000),
(786, NULL, 'Potenza S001', NULL, 17, 1000),
(787, NULL, 'TS-02', NULL, 17, 1000),
(788, NULL, 'ContiPremiumContact 2', NULL, 17, 1000),
(789, NULL, 'Potenza RE031', NULL, 17, 1000),
(790, NULL, 'IceGuard', NULL, 17, 1000),
(791, NULL, 'Dueler H/L 400', NULL, 17, 1000),
(792, NULL, 'Grandtrek PT2', NULL, 17, 1000),
(793, NULL, 'Т', NULL, 19, 1000),
(794, NULL, 'Dueler H/T Sport', NULL, 17, 1000),
(795, NULL, 'Hakkapelitta R Sport Utility', NULL, 17, 1000),
(796, NULL, 'Grandtrek AT-23', NULL, 17, 1000),
(797, NULL, '166', NULL, 18, 1000),
(798, NULL, 'Hakka', NULL, 16, 1000),
(799, NULL, 'Hakkapelitta 7 SUV', NULL, 17, 1000),
(800, NULL, 'Grandtrek PT 2', NULL, 17, 1000),
(801, NULL, 'Grandtrek SJ6', NULL, 17, 1000),
(802, NULL, 'LS 2000 Hybrid II', NULL, 17, 1000),
(803, NULL, 'Zero Rosso', NULL, 17, 1000),
(804, NULL, 'Blizzak DM-V1', NULL, 17, 1000),
(805, NULL, 'Advan S.T.', NULL, 17, 1000),
(806, NULL, 'General', NULL, 16, 1000),
(807, NULL, 'Grabber UHP', NULL, 17, 1000),
(808, NULL, 'Ziex S/TZ 04', NULL, 17, 1000),
(809, NULL, 'Coper', NULL, 16, 1000),
(810, NULL, 'Discoverer  H/T', NULL, 17, 1000),
(811, NULL, 'Open Country', NULL, 17, 1000),
(812, NULL, '4x4 Diamaris', NULL, 17, 1000),
(813, NULL, 'Proxes ST II', NULL, 17, 1000),
(814, 1, NULL, NULL, 28, 10),
(815, 2, NULL, NULL, 28, 20),
(816, 3, NULL, NULL, 28, 30),
(817, 4, NULL, NULL, 28, 40),
(818, NULL, 'Новые', NULL, 26, 10),
(819, NULL, 'Japan', NULL, 11, 10),
(820, NULL, 'Korea', NULL, 11, 20),
(821, NULL, 'Germany', NULL, 11, 30),
(822, NULL, 'Italy', NULL, 11, 40),
(823, NULL, 'China', NULL, 11, 50),
(824, NULL, 'Taiwan', NULL, 11, 60),
(825, NULL, 'Indonesia', NULL, 11, 70),
(826, NULL, 'South Africa', NULL, 11, 80),
(827, NULL, 'Thailand', NULL, 11, 90),
(828, NULL, 'Turkey', NULL, 11, 100),
(829, NULL, 'France', NULL, 11, 110),
(830, NULL, 'USA', NULL, 11, 120),
(831, NULL, 'Czech Republik', NULL, 11, 130),
(832, NULL, 'Russia', NULL, 11, 140),
(833, NULL, 'Poland', NULL, 11, 150),
(834, NULL, 'Spain', NULL, 11, 160),
(835, NULL, 'Romania', NULL, 11, 170),
(836, NULL, 'Philippines', NULL, 11, 180),
(837, NULL, 'Europa', NULL, 11, 190),
(838, NULL, 'Portugal', NULL, 11, 200),
(839, NULL, 'Hungary', NULL, 11, 210),
(840, NULL, 'Finland', NULL, 11, 220),
(841, NULL, 'Britain', NULL, 11, 230),
(842, NULL, 'Brazil', NULL, 11, 240),
(844, NULL, 'Grandtrek Touring A/S', NULL, 17, 1000),
(845, NULL, 'observe Garit 2', NULL, 17, 1000),
(846, NULL, 'SP sportmaxx GT', NULL, 17, 1000),
(847, NULL, 'Hakka Green', NULL, 17, 1000),
(848, NULL, 'Hakka Blue', NULL, 17, 1000),
(849, NULL, 'B 390', NULL, 17, 1000),
(850, NULL, 'Federal', NULL, 16, 1000),
(851, NULL, 'Super Steel 595', NULL, 17, 1000),
(853, NULL, 'Landair SL Traction', NULL, 17, 1000),
(854, 2, NULL, NULL, 8, 1000),
(855, NULL, NULL, 31, 7, 1000),
(856, NULL, '6', NULL, 18, 1000),
(857, NULL, '.', NULL, 19, 1000),
(858, NULL, 'KingStar', NULL, 16, 1000),
(859, NULL, 'WinterRadial RW07', NULL, 17, 1000),
(861, NULL, 'Dueler H/T 687', NULL, 17, 1000),
(862, NULL, 'Sneaker SNK 2', NULL, 17, 1000),
(863, NULL, 'DNA S Drive', NULL, 17, 1000),
(864, NULL, 'Czech Rep', NULL, 11, 1000),
(865, NULL, 'Finland/Russia', NULL, 11, 1000),
(866, NULL, 'Czech Repablic', NULL, 11, 1000),
(867, 0, NULL, NULL, 10, 1000),
(868, NULL, 'Аукцион', NULL, 37, 10),
(869, NULL, 'Бесплатное объявление', NULL, 37, 20),
(870, NULL, 'Новосибирск', NULL, 38, 10),
(871, NULL, 'Томск', NULL, 38, 20),
(872, NULL, 'Кемерово', NULL, 38, 30),
(873, NULL, 'Белово', NULL, 38, 40),
(874, NULL, 'Красноярск', NULL, 38, 50),
(876, NULL, 'Москва', NULL, 38, 60);

-- --------------------------------------------------------

--
-- Структура таблицы `cube`
--

CREATE TABLE IF NOT EXISTS `cube` (
`id` int(10) unsigned NOT NULL,
  `name` varchar(255) NOT NULL,
  `attribute_id_1` int(10) unsigned NOT NULL,
  `attribute_id_2` int(10) unsigned NOT NULL,
  `attribute_id_3` int(10) unsigned NOT NULL,
  `rule_code` varchar(255) NOT NULL
) ENGINE=InnoDB AUTO_INCREMENT=6 DEFAULT CHARSET=utf8;

-- --------------------------------------------------------

--
-- Структура таблицы `cube_variant`
--

CREATE TABLE IF NOT EXISTS `cube_variant` (
  `cube_id` int(10) unsigned NOT NULL,
  `attribute_1` int(10) unsigned NOT NULL,
  `attribute_2` int(10) unsigned NOT NULL,
  `attribute_3` int(10) unsigned NOT NULL,
  `value` text NOT NULL
) ENGINE=InnoDB DEFAULT CHARSET=utf8;

--
-- Дамп данных таблицы `cube_variant`
--

INSERT INTO `cube_variant` (`cube_id`, `attribute_1`, `attribute_2`, `attribute_3`, `value`) VALUES
(1, 401, 463, 462, 'б/п РФ Летние Томск'),
(2, 401, 465, 39, 'asdasdasd'),
(2, 401, 762, 39, 'asdasd'),
(2, 403, 463, 39, 'asdasdasd'),
(2, 403, 465, 39, 'asdasdasd'),
(2, 403, 762, 39, 'asdasda'),
(2, 404, 465, 39, 'asdasdasd');

-- --------------------------------------------------------

--
-- Структура таблицы `dictionary`
--

CREATE TABLE IF NOT EXISTS `dictionary` (
`id` int(10) unsigned NOT NULL,
  `name` varchar(255) NOT NULL,
  `attribute_id_1` int(10) unsigned NOT NULL,
  `rule_code` varchar(255) NOT NULL
) ENGINE=InnoDB AUTO_INCREMENT=14 DEFAULT CHARSET=utf8;

--
-- Дамп данных таблицы `dictionary`
--

INSERT INTO `dictionary` (`id`, `name`, `attribute_id_1`, `rule_code`) VALUES
(10, 'Склонение городов', 38, 'managerActions'),
(11, 'Страна изготовитель - отбор выводить или нет', 11, 'managerActions'),
(12, 'Состояние для текста', 26, 'managerActions'),
(13, 'Сверловка - соответствие', 5, 'managerActions');

-- --------------------------------------------------------

--
-- Структура таблицы `dictionary_variant`
--

CREATE TABLE IF NOT EXISTS `dictionary_variant` (
  `dictionary_id` int(10) unsigned NOT NULL,
  `attribute_1` int(10) unsigned NOT NULL,
  `value` text NOT NULL
) ENGINE=InnoDB DEFAULT CHARSET=utf8;

--
-- Дамп данных таблицы `dictionary_variant`
--

INSERT INTO `dictionary_variant` (`dictionary_id`, `attribute_1`, `value`) VALUES
(1, 401, 'Томску'),
(1, 402, 'Новосибирску'),
(1, 403, 'Кемерово'),
(1, 404, 'Белово'),
(1, 405, 'Красноярску'),
(5, 396, '1'),
(5, 397, '2'),
(5, 463, '3'),
(5, 465, '4'),
(5, 762, '5'),
(7, 138, 'asd'),
(7, 139, 'asdasd'),
(7, 140, 'dasdasdasd'),
(7, 141, 'sdas'),
(7, 142, 'asda'),
(7, 143, 'ad'),
(7, 146, 'asdasd'),
(7, 149, 'asdasdsa'),
(7, 150, 'asdasd'),
(7, 152, 'asdasdasda'),
(7, 155, 'ddddd'),
(10, 870, 'Новосибирске'),
(10, 871, 'Томске'),
(10, 872, 'Кемерово'),
(10, 873, 'Белово'),
(10, 874, 'Красноярске'),
(10, 876, 'Москве'),
(11, 819, '1'),
(11, 820, '1'),
(11, 821, '1'),
(11, 822, '1'),
(11, 823, '0'),
(11, 824, '0'),
(11, 825, '0'),
(11, 826, '0'),
(11, 827, '0'),
(11, 828, '0'),
(11, 829, '1'),
(11, 830, '1'),
(11, 831, '1'),
(11, 832, '0'),
(11, 833, '0'),
(11, 834, '1'),
(11, 835, '0'),
(11, 836, '0'),
(11, 837, '1'),
(11, 838, '1'),
(11, 839, '1'),
(11, 840, '1'),
(11, 841, '1'),
(11, 842, '0'),
(12, 399, 'Продам шины с японского аукциона, без пробега по РФ.'),
(12, 400, 'Продам шины б/у.'),
(12, 818, 'Продам новые шины (не использовались).');

-- --------------------------------------------------------

--
-- Структура таблицы `export`
--

CREATE TABLE IF NOT EXISTS `export` (
`id` int(10) unsigned NOT NULL,
  `name` varchar(255) NOT NULL,
  `good_type_id` int(10) unsigned NOT NULL
) ENGINE=InnoDB AUTO_INCREMENT=2 DEFAULT CHARSET=utf8;

--
-- Дамп данных таблицы `export`
--

INSERT INTO `export` (`id`, `name`, `good_type_id`) VALUES
(1, 'DromAutoAdd_tires', 1);

-- --------------------------------------------------------

--
-- Структура таблицы `export_attribute`
--

CREATE TABLE IF NOT EXISTS `export_attribute` (
  `export_id` int(10) unsigned NOT NULL,
  `attribute_id` int(10) unsigned NOT NULL DEFAULT '0',
  `sort` int(10) unsigned NOT NULL
) ENGINE=InnoDB DEFAULT CHARSET=utf8;

--
-- Дамп данных таблицы `export_attribute`
--

INSERT INTO `export_attribute` (`export_id`, `attribute_id`, `sort`) VALUES
(1, 3, 10),
(1, 17, 40),
(1, 27, 20),
(1, 28, 30);

-- --------------------------------------------------------

--
-- Структура таблицы `export_interpreter`
--

CREATE TABLE IF NOT EXISTS `export_interpreter` (
  `export_id` int(10) unsigned NOT NULL,
  `interpreter_id` int(10) unsigned NOT NULL,
  `sort` int(11) NOT NULL
) ENGINE=InnoDB DEFAULT CHARSET=utf8;

--
-- Дамп данных таблицы `export_interpreter`
--

INSERT INTO `export_interpreter` (`export_id`, `interpreter_id`, `sort`) VALUES
(1, 15, 50);

-- --------------------------------------------------------

--
-- Структура таблицы `good`
--

CREATE TABLE IF NOT EXISTS `good` (
`id` int(10) unsigned NOT NULL,
  `code` varchar(255) DEFAULT NULL,
  `good_type_id` int(10) unsigned NOT NULL
) ENGINE=InnoDB AUTO_INCREMENT=253 DEFAULT CHARSET=utf8;

--
-- Дамп данных таблицы `good`
--

INSERT INTO `good` (`id`, `code`, `good_type_id`) VALUES
(1, NULL, 1),
(2, NULL, 1),
(3, NULL, 1),
(4, NULL, 1),
(5, NULL, 1),
(6, NULL, 1),
(7, NULL, 1),
(8, NULL, 1),
(9, NULL, 1),
(10, NULL, 1),
(11, NULL, 1),
(12, NULL, 1),
(13, NULL, 1),
(14, NULL, 1),
(15, NULL, 1),
(16, NULL, 1),
(17, NULL, 1),
(18, NULL, 1),
(19, NULL, 1),
(20, NULL, 1),
(21, NULL, 1),
(22, NULL, 1),
(23, NULL, 1),
(24, NULL, 1),
(25, NULL, 1),
(26, NULL, 1),
(27, NULL, 1),
(28, NULL, 1),
(29, NULL, 1),
(30, NULL, 1),
(31, NULL, 1),
(32, NULL, 1),
(33, NULL, 1),
(34, NULL, 1),
(35, NULL, 1),
(36, NULL, 1),
(37, NULL, 1),
(38, NULL, 1),
(39, NULL, 1),
(40, NULL, 1),
(41, NULL, 1),
(42, NULL, 1),
(43, NULL, 1),
(44, NULL, 1),
(45, NULL, 1),
(46, NULL, 1),
(47, NULL, 1),
(48, NULL, 1),
(49, NULL, 1),
(50, NULL, 1),
(51, NULL, 1),
(52, NULL, 1),
(53, NULL, 1),
(54, NULL, 1),
(55, NULL, 1),
(56, NULL, 1),
(57, NULL, 1),
(58, NULL, 1),
(59, NULL, 1),
(60, NULL, 1),
(61, NULL, 1),
(62, NULL, 1),
(63, NULL, 1),
(64, NULL, 1),
(65, NULL, 1),
(66, NULL, 1),
(67, NULL, 1),
(68, NULL, 1),
(69, NULL, 1),
(70, NULL, 1),
(71, NULL, 1),
(72, NULL, 1),
(73, NULL, 1),
(74, NULL, 1),
(75, NULL, 1),
(76, NULL, 1),
(77, NULL, 1),
(78, NULL, 1),
(79, NULL, 1),
(80, NULL, 1),
(81, NULL, 1),
(82, NULL, 1),
(83, NULL, 1),
(84, NULL, 1),
(85, NULL, 1),
(86, NULL, 1),
(87, NULL, 1),
(88, NULL, 1),
(89, NULL, 1),
(90, NULL, 1),
(91, NULL, 1),
(92, NULL, 1),
(93, NULL, 1),
(94, NULL, 1),
(95, NULL, 1),
(96, NULL, 1),
(97, NULL, 1),
(98, NULL, 1),
(99, NULL, 1),
(100, NULL, 1),
(101, NULL, 1),
(102, NULL, 1),
(103, NULL, 1),
(104, NULL, 1),
(105, NULL, 1),
(106, NULL, 1),
(107, NULL, 1),
(108, NULL, 1),
(109, NULL, 1),
(110, NULL, 1),
(111, NULL, 1),
(112, NULL, 1),
(113, NULL, 1),
(114, NULL, 1),
(115, NULL, 1),
(116, NULL, 1),
(117, NULL, 1),
(118, NULL, 1),
(119, NULL, 1),
(120, NULL, 1),
(121, NULL, 1),
(122, NULL, 1),
(123, NULL, 1),
(124, NULL, 1),
(125, NULL, 1),
(126, NULL, 1),
(127, NULL, 1),
(128, NULL, 1),
(129, NULL, 1),
(130, NULL, 1),
(131, NULL, 1),
(132, NULL, 1),
(133, NULL, 1),
(134, NULL, 1),
(135, NULL, 1),
(136, NULL, 1),
(137, NULL, 1),
(138, NULL, 1),
(139, NULL, 1),
(140, NULL, 1),
(141, NULL, 1),
(142, NULL, 1),
(143, NULL, 1),
(144, NULL, 1),
(145, NULL, 1),
(146, NULL, 1),
(147, NULL, 1),
(148, NULL, 1),
(149, NULL, 1),
(150, NULL, 1),
(151, NULL, 1),
(152, NULL, 1),
(153, NULL, 1),
(154, NULL, 1),
(155, NULL, 1),
(156, NULL, 1),
(157, NULL, 1),
(158, NULL, 1),
(159, NULL, 1),
(160, NULL, 1),
(161, NULL, 1),
(162, NULL, 1),
(163, NULL, 1),
(164, NULL, 1),
(165, NULL, 1),
(166, NULL, 1),
(167, NULL, 1),
(168, NULL, 1),
(169, NULL, 1),
(170, NULL, 1),
(171, NULL, 1),
(172, NULL, 1),
(173, NULL, 1),
(174, NULL, 1),
(175, NULL, 1),
(176, NULL, 1),
(177, NULL, 1),
(178, NULL, 1),
(179, NULL, 1),
(180, NULL, 1),
(181, NULL, 1),
(182, NULL, 1),
(183, NULL, 1),
(184, NULL, 1),
(185, NULL, 1),
(186, NULL, 1),
(187, NULL, 1),
(188, NULL, 1),
(189, NULL, 1),
(190, NULL, 1),
(191, NULL, 1),
(192, NULL, 1),
(193, NULL, 1),
(194, NULL, 1),
(195, NULL, 1),
(196, NULL, 1),
(197, NULL, 1),
(198, NULL, 1),
(199, NULL, 1),
(200, NULL, 1),
(201, NULL, 1),
(202, NULL, 1),
(203, NULL, 1),
(204, NULL, 1),
(205, NULL, 1),
(206, NULL, 1),
(207, NULL, 1),
(208, NULL, 1),
(209, NULL, 1),
(210, NULL, 1),
(211, NULL, 1),
(212, NULL, 1),
(213, NULL, 1),
(214, NULL, 1),
(215, NULL, 1),
(216, NULL, 1),
(217, NULL, 1),
(218, NULL, 1),
(219, NULL, 1),
(220, NULL, 1),
(221, NULL, 1),
(222, NULL, 1),
(223, NULL, 1),
(224, NULL, 1),
(225, NULL, 1),
(226, NULL, 1),
(227, NULL, 1),
(228, NULL, 1),
(229, NULL, 1),
(230, NULL, 1),
(231, NULL, 1),
(232, NULL, 1),
(233, NULL, 1),
(234, NULL, 1),
(235, NULL, 1),
(236, NULL, 1),
(237, NULL, 1),
(238, NULL, 1),
(239, NULL, 1),
(240, NULL, 1),
(241, NULL, 1),
(242, NULL, 1),
(243, NULL, 1),
(244, NULL, 1),
(245, NULL, 1),
(246, NULL, 1),
(247, NULL, 1),
(248, NULL, 1),
(249, NULL, 1),
(250, NULL, 1),
(251, NULL, 1),
(252, NULL, 1);

-- --------------------------------------------------------

--
-- Структура таблицы `good_attribute`
--

CREATE TABLE IF NOT EXISTS `good_attribute` (
`id` int(11) unsigned NOT NULL,
  `good_id` int(10) unsigned NOT NULL,
  `attribute_id` int(10) unsigned NOT NULL,
  `int_value` int(11) DEFAULT NULL,
  `varchar_value` varchar(255) DEFAULT NULL,
  `text_value` text,
  `float_value` float DEFAULT NULL,
  `variant_id` int(10) unsigned DEFAULT NULL
) ENGINE=InnoDB AUTO_INCREMENT=5385 DEFAULT CHARSET=utf8;

--
-- Дамп данных таблицы `good_attribute`
--

INSERT INTO `good_attribute` (`id`, `good_id`, `attribute_id`, `int_value`, `varchar_value`, `text_value`, `float_value`, `variant_id`) VALUES
(1, 1, 3, NULL, '1011', NULL, NULL, NULL),
(3, 1, 23, NULL, NULL, NULL, NULL, 463),
(4, 1, 27, NULL, NULL, NULL, NULL, 401),
(5, 1, 16, NULL, NULL, NULL, NULL, 185),
(6, 1, 17, NULL, NULL, NULL, NULL, 209),
(7, 1, 9, NULL, NULL, NULL, NULL, 129),
(8, 1, 8, NULL, NULL, NULL, NULL, 115),
(9, 1, 7, NULL, NULL, NULL, NULL, 99),
(10, 1, 28, NULL, NULL, NULL, NULL, 815),
(11, 1, 18, NULL, NULL, NULL, NULL, 423),
(12, 1, 19, NULL, NULL, NULL, NULL, 349),
(13, 1, 10, NULL, NULL, NULL, NULL, 151),
(14, 1, 12, 65, NULL, NULL, NULL, NULL),
(15, 1, 13, 70, NULL, NULL, NULL, NULL),
(16, 1, 14, 0, NULL, NULL, NULL, NULL),
(17, 1, 15, 0, NULL, NULL, NULL, NULL),
(18, 1, 29, NULL, NULL, NULL, NULL, 407),
(19, 1, 11, NULL, NULL, NULL, NULL, 819),
(20, 1, 20, 7900, NULL, NULL, NULL, NULL),
(21, 2, 3, NULL, '1012', NULL, NULL, NULL),
(23, 2, 23, NULL, NULL, NULL, NULL, 463),
(24, 2, 27, NULL, NULL, NULL, NULL, 401),
(25, 2, 16, NULL, NULL, NULL, NULL, 175),
(26, 2, 17, NULL, NULL, NULL, NULL, 294),
(27, 2, 9, NULL, NULL, NULL, NULL, 129),
(28, 2, 8, NULL, NULL, NULL, NULL, 116),
(29, 2, 7, NULL, NULL, NULL, NULL, 100),
(30, 2, 28, NULL, NULL, NULL, NULL, 815),
(31, 2, 18, NULL, NULL, NULL, NULL, 431),
(32, 2, 19, NULL, NULL, NULL, NULL, 349),
(33, 2, 10, NULL, NULL, NULL, NULL, 153),
(34, 2, 12, 71, NULL, NULL, NULL, NULL),
(35, 2, 13, 71, NULL, NULL, NULL, NULL),
(36, 2, 14, 0, NULL, NULL, NULL, NULL),
(37, 2, 15, 0, NULL, NULL, NULL, NULL),
(38, 2, 29, NULL, NULL, NULL, NULL, 406),
(39, 2, 11, NULL, NULL, NULL, NULL, 834),
(40, 2, 20, 5000, NULL, NULL, NULL, NULL),
(41, 3, 3, NULL, '1016', NULL, NULL, NULL),
(43, 3, 23, NULL, NULL, NULL, NULL, 463),
(44, 3, 27, NULL, NULL, NULL, NULL, 401),
(45, 3, 16, NULL, NULL, NULL, NULL, 161),
(46, 3, 17, NULL, NULL, NULL, NULL, 788),
(47, 3, 9, NULL, NULL, NULL, NULL, 130),
(48, 3, 8, NULL, NULL, NULL, NULL, 118),
(49, 3, 7, NULL, NULL, NULL, NULL, 99),
(50, 3, 28, NULL, NULL, NULL, NULL, 817),
(51, 3, 18, NULL, NULL, NULL, NULL, 439),
(52, 3, 19, NULL, NULL, NULL, NULL, 348),
(53, 3, 10, NULL, NULL, NULL, NULL, 152),
(54, 3, 12, 71, NULL, NULL, NULL, NULL),
(55, 3, 13, 72, NULL, NULL, NULL, NULL),
(56, 3, 14, 73, NULL, NULL, NULL, NULL),
(57, 3, 15, 74, NULL, NULL, NULL, NULL),
(58, 3, 29, NULL, NULL, NULL, NULL, 406),
(59, 3, 11, NULL, NULL, NULL, NULL, 838),
(60, 3, 20, 21000, NULL, NULL, NULL, NULL),
(61, 4, 3, NULL, '1030', NULL, NULL, NULL),
(63, 4, 23, NULL, NULL, NULL, NULL, 463),
(64, 4, 27, NULL, NULL, NULL, NULL, 401),
(65, 4, 16, NULL, NULL, NULL, NULL, 159),
(66, 4, 17, NULL, NULL, NULL, NULL, 217),
(67, 4, 9, NULL, NULL, NULL, NULL, 130),
(68, 4, 8, NULL, NULL, NULL, NULL, 119),
(69, 4, 7, NULL, NULL, NULL, NULL, 101),
(70, 4, 28, NULL, NULL, NULL, NULL, 817),
(71, 4, 18, NULL, NULL, NULL, NULL, 443),
(72, 4, 19, NULL, NULL, NULL, NULL, 348),
(73, 4, 10, NULL, NULL, NULL, NULL, 152),
(74, 4, 12, 40, NULL, NULL, NULL, NULL),
(75, 4, 13, 42, NULL, NULL, NULL, NULL),
(76, 4, 14, 57, NULL, NULL, NULL, NULL),
(77, 4, 15, 59, NULL, NULL, NULL, NULL),
(78, 4, 29, NULL, NULL, NULL, NULL, 409),
(79, 4, 11, NULL, NULL, NULL, NULL, 819),
(80, 4, 20, 14500, NULL, NULL, NULL, NULL),
(81, 5, 3, NULL, '1034-1', NULL, NULL, NULL),
(83, 5, 23, NULL, NULL, NULL, NULL, 463),
(84, 5, 27, NULL, NULL, NULL, NULL, 401),
(85, 5, 16, NULL, NULL, NULL, NULL, 162),
(86, 5, 17, NULL, NULL, NULL, NULL, 844),
(87, 5, 9, NULL, NULL, NULL, NULL, 131),
(88, 5, 8, NULL, NULL, NULL, NULL, 118),
(89, 5, 7, NULL, NULL, NULL, NULL, 101),
(90, 5, 28, NULL, NULL, NULL, NULL, 815),
(91, 5, 18, NULL, NULL, NULL, NULL, 441),
(92, 5, 19, NULL, NULL, NULL, NULL, 348),
(93, 5, 10, NULL, NULL, NULL, NULL, 149),
(94, 5, 12, 39, NULL, NULL, NULL, NULL),
(95, 5, 13, 41, NULL, NULL, NULL, NULL),
(96, 5, 14, 0, NULL, NULL, NULL, NULL),
(97, 5, 15, 0, NULL, NULL, NULL, NULL),
(98, 5, 29, NULL, NULL, NULL, NULL, 410),
(99, 5, 11, NULL, NULL, NULL, NULL, 819),
(100, 5, 20, 4500, NULL, NULL, NULL, NULL),
(101, 6, 3, NULL, '1034-2', NULL, NULL, NULL),
(103, 6, 23, NULL, NULL, NULL, NULL, 463),
(104, 6, 27, NULL, NULL, NULL, NULL, 401),
(105, 6, 16, NULL, NULL, NULL, NULL, 164),
(106, 6, 17, NULL, NULL, NULL, NULL, 336),
(107, 6, 9, NULL, NULL, NULL, NULL, 131),
(108, 6, 8, NULL, NULL, NULL, NULL, 118),
(109, 6, 7, NULL, NULL, NULL, NULL, 101),
(110, 6, 28, NULL, NULL, NULL, NULL, 814),
(111, 6, 18, NULL, NULL, NULL, NULL, 445),
(112, 6, 19, NULL, NULL, NULL, NULL, 349),
(113, 6, 10, NULL, NULL, NULL, NULL, 151),
(114, 6, 12, 42, NULL, NULL, NULL, NULL),
(115, 6, 13, 0, NULL, NULL, NULL, NULL),
(116, 6, 14, 0, NULL, NULL, NULL, NULL),
(117, 6, 15, 0, NULL, NULL, NULL, NULL),
(118, 6, 29, NULL, NULL, NULL, NULL, 410),
(119, 6, 11, NULL, NULL, NULL, NULL, 819),
(120, 6, 20, 3500, NULL, NULL, NULL, NULL),
(121, 7, 3, NULL, '1037', NULL, NULL, NULL),
(123, 7, 23, NULL, NULL, NULL, NULL, 463),
(124, 7, 27, NULL, NULL, NULL, NULL, 401),
(125, 7, 16, NULL, NULL, NULL, NULL, 159),
(126, 7, 17, NULL, NULL, NULL, NULL, 758),
(127, 7, 9, NULL, NULL, NULL, NULL, 129),
(128, 7, 8, NULL, NULL, NULL, NULL, 117),
(129, 7, 7, NULL, NULL, NULL, NULL, 100),
(130, 7, 28, NULL, NULL, NULL, NULL, 817),
(131, 7, 18, NULL, NULL, NULL, NULL, 434),
(132, 7, 19, NULL, NULL, NULL, NULL, 348),
(133, 7, 10, NULL, NULL, NULL, NULL, 147),
(134, 7, 12, 30, NULL, NULL, NULL, NULL),
(135, 7, 13, 31, NULL, NULL, NULL, NULL),
(136, 7, 14, 34, NULL, NULL, NULL, NULL),
(137, 7, 15, 36, NULL, NULL, NULL, NULL),
(138, 7, 29, NULL, NULL, NULL, NULL, 411),
(139, 7, 11, NULL, NULL, NULL, NULL, 819),
(140, 7, 20, 6900, NULL, NULL, NULL, NULL),
(141, 8, 3, NULL, '1038', NULL, NULL, NULL),
(143, 8, 23, NULL, NULL, NULL, NULL, 465),
(144, 8, 27, NULL, NULL, NULL, NULL, 401),
(145, 8, 16, NULL, NULL, NULL, NULL, 183),
(146, 8, 17, NULL, NULL, NULL, NULL, 845),
(147, 8, 9, NULL, NULL, NULL, NULL, 128),
(148, 8, 8, NULL, NULL, NULL, NULL, 119),
(149, 8, 7, NULL, NULL, NULL, NULL, 99),
(150, 8, 28, NULL, NULL, NULL, NULL, 815),
(151, 8, 18, NULL, NULL, NULL, NULL, 435),
(152, 8, 19, NULL, NULL, NULL, NULL, 343),
(153, 8, 10, NULL, NULL, NULL, NULL, 142),
(154, 8, 12, 61, NULL, NULL, NULL, NULL),
(155, 8, 13, 68, NULL, NULL, NULL, NULL),
(156, 8, 14, 0, NULL, NULL, NULL, NULL),
(157, 8, 15, 0, NULL, NULL, NULL, NULL),
(158, 8, 29, NULL, NULL, NULL, NULL, 408),
(159, 8, 11, NULL, NULL, NULL, NULL, 819),
(160, 8, 20, 4000, NULL, NULL, NULL, NULL),
(161, 9, 3, NULL, '1040', NULL, NULL, NULL),
(163, 9, 23, NULL, NULL, NULL, NULL, 463),
(164, 9, 27, NULL, NULL, NULL, NULL, 401),
(165, 9, 16, NULL, NULL, NULL, NULL, 162),
(166, 9, 17, NULL, NULL, NULL, NULL, 846),
(167, 9, 9, NULL, NULL, NULL, NULL, 130),
(168, 9, 8, NULL, NULL, NULL, NULL, 117),
(169, 9, 7, NULL, NULL, NULL, NULL, 102),
(170, 9, 28, NULL, NULL, NULL, NULL, 815),
(171, 9, 18, NULL, NULL, NULL, NULL, 440),
(172, 9, 19, NULL, NULL, NULL, NULL, 350),
(173, 9, 10, NULL, NULL, NULL, NULL, 150),
(174, 9, 12, 48, NULL, NULL, NULL, NULL),
(175, 9, 13, 51, NULL, NULL, NULL, NULL),
(176, 9, 14, 0, NULL, NULL, NULL, NULL),
(177, 9, 15, 0, NULL, NULL, NULL, NULL),
(178, 9, 29, NULL, NULL, NULL, NULL, 409),
(179, 9, 11, NULL, NULL, NULL, NULL, 821),
(180, 9, 20, 8900, NULL, NULL, NULL, NULL),
(181, 10, 3, NULL, '1041', NULL, NULL, NULL),
(183, 10, 23, NULL, NULL, NULL, NULL, 463),
(184, 10, 27, NULL, NULL, NULL, NULL, 401),
(185, 10, 16, NULL, NULL, NULL, NULL, 179),
(186, 10, 17, NULL, NULL, NULL, NULL, 847),
(187, 10, 9, NULL, NULL, NULL, NULL, 128),
(188, 10, 8, NULL, NULL, NULL, NULL, 119),
(189, 10, 7, NULL, NULL, NULL, NULL, 99),
(190, 10, 28, NULL, NULL, NULL, NULL, 817),
(191, 10, 18, NULL, NULL, NULL, NULL, 439),
(192, 10, 19, NULL, NULL, NULL, NULL, 347),
(193, 10, 10, NULL, NULL, NULL, NULL, 152),
(194, 10, 12, 74, NULL, NULL, NULL, NULL),
(195, 10, 13, 75, NULL, NULL, NULL, NULL),
(196, 10, 14, 76, NULL, NULL, NULL, NULL),
(197, 10, 15, 77, NULL, NULL, NULL, NULL),
(198, 10, 29, NULL, NULL, NULL, NULL, 406),
(199, 10, 11, NULL, NULL, NULL, NULL, 832),
(200, 10, 20, 18000, NULL, NULL, NULL, NULL),
(201, 11, 3, NULL, '1042', NULL, NULL, NULL),
(203, 11, 23, NULL, NULL, NULL, NULL, 463),
(204, 11, 27, NULL, NULL, NULL, NULL, 401),
(205, 11, 16, NULL, NULL, NULL, NULL, 179),
(206, 11, 17, NULL, NULL, NULL, NULL, 848),
(207, 11, 9, NULL, NULL, NULL, NULL, 128),
(208, 11, 8, NULL, NULL, NULL, NULL, 119),
(209, 11, 7, NULL, NULL, NULL, NULL, 99),
(210, 11, 28, NULL, NULL, NULL, NULL, 817),
(211, 11, 18, NULL, NULL, NULL, NULL, 439),
(212, 11, 19, NULL, NULL, NULL, NULL, 348),
(213, 11, 10, NULL, NULL, NULL, NULL, 152),
(214, 11, 12, 57, NULL, NULL, NULL, NULL),
(215, 11, 13, 59, NULL, NULL, NULL, NULL),
(216, 11, 14, 62, NULL, NULL, NULL, NULL),
(217, 11, 15, 67, NULL, NULL, NULL, NULL),
(218, 11, 29, NULL, NULL, NULL, NULL, 408),
(219, 11, 11, NULL, NULL, NULL, NULL, 832),
(220, 11, 20, 16000, NULL, NULL, NULL, NULL),
(221, 12, 3, NULL, '1043', NULL, NULL, NULL),
(223, 12, 23, NULL, NULL, NULL, NULL, 463),
(224, 12, 27, NULL, NULL, NULL, NULL, 401),
(225, 12, 16, NULL, NULL, NULL, NULL, 159),
(226, 12, 17, NULL, NULL, NULL, NULL, 849),
(227, 12, 9, NULL, NULL, NULL, NULL, 128),
(228, 12, 8, NULL, NULL, NULL, NULL, 120),
(229, 12, 7, NULL, NULL, NULL, NULL, 98),
(230, 12, 28, NULL, NULL, NULL, NULL, 817),
(231, 12, 18, NULL, NULL, NULL, NULL, 435),
(232, 12, 19, NULL, NULL, NULL, NULL, 347),
(233, 12, 10, NULL, NULL, NULL, NULL, 147),
(234, 12, 12, 62, NULL, NULL, NULL, NULL),
(235, 12, 13, 66, NULL, NULL, NULL, NULL),
(236, 12, 14, 67, NULL, NULL, NULL, NULL),
(237, 12, 15, 69, NULL, NULL, NULL, NULL),
(238, 12, 29, NULL, NULL, NULL, NULL, 407),
(239, 12, 11, NULL, NULL, NULL, NULL, 819),
(240, 12, 20, 8000, NULL, NULL, NULL, NULL),
(241, 13, 3, NULL, '1046', NULL, NULL, NULL),
(243, 13, 23, NULL, NULL, NULL, NULL, 463),
(244, 13, 27, NULL, NULL, NULL, NULL, 401),
(245, 13, 16, NULL, NULL, NULL, NULL, 175),
(246, 13, 17, NULL, NULL, NULL, NULL, 294),
(247, 13, 9, NULL, NULL, NULL, NULL, 129),
(248, 13, 8, NULL, NULL, NULL, NULL, 116),
(249, 13, 7, NULL, NULL, NULL, NULL, 100),
(250, 13, 28, NULL, NULL, NULL, NULL, 817),
(251, 13, 18, NULL, NULL, NULL, NULL, 434),
(252, 13, 19, NULL, NULL, NULL, NULL, 349),
(253, 13, 10, NULL, NULL, NULL, NULL, 152),
(254, 13, 12, 55, NULL, NULL, NULL, NULL),
(255, 13, 13, 57, NULL, NULL, NULL, NULL),
(256, 13, 14, 78, NULL, NULL, NULL, NULL),
(257, 13, 15, 78, NULL, NULL, NULL, NULL),
(258, 13, 29, NULL, NULL, NULL, NULL, 407),
(259, 13, 11, NULL, NULL, NULL, NULL, 834),
(260, 13, 20, 16000, NULL, NULL, NULL, NULL),
(261, 14, 3, NULL, '1047', NULL, NULL, NULL),
(263, 14, 23, NULL, NULL, NULL, NULL, 463),
(264, 14, 27, NULL, NULL, NULL, NULL, 401),
(265, 14, 16, NULL, NULL, NULL, NULL, 850),
(266, 14, 17, NULL, NULL, NULL, NULL, 851),
(267, 14, 9, NULL, NULL, NULL, NULL, 130),
(268, 14, 8, NULL, NULL, NULL, NULL, 116),
(269, 14, 7, NULL, NULL, NULL, NULL, 100),
(270, 14, 28, NULL, NULL, NULL, NULL, 817),
(271, 14, 18, NULL, NULL, NULL, NULL, 431),
(272, 14, 19, NULL, NULL, NULL, NULL, 349),
(273, 14, 10, NULL, NULL, NULL, NULL, 154),
(274, 14, 12, 67, NULL, NULL, NULL, NULL),
(275, 14, 13, 68, NULL, NULL, NULL, NULL),
(276, 14, 14, 70, NULL, NULL, NULL, NULL),
(277, 14, 15, 72, NULL, NULL, NULL, NULL),
(278, 14, 29, NULL, NULL, NULL, NULL, 407),
(279, 14, 11, NULL, NULL, NULL, NULL, 824),
(280, 14, 20, 17000, NULL, NULL, NULL, NULL),
(281, 15, 3, NULL, '1048', NULL, NULL, NULL),
(283, 15, 23, NULL, NULL, NULL, NULL, 463),
(284, 15, 27, NULL, NULL, NULL, NULL, 401),
(285, 15, 16, NULL, NULL, NULL, NULL, 159),
(286, 15, 17, NULL, NULL, NULL, NULL, 219),
(287, 15, 9, NULL, NULL, NULL, NULL, 130),
(288, 15, 8, NULL, NULL, NULL, NULL, 119),
(289, 15, 7, NULL, NULL, NULL, NULL, 104),
(290, 15, 28, NULL, NULL, NULL, NULL, 817),
(291, 15, 18, NULL, NULL, NULL, NULL, 450),
(292, 15, 19, NULL, NULL, NULL, NULL, 347),
(293, 15, 10, NULL, NULL, NULL, NULL, 152),
(294, 15, 12, 42, NULL, NULL, NULL, NULL),
(295, 15, 13, 48, NULL, NULL, NULL, NULL),
(296, 15, 14, 49, NULL, NULL, NULL, NULL),
(297, 15, 15, 50, NULL, NULL, NULL, NULL),
(298, 15, 29, NULL, NULL, NULL, NULL, 409),
(299, 15, 11, NULL, NULL, NULL, NULL, 819),
(300, 15, 20, 8000, NULL, NULL, NULL, NULL),
(301, 16, 3, NULL, '1049', NULL, NULL, NULL),
(303, 16, 23, NULL, NULL, NULL, NULL, 463),
(304, 16, 27, NULL, NULL, NULL, NULL, 401),
(305, 16, 16, NULL, NULL, NULL, NULL, 159),
(306, 16, 17, NULL, NULL, NULL, NULL, 219),
(307, 16, 9, NULL, NULL, NULL, NULL, 130),
(308, 16, 8, NULL, NULL, NULL, NULL, 119),
(309, 16, 7, NULL, NULL, NULL, NULL, 104),
(310, 16, 28, NULL, NULL, NULL, NULL, 817),
(311, 16, 18, NULL, NULL, NULL, NULL, 450),
(312, 16, 19, NULL, NULL, NULL, NULL, 347),
(313, 16, 10, NULL, NULL, NULL, NULL, 151),
(314, 16, 12, 62, NULL, NULL, NULL, NULL),
(315, 16, 13, 63, NULL, NULL, NULL, NULL),
(316, 16, 14, 73, NULL, NULL, NULL, NULL),
(317, 16, 15, 78, NULL, NULL, NULL, NULL),
(318, 16, 29, NULL, NULL, NULL, NULL, 407),
(319, 16, 11, NULL, NULL, NULL, NULL, 819),
(320, 16, 20, 27000, NULL, NULL, NULL, NULL),
(321, 17, 3, NULL, '1050', NULL, NULL, NULL),
(323, 17, 23, NULL, NULL, NULL, NULL, 463),
(324, 17, 27, NULL, NULL, NULL, NULL, 401),
(325, 17, 16, NULL, NULL, NULL, NULL, 159),
(326, 17, 17, NULL, NULL, NULL, NULL, 219),
(327, 17, 9, NULL, NULL, NULL, NULL, 130),
(328, 17, 8, NULL, NULL, NULL, NULL, 119),
(329, 17, 7, NULL, NULL, NULL, NULL, 104),
(330, 17, 28, NULL, NULL, NULL, NULL, 817),
(331, 17, 18, NULL, NULL, NULL, NULL, 450),
(332, 17, 19, NULL, NULL, NULL, NULL, 347),
(333, 17, 10, NULL, NULL, NULL, NULL, 151),
(334, 17, 12, 45, NULL, NULL, NULL, NULL),
(335, 17, 13, 45, NULL, NULL, NULL, NULL),
(336, 17, 14, 47, NULL, NULL, NULL, NULL),
(337, 17, 15, 50, NULL, NULL, NULL, NULL),
(338, 17, 29, NULL, NULL, NULL, NULL, 410),
(339, 17, 11, NULL, NULL, NULL, NULL, 819),
(340, 17, 20, 12000, NULL, NULL, NULL, NULL),
(341, 18, 3, NULL, '1051', NULL, NULL, NULL),
(343, 18, 23, NULL, NULL, NULL, NULL, 463),
(344, 18, 27, NULL, NULL, NULL, NULL, 401),
(345, 18, 16, NULL, NULL, NULL, NULL, 159),
(346, 18, 17, NULL, NULL, NULL, NULL, 219),
(347, 18, 9, NULL, NULL, NULL, NULL, 130),
(348, 18, 8, NULL, NULL, NULL, NULL, 119),
(349, 18, 7, NULL, NULL, NULL, NULL, 104),
(350, 18, 28, NULL, NULL, NULL, NULL, 817),
(351, 18, 18, NULL, NULL, NULL, NULL, 450),
(352, 18, 19, NULL, NULL, NULL, NULL, 347),
(353, 18, 10, NULL, NULL, NULL, NULL, 151),
(354, 18, 12, 54, NULL, NULL, NULL, NULL),
(355, 18, 13, 55, NULL, NULL, NULL, NULL),
(356, 18, 14, 58, NULL, NULL, NULL, NULL),
(357, 18, 15, 60, NULL, NULL, NULL, NULL),
(358, 18, 29, NULL, NULL, NULL, NULL, 408),
(359, 18, 11, NULL, NULL, NULL, NULL, 819),
(360, 18, 20, 22000, NULL, NULL, NULL, NULL),
(361, 19, 3, NULL, '3002', NULL, NULL, NULL),
(363, 19, 23, NULL, NULL, NULL, NULL, 762),
(364, 19, 27, NULL, NULL, NULL, NULL, 401),
(365, 19, 16, NULL, NULL, NULL, NULL, 179),
(366, 19, 17, NULL, NULL, NULL, NULL, 249),
(367, 19, 9, NULL, NULL, NULL, NULL, 130),
(368, 19, 8, NULL, NULL, NULL, NULL, 120),
(369, 19, 7, NULL, NULL, NULL, NULL, 101),
(370, 19, 28, NULL, NULL, NULL, NULL, 817),
(371, 19, 18, NULL, NULL, NULL, NULL, 450),
(372, 19, 19, NULL, NULL, NULL, NULL, 793),
(373, 19, 10, NULL, NULL, NULL, NULL, 151),
(374, 19, 12, 100, NULL, NULL, NULL, NULL),
(375, 19, 13, 100, NULL, NULL, NULL, NULL),
(376, 19, 14, 101, NULL, NULL, NULL, NULL),
(377, 19, 15, 102, NULL, NULL, NULL, NULL),
(378, 19, 29, NULL, NULL, NULL, NULL, 406),
(379, 19, 11, NULL, NULL, NULL, NULL, 832),
(380, 19, 20, 28800, NULL, NULL, NULL, NULL),
(381, 20, 3, NULL, '3003', NULL, NULL, NULL),
(383, 20, 23, NULL, NULL, NULL, NULL, 762),
(384, 20, 27, NULL, NULL, NULL, NULL, 401),
(385, 20, 16, NULL, NULL, NULL, NULL, 179),
(386, 20, 17, NULL, NULL, NULL, NULL, 249),
(387, 20, 9, NULL, NULL, NULL, NULL, 130),
(388, 20, 8, NULL, NULL, NULL, NULL, 119),
(389, 20, 7, NULL, NULL, NULL, NULL, 106),
(390, 20, 28, NULL, NULL, NULL, NULL, 817),
(391, 20, 18, NULL, NULL, NULL, NULL, 456),
(392, 20, 19, NULL, NULL, NULL, NULL, 346),
(393, 20, 10, NULL, NULL, NULL, NULL, 149),
(394, 20, 12, 66, NULL, NULL, NULL, NULL),
(395, 20, 13, 68, NULL, NULL, NULL, NULL),
(396, 20, 14, 69, NULL, NULL, NULL, NULL),
(397, 20, 15, 69, NULL, NULL, NULL, NULL),
(398, 20, 29, NULL, NULL, NULL, NULL, 407),
(399, 20, 11, NULL, NULL, NULL, NULL, 832),
(400, 20, 20, 17400, NULL, NULL, NULL, NULL),
(401, 21, 3, NULL, '3004', NULL, NULL, NULL),
(403, 21, 23, NULL, NULL, NULL, NULL, 762),
(404, 21, 27, NULL, NULL, NULL, NULL, 401),
(405, 21, 16, NULL, NULL, NULL, NULL, 175),
(406, 21, 17, NULL, NULL, NULL, NULL, 334),
(407, 21, 9, NULL, NULL, NULL, NULL, 132),
(408, 21, 8, NULL, NULL, NULL, NULL, 117),
(409, 21, 7, NULL, NULL, NULL, NULL, 106),
(410, 21, 28, NULL, NULL, NULL, NULL, 817),
(411, 21, 18, NULL, NULL, NULL, NULL, 456),
(412, 21, 19, NULL, NULL, NULL, NULL, 346),
(413, 21, 10, NULL, NULL, NULL, NULL, 153),
(414, 21, 12, 96, NULL, NULL, NULL, NULL),
(415, 21, 13, 97, NULL, NULL, NULL, NULL),
(416, 21, 14, 98, NULL, NULL, NULL, NULL),
(417, 21, 15, 99, NULL, NULL, NULL, NULL),
(418, 21, 29, NULL, NULL, NULL, NULL, 406),
(419, 21, 11, NULL, NULL, NULL, NULL, 839),
(420, 21, 20, 50000, NULL, NULL, NULL, NULL),
(421, 22, 3, NULL, '3007', NULL, NULL, NULL),
(423, 22, 23, NULL, NULL, NULL, NULL, 762),
(424, 22, 27, NULL, NULL, NULL, NULL, 401),
(425, 22, 16, NULL, NULL, NULL, NULL, 159),
(426, 22, 17, NULL, NULL, NULL, NULL, 253),
(427, 22, 9, NULL, NULL, NULL, NULL, 130),
(428, 22, 8, NULL, NULL, NULL, NULL, 119),
(429, 22, 7, NULL, NULL, NULL, NULL, 104),
(430, 22, 28, NULL, NULL, NULL, NULL, 817),
(431, 22, 18, NULL, NULL, NULL, NULL, 454),
(432, 22, 19, NULL, NULL, NULL, NULL, 793),
(433, 22, 10, NULL, NULL, NULL, NULL, 153),
(434, 22, 12, 92, NULL, NULL, NULL, NULL),
(435, 22, 13, 92, NULL, NULL, NULL, NULL),
(436, 22, 14, 93, NULL, NULL, NULL, NULL),
(437, 22, 15, 94, NULL, NULL, NULL, NULL),
(438, 22, 29, NULL, NULL, NULL, NULL, 406),
(439, 22, 11, NULL, NULL, NULL, NULL, 819),
(440, 22, 20, 28800, NULL, NULL, NULL, NULL),
(441, 23, 3, NULL, '3009', NULL, NULL, NULL),
(443, 23, 23, NULL, NULL, NULL, NULL, 465),
(444, 23, 27, NULL, NULL, NULL, NULL, 401),
(445, 23, 16, NULL, NULL, NULL, NULL, 179),
(446, 23, 17, NULL, NULL, NULL, NULL, 247),
(447, 23, 9, NULL, NULL, NULL, NULL, 129),
(448, 23, 8, NULL, NULL, NULL, NULL, 120),
(449, 23, 7, NULL, NULL, NULL, NULL, 104),
(450, 23, 28, NULL, NULL, NULL, NULL, 817),
(451, 23, 18, NULL, NULL, NULL, NULL, 456),
(452, 23, 19, NULL, NULL, NULL, NULL, 344),
(453, 23, 10, NULL, NULL, NULL, NULL, 154),
(454, 23, 12, 69, NULL, NULL, NULL, NULL),
(455, 23, 13, 70, NULL, NULL, NULL, NULL),
(456, 23, 14, 72, NULL, NULL, NULL, NULL),
(457, 23, 15, 74, NULL, NULL, NULL, NULL),
(458, 23, 29, NULL, NULL, NULL, NULL, 407),
(459, 23, 11, NULL, NULL, NULL, NULL, 832),
(460, 23, 20, 19200, NULL, NULL, NULL, NULL),
(461, 24, 3, NULL, '3010', NULL, NULL, NULL),
(463, 24, 23, NULL, NULL, NULL, NULL, 465),
(464, 24, 27, NULL, NULL, NULL, NULL, 401),
(465, 24, 16, NULL, NULL, NULL, NULL, 162),
(466, 24, 17, NULL, NULL, NULL, NULL, 313),
(467, 24, 9, NULL, NULL, NULL, NULL, 130),
(468, 24, 8, NULL, NULL, NULL, NULL, 119),
(469, 24, 7, NULL, NULL, NULL, NULL, 106),
(470, 24, 28, NULL, NULL, NULL, NULL, 817),
(471, 24, 18, NULL, NULL, NULL, NULL, 456),
(472, 24, 19, NULL, NULL, NULL, NULL, 343),
(473, 24, 10, NULL, NULL, NULL, NULL, 153),
(474, 24, 12, 89, NULL, NULL, NULL, NULL),
(475, 24, 13, 89, NULL, NULL, NULL, NULL),
(476, 24, 14, 92, NULL, NULL, NULL, NULL),
(477, 24, 15, 92, NULL, NULL, NULL, NULL),
(478, 24, 29, NULL, NULL, NULL, NULL, 406),
(479, 24, 11, NULL, NULL, NULL, NULL, 819),
(480, 24, 20, 28800, NULL, NULL, NULL, NULL),
(481, 25, 3, NULL, '3011', NULL, NULL, NULL),
(483, 25, 23, NULL, NULL, NULL, NULL, 762),
(484, 25, 27, NULL, NULL, NULL, NULL, 401),
(485, 25, 16, NULL, NULL, NULL, NULL, 746),
(486, 25, 17, NULL, NULL, NULL, NULL, 254),
(487, 25, 9, NULL, NULL, NULL, NULL, 130),
(488, 25, 8, NULL, NULL, NULL, NULL, 119),
(489, 25, 7, NULL, NULL, NULL, NULL, 104),
(490, 25, 28, NULL, NULL, NULL, NULL, 817),
(491, 25, 18, NULL, NULL, NULL, NULL, 450),
(492, 25, 19, NULL, NULL, NULL, NULL, 346),
(493, 25, 10, NULL, NULL, NULL, NULL, 155),
(494, 25, 12, 100, NULL, NULL, NULL, NULL),
(495, 25, 13, 100, NULL, NULL, NULL, NULL),
(496, 25, 14, 100, NULL, NULL, NULL, NULL),
(497, 25, 15, 100, NULL, NULL, NULL, NULL),
(498, 25, 29, NULL, NULL, NULL, NULL, 406),
(499, 25, 11, NULL, NULL, NULL, NULL, 835),
(500, 25, 20, 35000, NULL, NULL, NULL, NULL),
(501, 26, 3, NULL, '3012', NULL, NULL, NULL),
(503, 26, 23, NULL, NULL, NULL, NULL, 762),
(504, 26, 27, NULL, NULL, NULL, NULL, 401),
(505, 26, 16, NULL, NULL, NULL, NULL, 179),
(506, 26, 17, NULL, NULL, NULL, NULL, 246),
(507, 26, 9, NULL, NULL, NULL, NULL, 130),
(508, 26, 8, NULL, NULL, NULL, NULL, 119),
(509, 26, 7, NULL, NULL, NULL, NULL, 104),
(510, 26, 28, NULL, NULL, NULL, NULL, 817),
(511, 26, 18, NULL, NULL, NULL, NULL, 454),
(512, 26, 19, NULL, NULL, NULL, NULL, 793),
(513, 26, 10, NULL, NULL, NULL, NULL, 152),
(514, 26, 12, 87, NULL, NULL, NULL, NULL),
(515, 26, 13, 89, NULL, NULL, NULL, NULL),
(516, 26, 14, 91, NULL, NULL, NULL, NULL),
(517, 26, 15, 91, NULL, NULL, NULL, NULL),
(518, 26, 29, NULL, NULL, NULL, NULL, 406),
(519, 26, 11, NULL, NULL, NULL, NULL, 832),
(520, 26, 20, 31000, NULL, NULL, NULL, NULL),
(521, 27, 3, NULL, '3013', NULL, NULL, NULL),
(523, 27, 23, NULL, NULL, NULL, NULL, 463),
(524, 27, 27, NULL, NULL, NULL, NULL, 401),
(525, 27, 16, NULL, NULL, NULL, NULL, 159),
(526, 27, 17, NULL, NULL, NULL, NULL, 216),
(527, 27, 9, NULL, NULL, NULL, NULL, 131),
(528, 27, 8, NULL, NULL, NULL, NULL, 118),
(529, 27, 7, NULL, NULL, NULL, NULL, 102),
(530, 27, 28, NULL, NULL, NULL, NULL, 817),
(531, 27, 18, NULL, NULL, NULL, NULL, 443),
(532, 27, 19, NULL, NULL, NULL, NULL, 345),
(533, 27, 10, NULL, NULL, NULL, NULL, 153),
(534, 27, 12, 51, NULL, NULL, NULL, NULL),
(535, 27, 13, 52, NULL, NULL, NULL, NULL),
(536, 27, 14, 53, NULL, NULL, NULL, NULL),
(537, 27, 15, 53, NULL, NULL, NULL, NULL),
(538, 27, 29, NULL, NULL, NULL, NULL, 409),
(539, 27, 11, NULL, NULL, NULL, NULL, 819),
(540, 27, 20, 14000, NULL, NULL, NULL, NULL),
(541, 28, 3, NULL, '3016', NULL, NULL, NULL),
(543, 28, 23, NULL, NULL, NULL, NULL, 762),
(544, 28, 27, NULL, NULL, NULL, NULL, 401),
(545, 28, 16, NULL, NULL, NULL, NULL, 179),
(546, 28, 17, NULL, NULL, NULL, NULL, 246),
(547, 28, 9, NULL, NULL, NULL, NULL, 130),
(548, 28, 8, NULL, NULL, NULL, NULL, 119),
(549, 28, 7, NULL, NULL, NULL, NULL, 104),
(550, 28, 28, NULL, NULL, NULL, NULL, 817),
(551, 28, 18, NULL, NULL, NULL, NULL, 454),
(552, 28, 19, NULL, NULL, NULL, NULL, 346),
(553, 28, 10, NULL, NULL, NULL, NULL, 153),
(554, 28, 12, 94, NULL, NULL, NULL, NULL),
(555, 28, 13, 96, NULL, NULL, NULL, NULL),
(556, 28, 14, 97, NULL, NULL, NULL, NULL),
(557, 28, 15, 98, NULL, NULL, NULL, NULL),
(558, 28, 29, NULL, NULL, NULL, NULL, 406),
(559, 28, 11, NULL, NULL, NULL, NULL, 832),
(560, 28, 20, 45000, NULL, NULL, NULL, NULL),
(561, 29, 3, NULL, '3017', NULL, NULL, NULL),
(563, 29, 23, NULL, NULL, NULL, NULL, 762),
(564, 29, 27, NULL, NULL, NULL, NULL, 401),
(565, 29, 16, NULL, NULL, NULL, NULL, 179),
(566, 29, 17, NULL, NULL, NULL, NULL, 246),
(567, 29, 9, NULL, NULL, NULL, NULL, 132),
(568, 29, 8, NULL, NULL, NULL, NULL, 117),
(569, 29, 7, NULL, NULL, NULL, NULL, 106),
(570, 29, 28, NULL, NULL, NULL, NULL, 817),
(571, 29, 18, NULL, NULL, NULL, NULL, 456),
(572, 29, 19, NULL, NULL, NULL, NULL, 793),
(573, 29, 10, NULL, NULL, NULL, NULL, 153),
(574, 29, 12, 99, NULL, NULL, NULL, NULL),
(575, 29, 13, 100, NULL, NULL, NULL, NULL),
(576, 29, 14, 100, NULL, NULL, NULL, NULL),
(577, 29, 15, 100, NULL, NULL, NULL, NULL),
(578, 29, 29, NULL, NULL, NULL, NULL, 406),
(579, 29, 11, NULL, NULL, NULL, NULL, 832),
(580, 29, 20, 50000, NULL, NULL, NULL, NULL),
(581, 30, 3, NULL, '3018', NULL, NULL, NULL),
(583, 30, 23, NULL, NULL, NULL, NULL, 762),
(584, 30, 27, NULL, NULL, NULL, NULL, 401),
(585, 30, 16, NULL, NULL, NULL, NULL, 159),
(586, 30, 17, NULL, NULL, NULL, NULL, 253),
(587, 30, 9, NULL, NULL, NULL, NULL, 130),
(588, 30, 8, NULL, NULL, NULL, NULL, 119),
(589, 30, 7, NULL, NULL, NULL, NULL, 106),
(590, 30, 28, NULL, NULL, NULL, NULL, 817),
(591, 30, 18, NULL, NULL, NULL, NULL, 456),
(592, 30, 19, NULL, NULL, NULL, NULL, 793),
(593, 30, 10, NULL, NULL, NULL, NULL, 153),
(594, 30, 12, 88, NULL, NULL, NULL, NULL),
(595, 30, 13, 89, NULL, NULL, NULL, NULL),
(596, 30, 14, 89, NULL, NULL, NULL, NULL),
(597, 30, 15, 87, NULL, NULL, NULL, NULL),
(598, 30, 29, NULL, NULL, NULL, NULL, 406),
(599, 30, 11, NULL, NULL, NULL, NULL, 819),
(600, 30, 20, 26400, NULL, NULL, NULL, NULL),
(601, 31, 3, NULL, '3020', NULL, NULL, NULL),
(603, 31, 23, NULL, NULL, NULL, NULL, 762),
(604, 31, 27, NULL, NULL, NULL, NULL, 401),
(605, 31, 16, NULL, NULL, NULL, NULL, 179),
(606, 31, 17, NULL, NULL, NULL, NULL, 246),
(607, 31, 9, NULL, NULL, NULL, NULL, 130),
(608, 31, 8, NULL, NULL, NULL, NULL, 119),
(609, 31, 7, NULL, NULL, NULL, NULL, 104),
(610, 31, 28, NULL, NULL, NULL, NULL, 817),
(611, 31, 18, NULL, NULL, NULL, NULL, 454),
(612, 31, 19, NULL, NULL, NULL, NULL, 793),
(613, 31, 10, NULL, NULL, NULL, NULL, 151),
(614, 31, 12, 89, NULL, NULL, NULL, NULL),
(615, 31, 13, 91, NULL, NULL, NULL, NULL),
(616, 31, 14, 92, NULL, NULL, NULL, NULL),
(617, 31, 15, 95, NULL, NULL, NULL, NULL),
(618, 31, 29, NULL, NULL, NULL, NULL, 406),
(619, 31, 11, NULL, NULL, NULL, NULL, 832),
(620, 31, 20, 35000, NULL, NULL, NULL, NULL),
(621, 32, 3, NULL, '3022', NULL, NULL, NULL),
(623, 32, 23, NULL, NULL, NULL, NULL, 762),
(624, 32, 27, NULL, NULL, NULL, NULL, 401),
(625, 32, 16, NULL, NULL, NULL, NULL, 179),
(626, 32, 17, NULL, NULL, NULL, NULL, 246),
(627, 32, 9, NULL, NULL, NULL, NULL, 130),
(628, 32, 8, NULL, NULL, NULL, NULL, 119),
(629, 32, 7, NULL, NULL, NULL, NULL, 106),
(630, 32, 28, NULL, NULL, NULL, NULL, 817),
(631, 32, 18, NULL, NULL, NULL, NULL, 797),
(632, 32, 19, NULL, NULL, NULL, NULL, 793),
(633, 32, 10, NULL, NULL, NULL, NULL, 152),
(634, 32, 12, 85, NULL, NULL, NULL, NULL),
(635, 32, 13, 87, NULL, NULL, NULL, NULL),
(636, 32, 14, 91, NULL, NULL, NULL, NULL),
(637, 32, 15, 93, NULL, NULL, NULL, NULL),
(638, 32, 29, NULL, NULL, NULL, NULL, 406),
(639, 32, 11, NULL, NULL, NULL, NULL, 832),
(640, 32, 20, 39000, NULL, NULL, NULL, NULL),
(641, 33, 3, NULL, '3023', NULL, NULL, NULL),
(643, 33, 23, NULL, NULL, NULL, NULL, 762),
(644, 33, 27, NULL, NULL, NULL, NULL, 401),
(645, 33, 16, NULL, NULL, NULL, NULL, 179),
(646, 33, 17, NULL, NULL, NULL, NULL, 246),
(647, 33, 9, NULL, NULL, NULL, NULL, 130),
(648, 33, 8, NULL, NULL, NULL, NULL, 119),
(649, 33, 7, NULL, NULL, NULL, NULL, 106),
(650, 33, 28, NULL, NULL, NULL, NULL, 817),
(651, 33, 18, NULL, NULL, NULL, NULL, 456),
(652, 33, 19, NULL, NULL, NULL, NULL, 793),
(653, 33, 10, NULL, NULL, NULL, NULL, 152),
(654, 33, 12, 80, NULL, NULL, NULL, NULL),
(655, 33, 13, 82, NULL, NULL, NULL, NULL),
(656, 33, 14, 83, NULL, NULL, NULL, NULL),
(657, 33, 15, 85, NULL, NULL, NULL, NULL),
(658, 33, 29, NULL, NULL, NULL, NULL, 406),
(659, 33, 11, NULL, NULL, NULL, NULL, 832),
(660, 33, 20, 39000, NULL, NULL, NULL, NULL),
(661, 34, 3, NULL, '3024', NULL, NULL, NULL),
(663, 34, 23, NULL, NULL, NULL, NULL, 762),
(664, 34, 27, NULL, NULL, NULL, NULL, 401),
(665, 34, 16, NULL, NULL, NULL, NULL, 179),
(666, 34, 17, NULL, NULL, NULL, NULL, 246),
(667, 34, 9, NULL, NULL, NULL, NULL, 130),
(668, 34, 8, NULL, NULL, NULL, NULL, 119),
(669, 34, 7, NULL, NULL, NULL, NULL, 106),
(670, 34, 28, NULL, NULL, NULL, NULL, 817),
(671, 34, 18, NULL, NULL, NULL, NULL, 456),
(672, 34, 19, NULL, NULL, NULL, NULL, 793),
(673, 34, 10, NULL, NULL, NULL, NULL, 152),
(674, 34, 12, 89, NULL, NULL, NULL, NULL),
(675, 34, 13, 91, NULL, NULL, NULL, NULL),
(676, 34, 14, 92, NULL, NULL, NULL, NULL),
(677, 34, 15, 93, NULL, NULL, NULL, NULL),
(678, 34, 29, NULL, NULL, NULL, NULL, 406),
(679, 34, 11, NULL, NULL, NULL, NULL, 832),
(680, 34, 20, 39000, NULL, NULL, NULL, NULL),
(681, 35, 3, NULL, '3025', NULL, NULL, NULL),
(683, 35, 23, NULL, NULL, NULL, NULL, 762),
(684, 35, 27, NULL, NULL, NULL, NULL, 401),
(685, 35, 16, NULL, NULL, NULL, NULL, 179),
(686, 35, 17, NULL, NULL, NULL, NULL, 246),
(687, 35, 9, NULL, NULL, NULL, NULL, 130),
(688, 35, 8, NULL, NULL, NULL, NULL, 119),
(689, 35, 7, NULL, NULL, NULL, NULL, 106),
(690, 35, 28, NULL, NULL, NULL, NULL, 817),
(691, 35, 18, NULL, NULL, NULL, NULL, 456),
(692, 35, 19, NULL, NULL, NULL, NULL, 793),
(693, 35, 10, NULL, NULL, NULL, NULL, 153),
(694, 35, 12, 90, NULL, NULL, NULL, NULL),
(695, 35, 13, 91, NULL, NULL, NULL, NULL),
(696, 35, 14, 95, NULL, NULL, NULL, NULL),
(697, 35, 15, 95, NULL, NULL, NULL, NULL),
(698, 35, 29, NULL, NULL, NULL, NULL, 406),
(699, 35, 11, NULL, NULL, NULL, NULL, 832),
(700, 35, 20, 43000, NULL, NULL, NULL, NULL),
(701, 36, 3, NULL, '3027', NULL, NULL, NULL),
(703, 36, 23, NULL, NULL, NULL, NULL, 463),
(704, 36, 27, NULL, NULL, NULL, NULL, 401),
(705, 36, 16, NULL, NULL, NULL, NULL, 159),
(706, 36, 17, NULL, NULL, NULL, NULL, 219),
(707, 36, 9, NULL, NULL, NULL, NULL, 130),
(708, 36, 8, NULL, NULL, NULL, NULL, 119),
(709, 36, 7, NULL, NULL, NULL, NULL, 104),
(710, 36, 28, NULL, NULL, NULL, NULL, 817),
(711, 36, 18, NULL, NULL, NULL, NULL, 450),
(712, 36, 19, NULL, NULL, NULL, NULL, 347),
(713, 36, 10, NULL, NULL, NULL, NULL, 151),
(714, 36, 12, 42, NULL, NULL, NULL, NULL),
(715, 36, 13, 48, NULL, NULL, NULL, NULL),
(716, 36, 14, 49, NULL, NULL, NULL, NULL),
(717, 36, 15, 50, NULL, NULL, NULL, NULL),
(718, 36, 29, NULL, NULL, NULL, NULL, 409),
(719, 36, 11, NULL, NULL, NULL, NULL, 819),
(720, 36, 20, 7200, NULL, NULL, NULL, NULL),
(721, 37, 3, NULL, '3028', NULL, NULL, NULL),
(723, 37, 23, NULL, NULL, NULL, NULL, 463),
(724, 37, 27, NULL, NULL, NULL, NULL, 401),
(725, 37, 16, NULL, NULL, NULL, NULL, 159),
(726, 37, 17, NULL, NULL, NULL, NULL, 219),
(727, 37, 9, NULL, NULL, NULL, NULL, 130),
(728, 37, 8, NULL, NULL, NULL, NULL, 119),
(729, 37, 7, NULL, NULL, NULL, NULL, 104),
(730, 37, 28, NULL, NULL, NULL, NULL, 817),
(731, 37, 18, NULL, NULL, NULL, NULL, 450),
(732, 37, 19, NULL, NULL, NULL, NULL, 347),
(733, 37, 10, NULL, NULL, NULL, NULL, 152),
(734, 37, 12, 50, NULL, NULL, NULL, NULL),
(735, 37, 13, 63, NULL, NULL, NULL, NULL),
(736, 37, 14, 73, NULL, NULL, NULL, NULL),
(737, 37, 15, 78, NULL, NULL, NULL, NULL),
(738, 37, 29, NULL, NULL, NULL, NULL, 407),
(739, 37, 11, NULL, NULL, NULL, NULL, 819),
(740, 37, 20, 16800, NULL, NULL, NULL, NULL),
(741, 38, 3, NULL, '3033', NULL, NULL, NULL),
(743, 38, 23, NULL, NULL, NULL, NULL, 463),
(744, 38, 27, NULL, NULL, NULL, NULL, 401),
(745, 38, 16, NULL, NULL, NULL, NULL, 159),
(746, 38, 17, NULL, NULL, NULL, NULL, 219),
(747, 38, 9, NULL, NULL, NULL, NULL, 130),
(748, 38, 8, NULL, NULL, NULL, NULL, 119),
(749, 38, 7, NULL, NULL, NULL, NULL, 104),
(750, 38, 28, NULL, NULL, NULL, NULL, 817),
(751, 38, 18, NULL, NULL, NULL, NULL, 450),
(752, 38, 19, NULL, NULL, NULL, NULL, 347),
(753, 38, 10, NULL, NULL, NULL, NULL, 151),
(754, 38, 12, 40, NULL, NULL, NULL, NULL),
(755, 38, 13, 45, NULL, NULL, NULL, NULL),
(756, 38, 14, 56, NULL, NULL, NULL, NULL),
(757, 38, 15, 56, NULL, NULL, NULL, NULL),
(758, 38, 29, NULL, NULL, NULL, NULL, 409),
(759, 38, 11, NULL, NULL, NULL, NULL, 819),
(760, 38, 20, 6000, NULL, NULL, NULL, NULL),
(761, 39, 3, NULL, '3034', NULL, NULL, NULL),
(763, 39, 23, NULL, NULL, NULL, NULL, 463),
(764, 39, 27, NULL, NULL, NULL, NULL, 401),
(765, 39, 16, NULL, NULL, NULL, NULL, 175),
(766, 39, 17, NULL, NULL, NULL, NULL, 266),
(767, 39, 9, NULL, NULL, NULL, NULL, 131),
(768, 39, 8, NULL, NULL, NULL, NULL, 118),
(769, 39, 7, NULL, NULL, NULL, NULL, 101),
(770, 39, 28, NULL, NULL, NULL, NULL, 817),
(771, 39, 18, NULL, NULL, NULL, NULL, 441),
(772, 39, 19, NULL, NULL, NULL, NULL, 349),
(773, 39, 10, NULL, NULL, NULL, NULL, 152),
(774, 39, 12, 29, NULL, NULL, NULL, NULL),
(775, 39, 13, 29, NULL, NULL, NULL, NULL),
(776, 39, 14, 31, NULL, NULL, NULL, NULL),
(777, 39, 15, 34, NULL, NULL, NULL, NULL),
(778, 39, 29, NULL, NULL, NULL, NULL, 412),
(779, 39, 11, NULL, NULL, NULL, NULL, 829),
(780, 39, 20, 9600, NULL, NULL, NULL, NULL),
(781, 40, 3, NULL, '3036', NULL, NULL, NULL),
(783, 40, 23, NULL, NULL, NULL, NULL, 463),
(784, 40, 27, NULL, NULL, NULL, NULL, 401),
(785, 40, 16, NULL, NULL, NULL, NULL, 806),
(786, 40, 17, NULL, NULL, NULL, NULL, 807),
(787, 40, 9, NULL, NULL, NULL, NULL, 132),
(788, 40, 8, NULL, NULL, NULL, NULL, 118),
(789, 40, 7, NULL, NULL, NULL, NULL, 105),
(790, 40, 28, NULL, NULL, NULL, NULL, 815),
(791, 40, 18, NULL, NULL, NULL, NULL, 457),
(792, 40, 19, NULL, NULL, NULL, NULL, 348),
(793, 40, 10, NULL, NULL, NULL, NULL, 145),
(794, 40, 12, 55, NULL, NULL, NULL, NULL),
(795, 40, 13, 58, NULL, NULL, NULL, NULL),
(796, 40, 14, 0, NULL, NULL, NULL, NULL),
(797, 40, 15, 0, NULL, NULL, NULL, NULL),
(798, 40, 29, NULL, NULL, NULL, NULL, 408),
(799, 40, 11, NULL, NULL, NULL, NULL, 831),
(800, 40, 20, 9600, NULL, NULL, NULL, NULL),
(801, 41, 3, NULL, '3037', NULL, NULL, NULL),
(803, 41, 23, NULL, NULL, NULL, NULL, 463),
(804, 41, 27, NULL, NULL, NULL, NULL, 401),
(805, 41, 16, NULL, NULL, NULL, NULL, 175),
(806, 41, 17, NULL, NULL, NULL, NULL, 265),
(807, 41, 9, NULL, NULL, NULL, NULL, 129),
(808, 41, 8, NULL, NULL, NULL, NULL, 120),
(809, 41, 7, NULL, NULL, NULL, NULL, 104),
(810, 41, 28, NULL, NULL, NULL, NULL, 817),
(811, 41, 18, NULL, NULL, NULL, NULL, 452),
(812, 41, 19, NULL, NULL, NULL, NULL, 347),
(813, 41, 10, NULL, NULL, NULL, NULL, 151),
(814, 41, 12, 48, NULL, NULL, NULL, NULL),
(815, 41, 13, 49, NULL, NULL, NULL, NULL),
(816, 41, 14, 50, NULL, NULL, NULL, NULL),
(817, 41, 15, 51, NULL, NULL, NULL, NULL),
(818, 41, 29, NULL, NULL, NULL, NULL, 409),
(819, 41, 11, NULL, NULL, NULL, NULL, 833),
(820, 41, 20, 26400, NULL, NULL, NULL, NULL),
(821, 42, 3, NULL, '3038', NULL, NULL, NULL),
(823, 42, 23, NULL, NULL, NULL, NULL, 463),
(824, 42, 27, NULL, NULL, NULL, NULL, 401),
(825, 42, 16, NULL, NULL, NULL, NULL, 162),
(826, 42, 17, NULL, NULL, NULL, NULL, 241),
(827, 42, 9, NULL, NULL, NULL, NULL, 130),
(828, 42, 8, NULL, NULL, NULL, NULL, 119),
(829, 42, 7, NULL, NULL, NULL, NULL, 106),
(830, 42, 28, NULL, NULL, NULL, NULL, 817),
(831, 42, 18, NULL, NULL, NULL, NULL, 460),
(832, 42, 19, NULL, NULL, NULL, NULL, 347),
(833, 42, 10, NULL, NULL, NULL, NULL, 153),
(834, 42, 12, 53, NULL, NULL, NULL, NULL),
(835, 42, 13, 56, NULL, NULL, NULL, NULL),
(836, 42, 14, 67, NULL, NULL, NULL, NULL),
(837, 42, 15, 75, NULL, NULL, NULL, NULL),
(838, 42, 29, NULL, NULL, NULL, NULL, 408),
(839, 42, 11, NULL, NULL, NULL, NULL, 827),
(840, 42, 20, 12000, NULL, NULL, NULL, NULL),
(841, 43, 3, NULL, '3039', NULL, NULL, NULL),
(843, 43, 23, NULL, NULL, NULL, NULL, 463),
(844, 43, 27, NULL, NULL, NULL, NULL, 401),
(845, 43, 16, NULL, NULL, NULL, NULL, 162),
(846, 43, 17, NULL, NULL, NULL, NULL, 317),
(847, 43, 9, NULL, NULL, NULL, NULL, 131),
(848, 43, 8, NULL, NULL, NULL, NULL, 118),
(849, 43, 7, NULL, NULL, NULL, NULL, 101),
(850, 43, 28, NULL, NULL, NULL, NULL, 817),
(851, 43, 18, NULL, NULL, NULL, NULL, 441),
(852, 43, 19, NULL, NULL, NULL, NULL, 348),
(853, 43, 10, NULL, NULL, NULL, NULL, 152),
(854, 43, 12, 33, NULL, NULL, NULL, NULL),
(855, 43, 13, 34, NULL, NULL, NULL, NULL),
(856, 43, 14, 50, NULL, NULL, NULL, NULL),
(857, 43, 15, 51, NULL, NULL, NULL, NULL),
(858, 43, 29, NULL, NULL, NULL, NULL, 410),
(859, 43, 11, NULL, NULL, NULL, NULL, 819),
(860, 43, 20, 18000, NULL, NULL, NULL, NULL),
(861, 44, 3, NULL, '3040', NULL, NULL, NULL),
(863, 44, 23, NULL, NULL, NULL, NULL, 463),
(864, 44, 27, NULL, NULL, NULL, NULL, 401),
(865, 44, 16, NULL, NULL, NULL, NULL, 159),
(866, 44, 17, NULL, NULL, NULL, NULL, 219),
(867, 44, 9, NULL, NULL, NULL, NULL, 130),
(868, 44, 8, NULL, NULL, NULL, NULL, 119),
(869, 44, 7, NULL, NULL, NULL, NULL, 104),
(870, 44, 28, NULL, NULL, NULL, NULL, 817),
(871, 44, 18, NULL, NULL, NULL, NULL, 450),
(872, 44, 19, NULL, NULL, NULL, NULL, 347),
(873, 44, 10, NULL, NULL, NULL, NULL, 151),
(874, 44, 12, 53, NULL, NULL, NULL, NULL),
(875, 44, 13, 55, NULL, NULL, NULL, NULL),
(876, 44, 14, 57, NULL, NULL, NULL, NULL),
(877, 44, 15, 59, NULL, NULL, NULL, NULL),
(878, 44, 29, NULL, NULL, NULL, NULL, 408),
(879, 44, 11, NULL, NULL, NULL, NULL, 819),
(880, 44, 20, 21600, NULL, NULL, NULL, NULL),
(881, 45, 3, NULL, '3042', NULL, NULL, NULL),
(883, 45, 23, NULL, NULL, NULL, NULL, 463),
(884, 45, 27, NULL, NULL, NULL, NULL, 401),
(885, 45, 16, NULL, NULL, NULL, NULL, 169),
(886, 45, 17, NULL, NULL, NULL, NULL, 330),
(887, 45, 9, NULL, NULL, NULL, NULL, 130),
(888, 45, 8, NULL, NULL, NULL, NULL, 119),
(889, 45, 7, NULL, NULL, NULL, NULL, 106),
(890, 45, 28, NULL, NULL, NULL, NULL, 817),
(891, 45, 18, NULL, NULL, NULL, NULL, 456),
(892, 45, 19, NULL, NULL, NULL, NULL, 348),
(893, 45, 10, NULL, NULL, NULL, NULL, 153),
(894, 45, 12, 45, NULL, NULL, NULL, NULL),
(895, 45, 13, 48, NULL, NULL, NULL, NULL),
(896, 45, 14, 50, NULL, NULL, NULL, NULL),
(897, 45, 15, 52, NULL, NULL, NULL, NULL),
(898, 45, 29, NULL, NULL, NULL, NULL, 409),
(899, 45, 11, NULL, NULL, NULL, NULL, 820),
(900, 45, 20, 14400, NULL, NULL, NULL, NULL),
(901, 46, 3, NULL, '3043', NULL, NULL, NULL),
(903, 46, 23, NULL, NULL, NULL, NULL, 463),
(904, 46, 27, NULL, NULL, NULL, NULL, 401),
(905, 46, 16, NULL, NULL, NULL, NULL, 162),
(906, 46, 17, NULL, NULL, NULL, NULL, 240),
(907, 46, 9, NULL, NULL, NULL, NULL, 130),
(908, 46, 8, NULL, NULL, NULL, NULL, 119),
(909, 46, 7, NULL, NULL, NULL, NULL, 106),
(910, 46, 28, NULL, NULL, NULL, NULL, 817),
(911, 46, 18, NULL, NULL, NULL, NULL, 456),
(912, 46, 19, NULL, NULL, NULL, NULL, 348),
(913, 46, 10, NULL, NULL, NULL, NULL, 153),
(914, 46, 12, 52, NULL, NULL, NULL, NULL),
(915, 46, 13, 53, NULL, NULL, NULL, NULL),
(916, 46, 14, 57, NULL, NULL, NULL, NULL),
(917, 46, 15, 58, NULL, NULL, NULL, NULL),
(918, 46, 29, NULL, NULL, NULL, NULL, 408),
(919, 46, 11, NULL, NULL, NULL, NULL, 819),
(920, 46, 20, 19200, NULL, NULL, NULL, NULL),
(921, 47, 3, NULL, '3044', NULL, NULL, NULL),
(923, 47, 23, NULL, NULL, NULL, NULL, 465),
(924, 47, 27, NULL, NULL, NULL, NULL, 401),
(925, 47, 16, NULL, NULL, NULL, NULL, 179),
(926, 47, 17, NULL, NULL, NULL, NULL, 250),
(927, 47, 9, NULL, NULL, NULL, NULL, 131),
(928, 47, 8, NULL, NULL, NULL, NULL, 118),
(929, 47, 7, NULL, NULL, NULL, NULL, 101),
(930, 47, 28, NULL, NULL, NULL, NULL, 817),
(931, 47, 18, NULL, NULL, NULL, NULL, 445),
(932, 47, 19, NULL, NULL, NULL, NULL, 344),
(933, 47, 10, NULL, NULL, NULL, NULL, 151),
(934, 47, 12, 85, NULL, NULL, NULL, NULL),
(935, 47, 13, 85, NULL, NULL, NULL, NULL),
(936, 47, 14, 89, NULL, NULL, NULL, NULL),
(937, 47, 15, 89, NULL, NULL, NULL, NULL),
(938, 47, 29, NULL, NULL, NULL, NULL, 406),
(939, 47, 11, NULL, NULL, NULL, NULL, 832),
(940, 47, 20, 33000, NULL, NULL, NULL, NULL),
(941, 48, 3, NULL, '3045', NULL, NULL, NULL),
(943, 48, 23, NULL, NULL, NULL, NULL, 762),
(944, 48, 27, NULL, NULL, NULL, NULL, 401),
(945, 48, 16, NULL, NULL, NULL, NULL, 179),
(946, 48, 17, NULL, NULL, NULL, NULL, 251),
(947, 48, 9, NULL, NULL, NULL, NULL, 129),
(948, 48, 8, NULL, NULL, NULL, NULL, 120),
(949, 48, 7, NULL, NULL, NULL, NULL, 102),
(950, 48, 28, NULL, NULL, NULL, NULL, 817),
(951, 48, 18, NULL, NULL, NULL, NULL, 451),
(952, 48, 19, NULL, NULL, NULL, NULL, 346),
(953, 48, 10, NULL, NULL, NULL, NULL, 148),
(954, 48, 12, 78, NULL, NULL, NULL, NULL),
(955, 48, 13, 78, NULL, NULL, NULL, NULL),
(956, 48, 14, 79, NULL, NULL, NULL, NULL),
(957, 48, 15, 80, NULL, NULL, NULL, NULL),
(958, 48, 29, NULL, NULL, NULL, NULL, 406),
(959, 48, 11, NULL, NULL, NULL, NULL, 832),
(960, 48, 20, 33000, NULL, NULL, NULL, NULL),
(961, 49, 3, NULL, '3046', NULL, NULL, NULL),
(963, 49, 23, NULL, NULL, NULL, NULL, 762),
(964, 49, 27, NULL, NULL, NULL, NULL, 401),
(965, 49, 16, NULL, NULL, NULL, NULL, 159),
(966, 49, 17, NULL, NULL, NULL, NULL, 196),
(967, 49, 9, NULL, NULL, NULL, NULL, 129),
(968, 49, 8, NULL, NULL, NULL, NULL, 119),
(969, 49, 7, NULL, NULL, NULL, NULL, 100),
(970, 49, 28, NULL, NULL, NULL, NULL, 817),
(971, 49, 18, NULL, NULL, NULL, NULL, 443),
(972, 49, 19, NULL, NULL, NULL, NULL, 346),
(973, 49, 10, NULL, NULL, NULL, NULL, 154),
(974, 49, 12, 92, NULL, NULL, NULL, NULL),
(975, 49, 13, 93, NULL, NULL, NULL, NULL),
(976, 49, 14, 93, NULL, NULL, NULL, NULL),
(977, 49, 15, 93, NULL, NULL, NULL, NULL),
(978, 49, 29, NULL, NULL, NULL, NULL, 406),
(979, 49, 11, NULL, NULL, NULL, NULL, 819),
(980, 49, 20, 24000, NULL, NULL, NULL, NULL),
(981, 50, 3, NULL, '3048', NULL, NULL, NULL),
(983, 50, 23, NULL, NULL, NULL, NULL, 463),
(984, 50, 27, NULL, NULL, NULL, NULL, 401),
(985, 50, 16, NULL, NULL, NULL, NULL, 159),
(986, 50, 17, NULL, NULL, NULL, NULL, 219),
(987, 50, 9, NULL, NULL, NULL, NULL, 129),
(988, 50, 8, NULL, NULL, NULL, NULL, 120),
(989, 50, 7, NULL, NULL, NULL, NULL, 104),
(990, 50, 28, NULL, NULL, NULL, NULL, 817),
(991, 50, 18, NULL, NULL, NULL, NULL, 452),
(992, 50, 19, NULL, NULL, NULL, NULL, 345),
(993, 50, 10, NULL, NULL, NULL, NULL, 153),
(994, 50, 12, 55, NULL, NULL, NULL, NULL),
(995, 50, 13, 57, NULL, NULL, NULL, NULL),
(996, 50, 14, 58, NULL, NULL, NULL, NULL),
(997, 50, 15, 61, NULL, NULL, NULL, NULL),
(998, 50, 29, NULL, NULL, NULL, NULL, 408),
(999, 50, 11, NULL, NULL, NULL, NULL, 826),
(1000, 50, 20, 16800, NULL, NULL, NULL, NULL),
(1001, 51, 3, NULL, '3049', NULL, NULL, NULL),
(1003, 51, 23, NULL, NULL, NULL, NULL, 762),
(1004, 51, 27, NULL, NULL, NULL, NULL, 401),
(1005, 51, 16, NULL, NULL, NULL, NULL, 179),
(1006, 51, 17, NULL, NULL, NULL, NULL, 766),
(1007, 51, 9, NULL, NULL, NULL, NULL, 129),
(1008, 51, 8, NULL, NULL, NULL, NULL, 120),
(1009, 51, 7, NULL, NULL, NULL, NULL, 104),
(1010, 51, 28, NULL, NULL, NULL, NULL, 817),
(1011, 51, 18, NULL, NULL, NULL, NULL, 452),
(1012, 51, 19, NULL, NULL, NULL, NULL, 346),
(1013, 51, 10, NULL, NULL, NULL, NULL, 155),
(1014, 51, 12, 71, NULL, NULL, NULL, NULL),
(1015, 51, 13, 72, NULL, NULL, NULL, NULL),
(1016, 51, 14, 91, NULL, NULL, NULL, NULL),
(1017, 51, 15, 92, NULL, NULL, NULL, NULL),
(1018, 51, 29, NULL, NULL, NULL, NULL, 406),
(1019, 51, 11, NULL, NULL, NULL, NULL, 832),
(1020, 51, 20, 24000, NULL, NULL, NULL, NULL),
(1021, 52, 3, NULL, '3051', NULL, NULL, NULL),
(1023, 52, 23, NULL, NULL, NULL, NULL, 762),
(1024, 52, 27, NULL, NULL, NULL, NULL, 401),
(1025, 52, 16, NULL, NULL, NULL, NULL, 175),
(1026, 52, 17, NULL, NULL, NULL, NULL, 334),
(1027, 52, 9, NULL, NULL, NULL, NULL, 130),
(1028, 52, 8, NULL, NULL, NULL, NULL, 119),
(1029, 52, 7, NULL, NULL, NULL, NULL, 101),
(1030, 52, 28, NULL, NULL, NULL, NULL, 817),
(1031, 52, 18, NULL, NULL, NULL, NULL, 447),
(1032, 52, 19, NULL, NULL, NULL, NULL, 346),
(1033, 52, 10, NULL, NULL, NULL, NULL, 150),
(1034, 52, 12, 69, NULL, NULL, NULL, NULL),
(1035, 52, 13, 70, NULL, NULL, NULL, NULL),
(1036, 52, 14, 78, NULL, NULL, NULL, NULL),
(1037, 52, 15, 78, NULL, NULL, NULL, NULL),
(1038, 52, 29, NULL, NULL, NULL, NULL, 407),
(1039, 52, 11, NULL, NULL, NULL, NULL, 829),
(1040, 52, 20, 24000, NULL, NULL, NULL, NULL),
(1041, 53, 3, NULL, '3052', NULL, NULL, NULL),
(1043, 53, 23, NULL, NULL, NULL, NULL, 762),
(1044, 53, 27, NULL, NULL, NULL, NULL, 401),
(1045, 53, 16, NULL, NULL, NULL, NULL, 179),
(1046, 53, 17, NULL, NULL, NULL, NULL, 249),
(1047, 53, 9, NULL, NULL, NULL, NULL, 130),
(1048, 53, 8, NULL, NULL, NULL, NULL, 118),
(1049, 53, 7, NULL, NULL, NULL, NULL, 103),
(1050, 53, 28, NULL, NULL, NULL, NULL, 817),
(1051, 53, 18, NULL, NULL, NULL, NULL, 449),
(1052, 53, 19, NULL, NULL, NULL, NULL, 346),
(1053, 53, 10, NULL, NULL, NULL, NULL, 148),
(1054, 53, 12, 53, NULL, NULL, NULL, NULL),
(1055, 53, 13, 61, NULL, NULL, NULL, NULL),
(1056, 53, 14, 91, NULL, NULL, NULL, NULL),
(1057, 53, 15, 93, NULL, NULL, NULL, NULL),
(1058, 53, 29, NULL, NULL, NULL, NULL, 407),
(1059, 53, 11, NULL, NULL, NULL, NULL, 832),
(1060, 53, 20, 19200, NULL, NULL, NULL, NULL),
(1061, 54, 3, NULL, '3054', NULL, NULL, NULL),
(1063, 54, 23, NULL, NULL, NULL, NULL, 465),
(1064, 54, 27, NULL, NULL, NULL, NULL, 401),
(1065, 54, 16, NULL, NULL, NULL, NULL, 162),
(1066, 54, 17, NULL, NULL, NULL, NULL, 801),
(1067, 54, 9, NULL, NULL, NULL, NULL, 130),
(1068, 54, 8, NULL, NULL, NULL, NULL, 120),
(1069, 54, 7, NULL, NULL, NULL, NULL, 100),
(1070, 54, 28, NULL, NULL, NULL, NULL, 817),
(1071, 54, 18, NULL, NULL, NULL, NULL, 443),
(1072, 54, 19, NULL, NULL, NULL, NULL, 343),
(1073, 54, 10, NULL, NULL, NULL, NULL, 148),
(1074, 54, 12, 61, NULL, NULL, NULL, NULL),
(1075, 54, 13, 61, NULL, NULL, NULL, NULL),
(1076, 54, 14, 69, NULL, NULL, NULL, NULL),
(1077, 54, 15, 72, NULL, NULL, NULL, NULL),
(1078, 54, 29, NULL, NULL, NULL, NULL, 408),
(1079, 54, 11, NULL, NULL, NULL, NULL, 819),
(1080, 54, 20, 9600, NULL, NULL, NULL, NULL),
(1081, 55, 3, NULL, '3055', NULL, NULL, NULL),
(1083, 55, 23, NULL, NULL, NULL, NULL, 762),
(1084, 55, 27, NULL, NULL, NULL, NULL, 401),
(1085, 55, 16, NULL, NULL, NULL, NULL, 185),
(1086, 55, 17, NULL, NULL, NULL, NULL, 790),
(1087, 55, 9, NULL, NULL, NULL, NULL, 130),
(1088, 55, 8, NULL, NULL, NULL, NULL, 118),
(1089, 55, 7, NULL, NULL, NULL, NULL, 103),
(1090, 55, 28, NULL, NULL, NULL, NULL, 817),
(1091, 55, 18, NULL, NULL, NULL, NULL, 449),
(1092, 55, 19, NULL, NULL, NULL, NULL, 343),
(1093, 55, 10, NULL, NULL, NULL, NULL, 149),
(1094, 55, 12, 92, NULL, NULL, NULL, NULL),
(1095, 55, 13, 95, NULL, NULL, NULL, NULL),
(1096, 55, 14, 96, NULL, NULL, NULL, NULL),
(1097, 55, 15, 96, NULL, NULL, NULL, NULL),
(1098, 55, 29, NULL, NULL, NULL, NULL, 406),
(1099, 55, 11, NULL, NULL, NULL, NULL, 836),
(1100, 55, 20, 31000, NULL, NULL, NULL, NULL),
(1101, 56, 3, NULL, '3057', NULL, NULL, NULL),
(1103, 56, 23, NULL, NULL, NULL, NULL, 762),
(1104, 56, 27, NULL, NULL, NULL, NULL, 401),
(1105, 56, 16, NULL, NULL, NULL, NULL, 162),
(1106, 56, 17, NULL, NULL, NULL, NULL, 767),
(1107, 56, 9, NULL, NULL, NULL, NULL, 129),
(1108, 56, 8, NULL, NULL, NULL, NULL, 120),
(1109, 56, 7, NULL, NULL, NULL, NULL, 104),
(1110, 56, 28, NULL, NULL, NULL, NULL, 817),
(1111, 56, 18, NULL, NULL, NULL, NULL, 452),
(1112, 56, 19, NULL, NULL, NULL, NULL, 346),
(1113, 56, 10, NULL, NULL, NULL, NULL, 152),
(1114, 56, 12, 60, NULL, NULL, NULL, NULL),
(1115, 56, 13, 61, NULL, NULL, NULL, NULL),
(1116, 56, 14, 78, NULL, NULL, NULL, NULL),
(1117, 56, 15, 82, NULL, NULL, NULL, NULL),
(1118, 56, 29, NULL, NULL, NULL, NULL, 407),
(1119, 56, 11, NULL, NULL, NULL, NULL, 819),
(1120, 56, 20, 16800, NULL, NULL, NULL, NULL),
(1121, 57, 3, NULL, '3058', NULL, NULL, NULL),
(1123, 57, 23, NULL, NULL, NULL, NULL, 762),
(1124, 57, 27, NULL, NULL, NULL, NULL, 401),
(1125, 57, 16, NULL, NULL, NULL, NULL, 179),
(1126, 57, 17, NULL, NULL, NULL, NULL, 249),
(1127, 57, 9, NULL, NULL, NULL, NULL, 130),
(1128, 57, 8, NULL, NULL, NULL, NULL, 119),
(1129, 57, 7, NULL, NULL, NULL, NULL, 100),
(1130, 57, 28, NULL, NULL, NULL, NULL, 817),
(1131, 57, 18, NULL, NULL, NULL, NULL, 447),
(1132, 57, 19, NULL, NULL, NULL, NULL, 346),
(1133, 57, 10, NULL, NULL, NULL, NULL, 150),
(1134, 57, 12, 78, NULL, NULL, NULL, NULL),
(1135, 57, 13, 79, NULL, NULL, NULL, NULL),
(1136, 57, 14, 80, NULL, NULL, NULL, NULL),
(1137, 57, 15, 88, NULL, NULL, NULL, NULL),
(1138, 57, 29, NULL, NULL, NULL, NULL, 406),
(1139, 57, 11, NULL, NULL, NULL, NULL, 832),
(1140, 57, 20, 19200, NULL, NULL, NULL, NULL),
(1141, 58, 3, NULL, '3062', NULL, NULL, NULL),
(1143, 58, 23, NULL, NULL, NULL, NULL, 465),
(1144, 58, 27, NULL, NULL, NULL, NULL, 401),
(1145, 58, 16, NULL, NULL, NULL, NULL, 185),
(1146, 58, 17, NULL, NULL, NULL, NULL, 735),
(1147, 58, 9, NULL, NULL, NULL, NULL, 132),
(1148, 58, 8, NULL, NULL, NULL, NULL, 117),
(1149, 58, 7, NULL, NULL, NULL, NULL, 106),
(1150, 58, 28, NULL, NULL, NULL, NULL, 817),
(1151, 58, 18, NULL, NULL, NULL, NULL, 452),
(1152, 58, 19, NULL, NULL, NULL, NULL, 343),
(1153, 58, 10, NULL, NULL, NULL, NULL, 151),
(1154, 58, 12, 90, NULL, NULL, NULL, NULL),
(1155, 58, 13, 93, NULL, NULL, NULL, NULL),
(1156, 58, 14, 95, NULL, NULL, NULL, NULL),
(1157, 58, 15, 98, NULL, NULL, NULL, NULL),
(1158, 58, 29, NULL, NULL, NULL, NULL, 406),
(1159, 58, 11, NULL, NULL, NULL, NULL, 819),
(1160, 58, 20, 45000, NULL, NULL, NULL, NULL),
(1161, 59, 3, NULL, '3064', NULL, NULL, NULL),
(1163, 59, 23, NULL, NULL, NULL, NULL, 465),
(1164, 59, 27, NULL, NULL, NULL, NULL, 401),
(1165, 59, 16, NULL, NULL, NULL, NULL, 159),
(1166, 59, 17, NULL, NULL, NULL, NULL, 804),
(1167, 59, 9, NULL, NULL, NULL, NULL, 134),
(1168, 59, 8, NULL, NULL, NULL, NULL, 117),
(1169, 59, 7, NULL, NULL, NULL, NULL, 105),
(1170, 59, 28, NULL, NULL, NULL, NULL, 817),
(1171, 59, 18, NULL, NULL, NULL, NULL, 451),
(1172, 59, 19, NULL, NULL, NULL, NULL, 344),
(1173, 59, 10, NULL, NULL, NULL, NULL, 154),
(1174, 59, 12, 68, NULL, NULL, NULL, NULL),
(1175, 59, 13, 69, NULL, NULL, NULL, NULL),
(1176, 59, 14, 0, NULL, NULL, NULL, NULL),
(1177, 59, 15, 0, NULL, NULL, NULL, NULL),
(1178, 59, 29, NULL, NULL, NULL, NULL, 407),
(1179, 59, 11, NULL, NULL, NULL, NULL, 819),
(1180, 59, 20, 40000, NULL, NULL, NULL, NULL),
(1181, 60, 3, NULL, '3065', NULL, NULL, NULL),
(1183, 60, 23, NULL, NULL, NULL, NULL, 463),
(1184, 60, 27, NULL, NULL, NULL, NULL, 401),
(1185, 60, 16, NULL, NULL, NULL, NULL, 162),
(1186, 60, 17, NULL, NULL, NULL, NULL, 772),
(1187, 60, 9, NULL, NULL, NULL, NULL, 129),
(1188, 60, 8, NULL, NULL, NULL, NULL, 120),
(1189, 60, 7, NULL, NULL, NULL, NULL, 105),
(1190, 60, 28, NULL, NULL, NULL, NULL, 815),
(1191, 60, 18, NULL, NULL, NULL, NULL, 459),
(1192, 60, 19, NULL, NULL, NULL, NULL, 346),
(1193, 60, 10, NULL, NULL, NULL, NULL, 148),
(1194, 60, 12, 48, NULL, NULL, NULL, NULL),
(1195, 60, 13, 52, NULL, NULL, NULL, NULL),
(1196, 60, 14, 0, NULL, NULL, NULL, NULL),
(1197, 60, 15, 0, NULL, NULL, NULL, NULL),
(1198, 60, 29, NULL, NULL, NULL, NULL, 409),
(1199, 60, 11, NULL, NULL, NULL, NULL, 819),
(1200, 60, 20, 4000, NULL, NULL, NULL, NULL),
(1201, 61, 3, NULL, '3066', NULL, NULL, NULL),
(1203, 61, 23, NULL, NULL, NULL, NULL, 463),
(1204, 61, 27, NULL, NULL, NULL, NULL, 401),
(1205, 61, 16, NULL, NULL, NULL, NULL, 162),
(1206, 61, 17, NULL, NULL, NULL, NULL, 796),
(1207, 61, 9, NULL, NULL, NULL, NULL, 130),
(1208, 61, 8, NULL, NULL, NULL, NULL, 119),
(1209, 61, 7, NULL, NULL, NULL, NULL, 105),
(1210, 61, 28, NULL, NULL, NULL, NULL, 815),
(1211, 61, 18, NULL, NULL, NULL, NULL, 451),
(1212, 61, 19, NULL, NULL, NULL, NULL, 347),
(1213, 61, 10, NULL, NULL, NULL, NULL, 147),
(1214, 61, 12, 48, NULL, NULL, NULL, NULL),
(1215, 61, 13, 53, NULL, NULL, NULL, NULL),
(1216, 61, 14, 0, NULL, NULL, NULL, NULL),
(1217, 61, 15, 0, NULL, NULL, NULL, NULL),
(1218, 61, 29, NULL, NULL, NULL, NULL, 409),
(1219, 61, 11, NULL, NULL, NULL, NULL, 819),
(1220, 61, 20, 4000, NULL, NULL, NULL, NULL),
(1221, 62, 3, NULL, '3067', NULL, NULL, NULL),
(1223, 62, 23, NULL, NULL, NULL, NULL, 465),
(1224, 62, 27, NULL, NULL, NULL, NULL, 401),
(1225, 62, 16, NULL, NULL, NULL, NULL, 159),
(1226, 62, 17, NULL, NULL, NULL, NULL, 804),
(1227, 62, 9, NULL, NULL, NULL, NULL, 134),
(1228, 62, 8, NULL, NULL, NULL, NULL, 116),
(1229, 62, 7, NULL, NULL, NULL, NULL, 106),
(1230, 62, 28, NULL, NULL, NULL, NULL, 817),
(1231, 62, 18, NULL, NULL, NULL, NULL, 450),
(1232, 62, 19, NULL, NULL, NULL, NULL, 344),
(1233, 62, 10, NULL, NULL, NULL, NULL, 153),
(1234, 62, 12, 59, NULL, NULL, NULL, NULL),
(1235, 62, 13, 60, NULL, NULL, NULL, NULL),
(1236, 62, 14, 0, NULL, NULL, NULL, NULL),
(1237, 62, 15, 0, NULL, NULL, NULL, NULL),
(1238, 62, 29, NULL, NULL, NULL, NULL, 408),
(1239, 62, 11, NULL, NULL, NULL, NULL, 819),
(1240, 62, 20, 24000, NULL, NULL, NULL, NULL),
(1241, 63, 3, NULL, '3068', NULL, NULL, NULL),
(1243, 63, 23, NULL, NULL, NULL, NULL, 465),
(1244, 63, 27, NULL, NULL, NULL, NULL, 401),
(1245, 63, 16, NULL, NULL, NULL, NULL, 159),
(1246, 63, 17, NULL, NULL, NULL, NULL, 804),
(1247, 63, 9, NULL, NULL, NULL, NULL, 131),
(1248, 63, 8, NULL, NULL, NULL, NULL, 118),
(1249, 63, 7, NULL, NULL, NULL, NULL, 101),
(1250, 63, 28, NULL, NULL, NULL, NULL, 817),
(1251, 63, 18, NULL, NULL, NULL, NULL, 441),
(1252, 63, 19, NULL, NULL, NULL, NULL, 344),
(1253, 63, 10, NULL, NULL, NULL, NULL, 154),
(1254, 63, 12, 91, NULL, NULL, NULL, NULL),
(1255, 63, 13, 92, NULL, NULL, NULL, NULL),
(1256, 63, 14, 99, NULL, NULL, NULL, NULL);
INSERT INTO `good_attribute` (`id`, `good_id`, `attribute_id`, `int_value`, `varchar_value`, `text_value`, `float_value`, `variant_id`) VALUES
(1257, 63, 15, 102, NULL, NULL, NULL, NULL),
(1258, 63, 29, NULL, NULL, NULL, NULL, 406),
(1259, 63, 11, NULL, NULL, NULL, NULL, 819),
(1260, 63, 20, 33000, NULL, NULL, NULL, NULL),
(1261, 64, 3, NULL, '3070', NULL, NULL, NULL),
(1263, 64, 23, NULL, NULL, NULL, NULL, 465),
(1264, 64, 27, NULL, NULL, NULL, NULL, 401),
(1265, 64, 16, NULL, NULL, NULL, NULL, 179),
(1266, 64, 17, NULL, NULL, NULL, NULL, 249),
(1267, 64, 9, NULL, NULL, NULL, NULL, 129),
(1268, 64, 8, NULL, NULL, NULL, NULL, 120),
(1269, 64, 7, NULL, NULL, NULL, NULL, 106),
(1270, 64, 28, NULL, NULL, NULL, NULL, 817),
(1271, 64, 18, NULL, NULL, NULL, NULL, 456),
(1272, 64, 19, NULL, NULL, NULL, NULL, 346),
(1273, 64, 10, NULL, NULL, NULL, NULL, 149),
(1274, 64, 12, 54, NULL, NULL, NULL, NULL),
(1275, 64, 13, 55, NULL, NULL, NULL, NULL),
(1276, 64, 14, 59, NULL, NULL, NULL, NULL),
(1277, 64, 15, 59, NULL, NULL, NULL, NULL),
(1278, 64, 29, NULL, NULL, NULL, NULL, 409),
(1279, 64, 11, NULL, NULL, NULL, NULL, 832),
(1280, 64, 20, 9600, NULL, NULL, NULL, NULL),
(1281, 65, 3, NULL, '3071', NULL, NULL, NULL),
(1283, 65, 23, NULL, NULL, NULL, NULL, 762),
(1284, 65, 27, NULL, NULL, NULL, NULL, 401),
(1285, 65, 16, NULL, NULL, NULL, NULL, 179),
(1286, 65, 17, NULL, NULL, NULL, NULL, 799),
(1287, 65, 9, NULL, NULL, NULL, NULL, 130),
(1288, 65, 8, NULL, NULL, NULL, NULL, 119),
(1289, 65, 7, NULL, NULL, NULL, NULL, 106),
(1290, 65, 28, NULL, NULL, NULL, NULL, 817),
(1291, 65, 18, NULL, NULL, NULL, NULL, 456),
(1292, 65, 19, NULL, NULL, NULL, NULL, 346),
(1293, 65, 10, NULL, NULL, NULL, NULL, 151),
(1294, 65, 12, 64, NULL, NULL, NULL, NULL),
(1295, 65, 13, 66, NULL, NULL, NULL, NULL),
(1296, 65, 14, 70, NULL, NULL, NULL, NULL),
(1297, 65, 15, 71, NULL, NULL, NULL, NULL),
(1298, 65, 29, NULL, NULL, NULL, NULL, 407),
(1299, 65, 11, NULL, NULL, NULL, NULL, 832),
(1300, 65, 20, 9600, NULL, NULL, NULL, NULL),
(1301, 66, 3, NULL, '3072', NULL, NULL, NULL),
(1303, 66, 23, NULL, NULL, NULL, NULL, 465),
(1304, 66, 27, NULL, NULL, NULL, NULL, 401),
(1305, 66, 16, NULL, NULL, NULL, NULL, 179),
(1306, 66, 17, NULL, NULL, NULL, NULL, 795),
(1307, 66, 9, NULL, NULL, NULL, NULL, 130),
(1308, 66, 8, NULL, NULL, NULL, NULL, 119),
(1309, 66, 7, NULL, NULL, NULL, NULL, 104),
(1310, 66, 28, NULL, NULL, NULL, NULL, 817),
(1311, 66, 18, NULL, NULL, NULL, NULL, 454),
(1312, 66, 19, NULL, NULL, NULL, NULL, 344),
(1313, 66, 10, NULL, NULL, NULL, NULL, 151),
(1314, 66, 12, 62, NULL, NULL, NULL, NULL),
(1315, 66, 13, 63, NULL, NULL, NULL, NULL),
(1316, 66, 14, 69, NULL, NULL, NULL, NULL),
(1317, 66, 15, 72, NULL, NULL, NULL, NULL),
(1318, 66, 29, NULL, NULL, NULL, NULL, 408),
(1319, 66, 11, NULL, NULL, NULL, NULL, 832),
(1320, 66, 20, 21600, NULL, NULL, NULL, NULL),
(1321, 67, 3, NULL, '3073', NULL, NULL, NULL),
(1323, 67, 23, NULL, NULL, NULL, NULL, 762),
(1324, 67, 27, NULL, NULL, NULL, NULL, 401),
(1325, 67, 16, NULL, NULL, NULL, NULL, 179),
(1326, 67, 17, NULL, NULL, NULL, NULL, 774),
(1327, 67, 9, NULL, NULL, NULL, NULL, 129),
(1328, 67, 8, NULL, NULL, NULL, NULL, 121),
(1329, 67, 7, NULL, NULL, NULL, NULL, 104),
(1330, 67, 28, NULL, NULL, NULL, NULL, 817),
(1331, 67, 18, NULL, NULL, NULL, NULL, 453),
(1332, 67, 19, NULL, NULL, NULL, NULL, 346),
(1333, 67, 10, NULL, NULL, NULL, NULL, 146),
(1334, 67, 12, 66, NULL, NULL, NULL, NULL),
(1335, 67, 13, 72, NULL, NULL, NULL, NULL),
(1336, 67, 14, 72, NULL, NULL, NULL, NULL),
(1337, 67, 15, 74, NULL, NULL, NULL, NULL),
(1338, 67, 29, NULL, NULL, NULL, NULL, 407),
(1339, 67, 11, NULL, NULL, NULL, NULL, 840),
(1340, 67, 20, 9600, NULL, NULL, NULL, NULL),
(1341, 68, 3, NULL, '3074', NULL, NULL, NULL),
(1343, 68, 23, NULL, NULL, NULL, NULL, 463),
(1344, 68, 27, NULL, NULL, NULL, NULL, 401),
(1345, 68, 16, NULL, NULL, NULL, NULL, 159),
(1346, 68, 17, NULL, NULL, NULL, NULL, 219),
(1347, 68, 9, NULL, NULL, NULL, NULL, 132),
(1348, 68, 8, NULL, NULL, NULL, NULL, 119),
(1349, 68, 7, NULL, NULL, NULL, NULL, 105),
(1350, 68, 28, NULL, NULL, NULL, NULL, 817),
(1351, 68, 18, NULL, NULL, NULL, NULL, 455),
(1352, 68, 19, NULL, NULL, NULL, NULL, 347),
(1353, 68, 10, NULL, NULL, NULL, NULL, 154),
(1354, 68, 12, 70, NULL, NULL, NULL, NULL),
(1355, 68, 13, 70, NULL, NULL, NULL, NULL),
(1356, 68, 14, 80, NULL, NULL, NULL, NULL),
(1357, 68, 15, 80, NULL, NULL, NULL, NULL),
(1358, 68, 29, NULL, NULL, NULL, NULL, 406),
(1359, 68, 11, NULL, NULL, NULL, NULL, 819),
(1360, 68, 20, 39000, NULL, NULL, NULL, NULL),
(1361, 69, 3, NULL, '3075', NULL, NULL, NULL),
(1363, 69, 23, NULL, NULL, NULL, NULL, 463),
(1364, 69, 27, NULL, NULL, NULL, NULL, 401),
(1365, 69, 16, NULL, NULL, NULL, NULL, 175),
(1366, 69, 17, NULL, NULL, NULL, NULL, 768),
(1367, 69, 9, NULL, NULL, NULL, NULL, 132),
(1368, 69, 8, NULL, NULL, NULL, NULL, 119),
(1369, 69, 7, NULL, NULL, NULL, NULL, 105),
(1370, 69, 28, NULL, NULL, NULL, NULL, 817),
(1371, 69, 18, NULL, NULL, NULL, NULL, 454),
(1372, 69, 19, NULL, NULL, NULL, NULL, 347),
(1373, 69, 10, NULL, NULL, NULL, NULL, 154),
(1374, 69, 12, 61, NULL, NULL, NULL, NULL),
(1375, 69, 13, 61, NULL, NULL, NULL, NULL),
(1376, 69, 14, 72, NULL, NULL, NULL, NULL),
(1377, 69, 15, 75, NULL, NULL, NULL, NULL),
(1378, 69, 29, NULL, NULL, NULL, NULL, 407),
(1379, 69, 11, NULL, NULL, NULL, NULL, 830),
(1380, 69, 20, 35000, NULL, NULL, NULL, NULL),
(1381, 70, 3, NULL, '3076', NULL, NULL, NULL),
(1383, 70, 23, NULL, NULL, NULL, NULL, 463),
(1384, 70, 27, NULL, NULL, NULL, NULL, 401),
(1385, 70, 16, NULL, NULL, NULL, NULL, 159),
(1386, 70, 17, NULL, NULL, NULL, NULL, 791),
(1387, 70, 9, NULL, NULL, NULL, NULL, 130),
(1388, 70, 8, NULL, NULL, NULL, NULL, 118),
(1389, 70, 7, NULL, NULL, NULL, NULL, 103),
(1390, 70, 28, NULL, NULL, NULL, NULL, 817),
(1391, 70, 18, NULL, NULL, NULL, NULL, 449),
(1392, 70, 19, NULL, NULL, NULL, NULL, 347),
(1393, 70, 10, NULL, NULL, NULL, NULL, 150),
(1394, 70, 12, 60, NULL, NULL, NULL, NULL),
(1395, 70, 13, 65, NULL, NULL, NULL, NULL),
(1396, 70, 14, 74, NULL, NULL, NULL, NULL),
(1397, 70, 15, 78, NULL, NULL, NULL, NULL),
(1398, 70, 29, NULL, NULL, NULL, NULL, 407),
(1399, 70, 11, NULL, NULL, NULL, NULL, 819),
(1400, 70, 20, 35000, NULL, NULL, NULL, NULL),
(1401, 71, 3, NULL, '3077', NULL, NULL, NULL),
(1403, 71, 23, NULL, NULL, NULL, NULL, 465),
(1404, 71, 27, NULL, NULL, NULL, NULL, 401),
(1405, 71, 16, NULL, NULL, NULL, NULL, 159),
(1406, 71, 17, NULL, NULL, NULL, NULL, 804),
(1407, 71, 9, NULL, NULL, NULL, NULL, 132),
(1408, 71, 8, NULL, NULL, NULL, NULL, 119),
(1409, 71, 7, NULL, NULL, NULL, NULL, 105),
(1410, 71, 28, NULL, NULL, NULL, NULL, 817),
(1411, 71, 18, NULL, NULL, NULL, NULL, 455),
(1412, 71, 19, NULL, NULL, NULL, NULL, 344),
(1413, 71, 10, NULL, NULL, NULL, NULL, 152),
(1414, 71, 12, 77, NULL, NULL, NULL, NULL),
(1415, 71, 13, 89, NULL, NULL, NULL, NULL),
(1416, 71, 14, 92, NULL, NULL, NULL, NULL),
(1417, 71, 15, 100, NULL, NULL, NULL, NULL),
(1418, 71, 29, NULL, NULL, NULL, NULL, 406),
(1419, 71, 11, NULL, NULL, NULL, NULL, 819),
(1420, 71, 20, 40000, NULL, NULL, NULL, NULL),
(1421, 72, 3, NULL, '3078', NULL, NULL, NULL),
(1423, 72, 23, NULL, NULL, NULL, NULL, 463),
(1424, 72, 27, NULL, NULL, NULL, NULL, 401),
(1425, 72, 16, NULL, NULL, NULL, NULL, 175),
(1426, 72, 17, NULL, NULL, NULL, NULL, 768),
(1427, 72, 9, NULL, NULL, NULL, NULL, 129),
(1428, 72, 8, NULL, NULL, NULL, NULL, 120),
(1429, 72, 7, NULL, NULL, NULL, NULL, 104),
(1430, 72, 28, NULL, NULL, NULL, NULL, 817),
(1431, 72, 18, NULL, NULL, NULL, NULL, 452),
(1432, 72, 19, NULL, NULL, NULL, NULL, 347),
(1433, 72, 10, NULL, NULL, NULL, NULL, 149),
(1434, 72, 12, 72, NULL, NULL, NULL, NULL),
(1435, 72, 13, 74, NULL, NULL, NULL, NULL),
(1436, 72, 14, 74, NULL, NULL, NULL, NULL),
(1437, 72, 15, 75, NULL, NULL, NULL, NULL),
(1438, 72, 29, NULL, NULL, NULL, NULL, 406),
(1439, 72, 11, NULL, NULL, NULL, NULL, 833),
(1440, 72, 20, 26400, NULL, NULL, NULL, NULL),
(1441, 73, 3, NULL, '3080', NULL, NULL, NULL),
(1443, 73, 23, NULL, NULL, NULL, NULL, 463),
(1444, 73, 27, NULL, NULL, NULL, NULL, 401),
(1445, 73, 16, NULL, NULL, NULL, NULL, 159),
(1446, 73, 17, NULL, NULL, NULL, NULL, 219),
(1447, 73, 9, NULL, NULL, NULL, NULL, 134),
(1448, 73, 8, NULL, NULL, NULL, NULL, 117),
(1449, 73, 7, NULL, NULL, NULL, NULL, 105),
(1450, 73, 28, NULL, NULL, NULL, NULL, 817),
(1451, 73, 18, NULL, NULL, NULL, NULL, 451),
(1452, 73, 19, NULL, NULL, NULL, NULL, 347),
(1453, 73, 10, NULL, NULL, NULL, NULL, 153),
(1454, 73, 12, 35, NULL, NULL, NULL, NULL),
(1455, 73, 13, 35, NULL, NULL, NULL, NULL),
(1456, 73, 14, 50, NULL, NULL, NULL, NULL),
(1457, 73, 15, 48, NULL, NULL, NULL, NULL),
(1458, 73, 29, NULL, NULL, NULL, NULL, 410),
(1459, 73, 11, NULL, NULL, NULL, NULL, 819),
(1460, 73, 20, 9600, NULL, NULL, NULL, NULL),
(1461, 74, 3, NULL, '3082', NULL, NULL, NULL),
(1463, 74, 23, NULL, NULL, NULL, NULL, 463),
(1464, 74, 27, NULL, NULL, NULL, NULL, 401),
(1465, 74, 16, NULL, NULL, NULL, NULL, 162),
(1466, 74, 17, NULL, NULL, NULL, NULL, 773),
(1467, 74, 9, NULL, NULL, NULL, NULL, 130),
(1468, 74, 8, NULL, NULL, NULL, NULL, 119),
(1469, 74, 7, NULL, NULL, NULL, NULL, 106),
(1470, 74, 28, NULL, NULL, NULL, NULL, 817),
(1471, 74, 18, NULL, NULL, NULL, NULL, 456),
(1472, 74, 19, NULL, NULL, NULL, NULL, 348),
(1473, 74, 10, NULL, NULL, NULL, NULL, 152),
(1474, 74, 12, 50, NULL, NULL, NULL, NULL),
(1475, 74, 13, 53, NULL, NULL, NULL, NULL),
(1476, 74, 14, 62, NULL, NULL, NULL, NULL),
(1477, 74, 15, 64, NULL, NULL, NULL, NULL),
(1478, 74, 29, NULL, NULL, NULL, NULL, 408),
(1479, 74, 11, NULL, NULL, NULL, NULL, 819),
(1480, 74, 20, 19200, NULL, NULL, NULL, NULL),
(1481, 75, 3, NULL, '3083', NULL, NULL, NULL),
(1483, 75, 23, NULL, NULL, NULL, NULL, 463),
(1484, 75, 27, NULL, NULL, NULL, NULL, 401),
(1485, 75, 16, NULL, NULL, NULL, NULL, 162),
(1486, 75, 17, NULL, NULL, NULL, NULL, 773),
(1487, 75, 9, NULL, NULL, NULL, NULL, 130),
(1488, 75, 8, NULL, NULL, NULL, NULL, 119),
(1489, 75, 7, NULL, NULL, NULL, NULL, 106),
(1490, 75, 28, NULL, NULL, NULL, NULL, 817),
(1491, 75, 18, NULL, NULL, NULL, NULL, 456),
(1492, 75, 19, NULL, NULL, NULL, NULL, 348),
(1493, 75, 10, NULL, NULL, NULL, NULL, 152),
(1494, 75, 12, 59, NULL, NULL, NULL, NULL),
(1495, 75, 13, 59, NULL, NULL, NULL, NULL),
(1496, 75, 14, 51, NULL, NULL, NULL, NULL),
(1497, 75, 15, 52, NULL, NULL, NULL, NULL),
(1498, 75, 29, NULL, NULL, NULL, NULL, 408),
(1499, 75, 11, NULL, NULL, NULL, NULL, 819),
(1500, 75, 20, 24000, NULL, NULL, NULL, NULL),
(1501, 76, 3, NULL, '3084', NULL, NULL, NULL),
(1503, 76, 23, NULL, NULL, NULL, NULL, 463),
(1504, 76, 27, NULL, NULL, NULL, NULL, 401),
(1505, 76, 16, NULL, NULL, NULL, NULL, 159),
(1506, 76, 17, NULL, NULL, NULL, NULL, 769),
(1507, 76, 9, NULL, NULL, NULL, NULL, 129),
(1508, 76, 8, NULL, NULL, NULL, NULL, 120),
(1509, 76, 7, NULL, NULL, NULL, NULL, 104),
(1510, 76, 28, NULL, NULL, NULL, NULL, 817),
(1511, 76, 18, NULL, NULL, NULL, NULL, 452),
(1512, 76, 19, NULL, NULL, NULL, NULL, 345),
(1513, 76, 10, NULL, NULL, NULL, NULL, 148),
(1514, 76, 12, 35, NULL, NULL, NULL, NULL),
(1515, 76, 13, 52, NULL, NULL, NULL, NULL),
(1516, 76, 14, 53, NULL, NULL, NULL, NULL),
(1517, 76, 15, 45, NULL, NULL, NULL, NULL),
(1518, 76, 29, NULL, NULL, NULL, NULL, 410),
(1519, 76, 11, NULL, NULL, NULL, NULL, 819),
(1520, 76, 20, 5000, NULL, NULL, NULL, NULL),
(1521, 77, 3, NULL, '3085-1', NULL, NULL, NULL),
(1523, 77, 23, NULL, NULL, NULL, NULL, 465),
(1524, 77, 27, NULL, NULL, NULL, NULL, 401),
(1525, 77, 16, NULL, NULL, NULL, NULL, 159),
(1526, 77, 17, NULL, NULL, NULL, NULL, 195),
(1527, 77, 9, NULL, NULL, NULL, NULL, 128),
(1528, 77, 8, NULL, NULL, NULL, NULL, 119),
(1529, 77, 7, NULL, NULL, NULL, NULL, 99),
(1530, 77, 28, NULL, NULL, NULL, NULL, 815),
(1531, 77, 18, NULL, NULL, NULL, NULL, 435),
(1532, 77, 19, NULL, NULL, NULL, NULL, 343),
(1533, 77, 10, NULL, NULL, NULL, NULL, 146),
(1534, 77, 12, 78, NULL, NULL, NULL, NULL),
(1535, 77, 13, 80, NULL, NULL, NULL, NULL),
(1536, 77, 14, 0, NULL, NULL, NULL, NULL),
(1537, 77, 15, 0, NULL, NULL, NULL, NULL),
(1538, 77, 29, NULL, NULL, NULL, NULL, 406),
(1539, 77, 11, NULL, NULL, NULL, NULL, 819),
(1540, 77, 20, 6000, NULL, NULL, NULL, NULL),
(1541, 78, 3, NULL, '3085-2', NULL, NULL, NULL),
(1543, 78, 23, NULL, NULL, NULL, NULL, 465),
(1544, 78, 27, NULL, NULL, NULL, NULL, 401),
(1545, 78, 16, NULL, NULL, NULL, NULL, 159),
(1546, 78, 17, NULL, NULL, NULL, NULL, 728),
(1547, 78, 9, NULL, NULL, NULL, NULL, 128),
(1548, 78, 8, NULL, NULL, NULL, NULL, 119),
(1549, 78, 7, NULL, NULL, NULL, NULL, 99),
(1550, 78, 28, NULL, NULL, NULL, NULL, 815),
(1551, 78, 18, NULL, NULL, NULL, NULL, 435),
(1552, 78, 19, NULL, NULL, NULL, NULL, 343),
(1553, 78, 10, NULL, NULL, NULL, NULL, 138),
(1554, 78, 12, 62, NULL, NULL, NULL, NULL),
(1555, 78, 13, 65, NULL, NULL, NULL, NULL),
(1556, 78, 14, 0, NULL, NULL, NULL, NULL),
(1557, 78, 15, 0, NULL, NULL, NULL, NULL),
(1558, 78, 29, NULL, NULL, NULL, NULL, 408),
(1559, 78, 11, NULL, NULL, NULL, NULL, 819),
(1560, 78, 20, 5900, NULL, NULL, NULL, NULL),
(1561, 79, 3, NULL, '3086', NULL, NULL, NULL),
(1563, 79, 23, NULL, NULL, NULL, NULL, 465),
(1564, 79, 27, NULL, NULL, NULL, NULL, 401),
(1565, 79, 16, NULL, NULL, NULL, NULL, 159),
(1566, 79, 17, NULL, NULL, NULL, NULL, 708),
(1567, 79, 9, NULL, NULL, NULL, NULL, 127),
(1568, 79, 8, NULL, NULL, NULL, NULL, 119),
(1569, 79, 7, NULL, NULL, NULL, NULL, 97),
(1570, 79, 28, NULL, NULL, NULL, NULL, 817),
(1571, 79, 18, NULL, NULL, NULL, NULL, 435),
(1572, 79, 19, NULL, NULL, NULL, NULL, 343),
(1573, 79, 10, NULL, NULL, NULL, NULL, 138),
(1574, 79, 12, 28, NULL, NULL, NULL, NULL),
(1575, 79, 13, 51, NULL, NULL, NULL, NULL),
(1576, 79, 14, 60, NULL, NULL, NULL, NULL),
(1577, 79, 15, 69, NULL, NULL, NULL, NULL),
(1578, 79, 29, NULL, NULL, NULL, NULL, 409),
(1579, 79, 11, NULL, NULL, NULL, NULL, 819),
(1580, 79, 20, 9600, NULL, NULL, NULL, NULL),
(1581, 80, 3, NULL, '3087', NULL, NULL, NULL),
(1583, 80, 23, NULL, NULL, NULL, NULL, 463),
(1584, 80, 27, NULL, NULL, NULL, NULL, 401),
(1585, 80, 16, NULL, NULL, NULL, NULL, 159),
(1586, 80, 17, NULL, NULL, NULL, NULL, 769),
(1587, 80, 9, NULL, NULL, NULL, NULL, 129),
(1588, 80, 8, NULL, NULL, NULL, NULL, 120),
(1589, 80, 7, NULL, NULL, NULL, NULL, 104),
(1590, 80, 28, NULL, NULL, NULL, NULL, 815),
(1591, 80, 18, NULL, NULL, NULL, NULL, 452),
(1592, 80, 19, NULL, NULL, NULL, NULL, 345),
(1593, 80, 10, NULL, NULL, NULL, NULL, 149),
(1594, 80, 12, 72, NULL, NULL, NULL, NULL),
(1595, 80, 13, 80, NULL, NULL, NULL, NULL),
(1596, 80, 14, 0, NULL, NULL, NULL, NULL),
(1597, 80, 15, 0, NULL, NULL, NULL, NULL),
(1598, 80, 29, NULL, NULL, NULL, NULL, 406),
(1599, 80, 11, NULL, NULL, NULL, NULL, 819),
(1600, 80, 20, 12000, NULL, NULL, NULL, NULL),
(1601, 81, 3, NULL, '3088', NULL, NULL, NULL),
(1603, 81, 23, NULL, NULL, NULL, NULL, 463),
(1604, 81, 27, NULL, NULL, NULL, NULL, 401),
(1605, 81, 16, NULL, NULL, NULL, NULL, 175),
(1606, 81, 17, NULL, NULL, NULL, NULL, 770),
(1607, 81, 9, NULL, NULL, NULL, NULL, 129),
(1608, 81, 8, NULL, NULL, NULL, NULL, 120),
(1609, 81, 7, NULL, NULL, NULL, NULL, 104),
(1610, 81, 28, NULL, NULL, NULL, NULL, 815),
(1611, 81, 18, NULL, NULL, NULL, NULL, 450),
(1612, 81, 19, NULL, NULL, NULL, NULL, 345),
(1613, 81, 10, NULL, NULL, NULL, NULL, 145),
(1614, 81, 12, 100, NULL, NULL, NULL, NULL),
(1615, 81, 13, 100, NULL, NULL, NULL, NULL),
(1616, 81, 14, 0, NULL, NULL, NULL, NULL),
(1617, 81, 15, 0, NULL, NULL, NULL, NULL),
(1618, 81, 29, NULL, NULL, NULL, NULL, 406),
(1619, 81, 11, NULL, NULL, NULL, NULL, 830),
(1620, 81, 20, 12000, NULL, NULL, NULL, NULL),
(1621, 82, 3, NULL, '3089', NULL, NULL, NULL),
(1623, 82, 23, NULL, NULL, NULL, NULL, 463),
(1624, 82, 27, NULL, NULL, NULL, NULL, 401),
(1625, 82, 16, NULL, NULL, NULL, NULL, 162),
(1626, 82, 17, NULL, NULL, NULL, NULL, 739),
(1627, 82, 9, NULL, NULL, NULL, NULL, 128),
(1628, 82, 8, NULL, NULL, NULL, NULL, 121),
(1629, 82, 7, NULL, NULL, NULL, NULL, 105),
(1630, 82, 28, NULL, NULL, NULL, NULL, 815),
(1631, 82, 18, NULL, NULL, NULL, NULL, 454),
(1632, 82, 19, NULL, NULL, NULL, NULL, 345),
(1633, 82, 10, NULL, NULL, NULL, NULL, 146),
(1634, 82, 12, 100, NULL, NULL, NULL, NULL),
(1635, 82, 13, 100, NULL, NULL, NULL, NULL),
(1636, 82, 14, 0, NULL, NULL, NULL, NULL),
(1637, 82, 15, 0, NULL, NULL, NULL, NULL),
(1638, 82, 29, NULL, NULL, NULL, NULL, 406),
(1639, 82, 11, NULL, NULL, NULL, NULL, 830),
(1640, 82, 20, 8400, NULL, NULL, NULL, NULL),
(1641, 83, 3, NULL, '3094', NULL, NULL, NULL),
(1643, 83, 23, NULL, NULL, NULL, NULL, 463),
(1644, 83, 27, NULL, NULL, NULL, NULL, 401),
(1645, 83, 16, NULL, NULL, NULL, NULL, 179),
(1646, 83, 17, NULL, NULL, NULL, NULL, 248),
(1647, 83, 9, NULL, NULL, NULL, NULL, 129),
(1648, 83, 8, NULL, NULL, NULL, NULL, 119),
(1649, 83, 7, NULL, NULL, NULL, NULL, 105),
(1650, 83, 28, NULL, NULL, NULL, NULL, 817),
(1651, 83, 18, NULL, NULL, NULL, NULL, 459),
(1652, 83, 19, NULL, NULL, NULL, NULL, 347),
(1653, 83, 10, NULL, NULL, NULL, NULL, 153),
(1654, 83, 12, 50, NULL, NULL, NULL, NULL),
(1655, 83, 13, 54, NULL, NULL, NULL, NULL),
(1656, 83, 14, 60, NULL, NULL, NULL, NULL),
(1657, 83, 15, 60, NULL, NULL, NULL, NULL),
(1658, 83, 29, NULL, NULL, NULL, NULL, 408),
(1659, 83, 11, NULL, NULL, NULL, NULL, 832),
(1660, 83, 20, 20400, NULL, NULL, NULL, NULL),
(1661, 84, 3, NULL, '3095', NULL, NULL, NULL),
(1663, 84, 23, NULL, NULL, NULL, NULL, 762),
(1664, 84, 27, NULL, NULL, NULL, NULL, 401),
(1665, 84, 16, NULL, NULL, NULL, NULL, 179),
(1666, 84, 17, NULL, NULL, NULL, NULL, 251),
(1667, 84, 9, NULL, NULL, NULL, NULL, 130),
(1668, 84, 8, NULL, NULL, NULL, NULL, 119),
(1669, 84, 7, NULL, NULL, NULL, NULL, 104),
(1670, 84, 28, NULL, NULL, NULL, NULL, 817),
(1671, 84, 18, NULL, NULL, NULL, NULL, 454),
(1672, 84, 19, NULL, NULL, NULL, NULL, 793),
(1673, 84, 10, NULL, NULL, NULL, NULL, 149),
(1674, 84, 12, 68, NULL, NULL, NULL, NULL),
(1675, 84, 13, 68, NULL, NULL, NULL, NULL),
(1676, 84, 14, 70, NULL, NULL, NULL, NULL),
(1677, 84, 15, 72, NULL, NULL, NULL, NULL),
(1678, 84, 29, NULL, NULL, NULL, NULL, 407),
(1679, 84, 11, NULL, NULL, NULL, NULL, 832),
(1680, 84, 20, 19200, NULL, NULL, NULL, NULL),
(1681, 85, 3, NULL, '3096', NULL, NULL, NULL),
(1683, 85, 23, NULL, NULL, NULL, NULL, 463),
(1684, 85, 27, NULL, NULL, NULL, NULL, 401),
(1685, 85, 16, NULL, NULL, NULL, NULL, 162),
(1686, 85, 17, NULL, NULL, NULL, NULL, 317),
(1687, 85, 9, NULL, NULL, NULL, NULL, 131),
(1688, 85, 8, NULL, NULL, NULL, NULL, 118),
(1689, 85, 7, NULL, NULL, NULL, NULL, 101),
(1690, 85, 28, NULL, NULL, NULL, NULL, 817),
(1691, 85, 18, NULL, NULL, NULL, NULL, 441),
(1692, 85, 19, NULL, NULL, NULL, NULL, 348),
(1693, 85, 10, NULL, NULL, NULL, NULL, 151),
(1694, 85, 12, 51, NULL, NULL, NULL, NULL),
(1695, 85, 13, 60, NULL, NULL, NULL, NULL),
(1696, 85, 14, 61, NULL, NULL, NULL, NULL),
(1697, 85, 15, 71, NULL, NULL, NULL, NULL),
(1698, 85, 29, NULL, NULL, NULL, NULL, 408),
(1699, 85, 11, NULL, NULL, NULL, NULL, 819),
(1700, 85, 20, 26400, NULL, NULL, NULL, NULL),
(1701, 86, 3, NULL, '3097', NULL, NULL, NULL),
(1703, 86, 23, NULL, NULL, NULL, NULL, 762),
(1704, 86, 27, NULL, NULL, NULL, NULL, 401),
(1705, 86, 16, NULL, NULL, NULL, NULL, 775),
(1706, 86, 17, NULL, NULL, NULL, NULL, 776),
(1707, 86, 9, NULL, NULL, NULL, NULL, 129),
(1708, 86, 8, NULL, NULL, NULL, NULL, 121),
(1709, 86, 7, NULL, NULL, NULL, NULL, 104),
(1710, 86, 28, NULL, NULL, NULL, NULL, 815),
(1711, 86, 18, NULL, NULL, NULL, NULL, 455),
(1712, 86, 19, NULL, NULL, NULL, NULL, 345),
(1713, 86, 10, NULL, NULL, NULL, NULL, 146),
(1714, 86, 12, 71, NULL, NULL, NULL, NULL),
(1715, 86, 13, 76, NULL, NULL, NULL, NULL),
(1716, 86, 14, 0, NULL, NULL, NULL, NULL),
(1717, 86, 15, 0, NULL, NULL, NULL, NULL),
(1718, 86, 29, NULL, NULL, NULL, NULL, 407),
(1719, 86, 11, NULL, NULL, NULL, NULL, 830),
(1720, 86, 20, 7200, NULL, NULL, NULL, NULL),
(1721, 87, 3, NULL, '3098', NULL, NULL, NULL),
(1723, 87, 23, NULL, NULL, NULL, NULL, 762),
(1724, 87, 27, NULL, NULL, NULL, NULL, 401),
(1725, 87, 16, NULL, NULL, NULL, NULL, 179),
(1726, 87, 17, NULL, NULL, NULL, NULL, 249),
(1727, 87, 9, NULL, NULL, NULL, NULL, 129),
(1728, 87, 8, NULL, NULL, NULL, NULL, 120),
(1729, 87, 7, NULL, NULL, NULL, NULL, 104),
(1730, 87, 28, NULL, NULL, NULL, NULL, 814),
(1731, 87, 18, NULL, NULL, NULL, NULL, 456),
(1732, 87, 19, NULL, NULL, NULL, NULL, 346),
(1733, 87, 10, NULL, NULL, NULL, NULL, 148),
(1735, 87, 13, 0, NULL, NULL, NULL, NULL),
(1736, 87, 14, 0, NULL, NULL, NULL, NULL),
(1737, 87, 15, 0, NULL, NULL, NULL, NULL),
(1738, 87, 29, NULL, NULL, NULL, NULL, 417),
(1739, 87, 11, NULL, NULL, NULL, NULL, 832),
(1740, 87, 20, 8400, NULL, NULL, NULL, NULL),
(1741, 88, 3, NULL, '3099', NULL, NULL, NULL),
(1743, 88, 23, NULL, NULL, NULL, NULL, 762),
(1744, 88, 27, NULL, NULL, NULL, NULL, 401),
(1745, 88, 16, NULL, NULL, NULL, NULL, 179),
(1746, 88, 17, NULL, NULL, NULL, NULL, 249),
(1747, 88, 9, NULL, NULL, NULL, NULL, 129),
(1748, 88, 8, NULL, NULL, NULL, NULL, 120),
(1749, 88, 7, NULL, NULL, NULL, NULL, 106),
(1750, 88, 28, NULL, NULL, NULL, NULL, 814),
(1751, 88, 18, NULL, NULL, NULL, NULL, 456),
(1752, 88, 19, NULL, NULL, NULL, NULL, 346),
(1753, 88, 10, NULL, NULL, NULL, NULL, 149),
(1754, 88, 12, 68, NULL, NULL, NULL, NULL),
(1755, 88, 13, 0, NULL, NULL, NULL, NULL),
(1756, 88, 14, 0, NULL, NULL, NULL, NULL),
(1757, 88, 15, 0, NULL, NULL, NULL, NULL),
(1758, 88, 29, NULL, NULL, NULL, NULL, 407),
(1759, 88, 11, NULL, NULL, NULL, NULL, 832),
(1760, 88, 20, 3500, NULL, NULL, NULL, NULL),
(1761, 89, 3, NULL, '3101', NULL, NULL, NULL),
(1763, 89, 23, NULL, NULL, NULL, NULL, 463),
(1764, 89, 27, NULL, NULL, NULL, NULL, 401),
(1765, 89, 16, NULL, NULL, NULL, NULL, 159),
(1766, 89, 17, NULL, NULL, NULL, NULL, 771),
(1767, 89, 9, NULL, NULL, NULL, NULL, 129),
(1768, 89, 8, NULL, NULL, NULL, NULL, 120),
(1769, 89, 7, NULL, NULL, NULL, NULL, 104),
(1770, 89, 28, NULL, NULL, NULL, NULL, 816),
(1771, 89, 18, NULL, NULL, NULL, NULL, 452),
(1772, 89, 19, NULL, NULL, NULL, NULL, 346),
(1773, 89, 10, NULL, NULL, NULL, NULL, 146),
(1774, 89, 12, 54, NULL, NULL, NULL, NULL),
(1775, 89, 13, 63, NULL, NULL, NULL, NULL),
(1776, 89, 14, 82, NULL, NULL, NULL, NULL),
(1777, 89, 15, 0, NULL, NULL, NULL, NULL),
(1778, 89, 29, NULL, NULL, NULL, NULL, 407),
(1779, 89, 11, NULL, NULL, NULL, NULL, 819),
(1780, 89, 20, 14400, NULL, NULL, NULL, NULL),
(1781, 90, 3, NULL, '3102', NULL, NULL, NULL),
(1783, 90, 23, NULL, NULL, NULL, NULL, 463),
(1784, 90, 27, NULL, NULL, NULL, NULL, 401),
(1785, 90, 16, NULL, NULL, NULL, NULL, 159),
(1786, 90, 17, NULL, NULL, NULL, NULL, 789),
(1787, 90, 9, NULL, NULL, NULL, NULL, 130),
(1788, 90, 8, NULL, NULL, NULL, NULL, 118),
(1789, 90, 7, NULL, NULL, NULL, NULL, 101),
(1790, 90, 28, NULL, NULL, NULL, NULL, 816),
(1791, 90, 18, NULL, NULL, NULL, NULL, 439),
(1792, 90, 19, NULL, NULL, NULL, NULL, 348),
(1793, 90, 10, NULL, NULL, NULL, NULL, 148),
(1794, 90, 12, 81, NULL, NULL, NULL, NULL),
(1795, 90, 13, 82, NULL, NULL, NULL, NULL),
(1796, 90, 14, 83, NULL, NULL, NULL, NULL),
(1797, 90, 15, 0, NULL, NULL, NULL, NULL),
(1798, 90, 29, NULL, NULL, NULL, NULL, 406),
(1799, 90, 11, NULL, NULL, NULL, NULL, 819),
(1800, 90, 20, 22800, NULL, NULL, NULL, NULL),
(1801, 91, 3, NULL, '3103', NULL, NULL, NULL),
(1803, 91, 23, NULL, NULL, NULL, NULL, 463),
(1804, 91, 27, NULL, NULL, NULL, NULL, 401),
(1805, 91, 16, NULL, NULL, NULL, NULL, 162),
(1806, 91, 17, NULL, NULL, NULL, NULL, 317),
(1807, 91, 9, NULL, NULL, NULL, NULL, 129),
(1808, 91, 8, NULL, NULL, NULL, NULL, 119),
(1809, 91, 7, NULL, NULL, NULL, NULL, 100),
(1810, 91, 28, NULL, NULL, NULL, NULL, 814),
(1811, 91, 18, NULL, NULL, NULL, NULL, 439),
(1812, 91, 19, NULL, NULL, NULL, NULL, 348),
(1813, 91, 10, NULL, NULL, NULL, NULL, 147),
(1815, 91, 13, 0, NULL, NULL, NULL, NULL),
(1816, 91, 14, 0, NULL, NULL, NULL, NULL),
(1817, 91, 15, 0, NULL, NULL, NULL, NULL),
(1818, 91, 29, NULL, NULL, NULL, NULL, 417),
(1819, 91, 11, NULL, NULL, NULL, NULL, 819),
(1820, 91, 20, 7200, NULL, NULL, NULL, NULL),
(1821, 92, 3, NULL, '3104', NULL, NULL, NULL),
(1823, 92, 23, NULL, NULL, NULL, NULL, 463),
(1824, 92, 27, NULL, NULL, NULL, NULL, 401),
(1825, 92, 16, NULL, NULL, NULL, NULL, 159),
(1826, 92, 17, NULL, NULL, NULL, NULL, 737),
(1827, 92, 9, NULL, NULL, NULL, NULL, 128),
(1828, 92, 8, NULL, NULL, NULL, NULL, 121),
(1829, 92, 7, NULL, NULL, NULL, NULL, 100),
(1830, 92, 28, NULL, NULL, NULL, NULL, 814),
(1831, 92, 18, NULL, NULL, NULL, NULL, 441),
(1832, 92, 19, NULL, NULL, NULL, NULL, 345),
(1833, 92, 10, NULL, NULL, NULL, NULL, 145),
(1834, 92, 12, 40, NULL, NULL, NULL, NULL),
(1835, 92, 13, 0, NULL, NULL, NULL, NULL),
(1836, 92, 14, 0, NULL, NULL, NULL, NULL),
(1837, 92, 15, 0, NULL, NULL, NULL, NULL),
(1838, 92, 29, NULL, NULL, NULL, NULL, 410),
(1839, 92, 11, NULL, NULL, NULL, NULL, 819),
(1840, 92, 20, 2000, NULL, NULL, NULL, NULL),
(1841, 93, 3, NULL, '3107', NULL, NULL, NULL),
(1843, 93, 23, NULL, NULL, NULL, NULL, 463),
(1844, 93, 27, NULL, NULL, NULL, NULL, 401),
(1845, 93, 16, NULL, NULL, NULL, NULL, 183),
(1846, 93, 17, NULL, NULL, NULL, NULL, 813),
(1847, 93, 9, NULL, NULL, NULL, NULL, 134),
(1848, 93, 8, NULL, NULL, NULL, NULL, 116),
(1849, 93, 7, NULL, NULL, NULL, NULL, 106),
(1850, 93, 28, NULL, NULL, NULL, NULL, 817),
(1851, 93, 18, NULL, NULL, NULL, NULL, 454),
(1852, 93, 19, NULL, NULL, NULL, NULL, 348),
(1853, 93, 10, NULL, NULL, NULL, NULL, 153),
(1854, 93, 12, 54, NULL, NULL, NULL, NULL),
(1855, 93, 13, 55, NULL, NULL, NULL, NULL),
(1856, 93, 14, 63, NULL, NULL, NULL, NULL),
(1857, 93, 15, 64, NULL, NULL, NULL, NULL),
(1858, 93, 29, NULL, NULL, NULL, NULL, 408),
(1859, 93, 11, NULL, NULL, NULL, NULL, 819),
(1860, 93, 20, 50000, NULL, NULL, NULL, NULL),
(1861, 94, 3, NULL, '3111', NULL, NULL, NULL),
(1863, 94, 23, NULL, NULL, NULL, NULL, 463),
(1864, 94, 27, NULL, NULL, NULL, NULL, 401),
(1865, 94, 16, NULL, NULL, NULL, NULL, 164),
(1866, 94, 17, NULL, NULL, NULL, NULL, 853),
(1867, 94, 9, NULL, NULL, NULL, NULL, 127),
(1868, 94, 8, NULL, NULL, NULL, NULL, 854),
(1869, 94, 7, NULL, NULL, NULL, NULL, 855),
(1870, 94, 28, NULL, NULL, NULL, NULL, 815),
(1871, 94, 18, NULL, NULL, NULL, NULL, 856),
(1872, 94, 19, NULL, NULL, NULL, NULL, 857),
(1873, 94, 10, NULL, NULL, NULL, NULL, 139),
(1874, 94, 12, 59, NULL, NULL, NULL, NULL),
(1875, 94, 13, 72, NULL, NULL, NULL, NULL),
(1876, 94, 14, 0, NULL, NULL, NULL, NULL),
(1877, 94, 15, 0, NULL, NULL, NULL, NULL),
(1878, 94, 29, NULL, NULL, NULL, NULL, 407),
(1879, 94, 11, NULL, NULL, NULL, NULL, 819),
(1880, 94, 20, 6000, NULL, NULL, NULL, NULL),
(1881, 95, 3, NULL, '3112', NULL, NULL, NULL),
(1883, 95, 23, NULL, NULL, NULL, NULL, 463),
(1884, 95, 27, NULL, NULL, NULL, NULL, 401),
(1885, 95, 16, NULL, NULL, NULL, NULL, 161),
(1886, 95, 17, NULL, NULL, NULL, NULL, 713),
(1887, 95, 9, NULL, NULL, NULL, NULL, 127),
(1888, 95, 8, NULL, NULL, NULL, NULL, 120),
(1889, 95, 7, NULL, NULL, NULL, NULL, 98),
(1890, 95, 28, NULL, NULL, NULL, NULL, 814),
(1891, 95, 18, NULL, NULL, NULL, NULL, 434),
(1892, 95, 19, NULL, NULL, NULL, NULL, 347),
(1893, 95, 10, NULL, NULL, NULL, NULL, 144),
(1894, 95, 12, 53, NULL, NULL, NULL, NULL),
(1895, 95, 13, 0, NULL, NULL, NULL, NULL),
(1896, 95, 14, 0, NULL, NULL, NULL, NULL),
(1897, 95, 15, 0, NULL, NULL, NULL, NULL),
(1898, 95, 29, NULL, NULL, NULL, NULL, 409),
(1899, 95, 11, NULL, NULL, NULL, NULL, 829),
(1900, 95, 20, 3000, NULL, NULL, NULL, NULL),
(1901, 96, 3, NULL, '3113', NULL, NULL, NULL),
(1903, 96, 23, NULL, NULL, NULL, NULL, 463),
(1904, 96, 27, NULL, NULL, NULL, NULL, 401),
(1905, 96, 16, NULL, NULL, NULL, NULL, 159),
(1906, 96, 17, NULL, NULL, NULL, NULL, 716),
(1907, 96, 9, NULL, NULL, NULL, NULL, 128),
(1908, 96, 8, NULL, NULL, NULL, NULL, 121),
(1909, 96, 7, NULL, NULL, NULL, NULL, 104),
(1910, 96, 28, NULL, NULL, NULL, NULL, 814),
(1911, 96, 18, NULL, NULL, NULL, NULL, 451),
(1912, 96, 19, NULL, NULL, NULL, NULL, 345),
(1913, 96, 10, NULL, NULL, NULL, NULL, 142),
(1914, 96, 12, 58, NULL, NULL, NULL, NULL),
(1915, 96, 13, 0, NULL, NULL, NULL, NULL),
(1916, 96, 14, 0, NULL, NULL, NULL, NULL),
(1917, 96, 15, 0, NULL, NULL, NULL, NULL),
(1918, 96, 29, NULL, NULL, NULL, NULL, 408),
(1919, 96, 11, NULL, NULL, NULL, NULL, 830),
(1920, 96, 20, 3000, NULL, NULL, NULL, NULL),
(1921, 97, 3, NULL, '3114', NULL, NULL, NULL),
(1923, 97, 23, NULL, NULL, NULL, NULL, 463),
(1924, 97, 27, NULL, NULL, NULL, NULL, 401),
(1925, 97, 16, NULL, NULL, NULL, NULL, 162),
(1926, 97, 17, NULL, NULL, NULL, NULL, 772),
(1927, 97, 9, NULL, NULL, NULL, NULL, 129),
(1928, 97, 8, NULL, NULL, NULL, NULL, 120),
(1929, 97, 7, NULL, NULL, NULL, NULL, 104),
(1930, 97, 28, NULL, NULL, NULL, NULL, 816),
(1931, 97, 18, NULL, NULL, NULL, NULL, 450),
(1932, 97, 19, NULL, NULL, NULL, NULL, 345),
(1933, 97, 10, NULL, NULL, NULL, NULL, 146),
(1934, 97, 12, 46, NULL, NULL, NULL, NULL),
(1935, 97, 13, 47, NULL, NULL, NULL, NULL),
(1936, 97, 14, 51, NULL, NULL, NULL, NULL),
(1937, 97, 15, 0, NULL, NULL, NULL, NULL),
(1938, 97, 29, NULL, NULL, NULL, NULL, 409),
(1939, 97, 11, NULL, NULL, NULL, NULL, 830),
(1940, 97, 20, 4000, NULL, NULL, NULL, NULL),
(1941, 98, 3, NULL, '3115', NULL, NULL, NULL),
(1943, 98, 23, NULL, NULL, NULL, NULL, 465),
(1944, 98, 27, NULL, NULL, NULL, NULL, 401),
(1945, 98, 16, NULL, NULL, NULL, NULL, 159),
(1946, 98, 17, NULL, NULL, NULL, NULL, 738),
(1947, 98, 9, NULL, NULL, NULL, NULL, 128),
(1948, 98, 8, NULL, NULL, NULL, NULL, 121),
(1949, 98, 7, NULL, NULL, NULL, NULL, 104),
(1950, 98, 28, NULL, NULL, NULL, NULL, 815),
(1951, 98, 18, NULL, NULL, NULL, NULL, 452),
(1952, 98, 19, NULL, NULL, NULL, NULL, 343),
(1953, 98, 10, NULL, NULL, NULL, NULL, 138),
(1954, 98, 12, 50, NULL, NULL, NULL, NULL),
(1955, 98, 13, 61, NULL, NULL, NULL, NULL),
(1956, 98, 14, 0, NULL, NULL, NULL, NULL),
(1957, 98, 15, 0, NULL, NULL, NULL, NULL),
(1958, 98, 29, NULL, NULL, NULL, NULL, 409),
(1959, 98, 11, NULL, NULL, NULL, NULL, 819),
(1960, 98, 20, 4000, NULL, NULL, NULL, NULL),
(1961, 99, 3, NULL, '3116', NULL, NULL, NULL),
(1963, 99, 23, NULL, NULL, NULL, NULL, 463),
(1964, 99, 27, NULL, NULL, NULL, NULL, 401),
(1965, 99, 16, NULL, NULL, NULL, NULL, 159),
(1966, 99, 17, NULL, NULL, NULL, NULL, 769),
(1967, 99, 9, NULL, NULL, NULL, NULL, 129),
(1968, 99, 8, NULL, NULL, NULL, NULL, 120),
(1969, 99, 7, NULL, NULL, NULL, NULL, 104),
(1970, 99, 28, NULL, NULL, NULL, NULL, 815),
(1971, 99, 18, NULL, NULL, NULL, NULL, 452),
(1972, 99, 19, NULL, NULL, NULL, NULL, 345),
(1973, 99, 10, NULL, NULL, NULL, NULL, 148),
(1974, 99, 12, 30, NULL, NULL, NULL, NULL),
(1975, 99, 13, 38, NULL, NULL, NULL, NULL),
(1976, 99, 14, 0, NULL, NULL, NULL, NULL),
(1977, 99, 15, 0, NULL, NULL, NULL, NULL),
(1978, 99, 29, NULL, NULL, NULL, NULL, 411),
(1979, 99, 11, NULL, NULL, NULL, NULL, 819),
(1980, 99, 20, 2500, NULL, NULL, NULL, NULL),
(1981, 100, 3, NULL, '3117', NULL, NULL, NULL),
(1983, 100, 23, NULL, NULL, NULL, NULL, 463),
(1984, 100, 27, NULL, NULL, NULL, NULL, 401),
(1985, 100, 16, NULL, NULL, NULL, NULL, 175),
(1986, 100, 17, NULL, NULL, NULL, NULL, 719),
(1987, 100, 9, NULL, NULL, NULL, NULL, 128),
(1988, 100, 8, NULL, NULL, NULL, NULL, 118),
(1989, 100, 7, NULL, NULL, NULL, NULL, 98),
(1990, 100, 28, NULL, NULL, NULL, NULL, 814),
(1991, 100, 18, NULL, NULL, NULL, NULL, 431),
(1992, 100, 19, NULL, NULL, NULL, NULL, 347),
(1993, 100, 10, NULL, NULL, NULL, NULL, 149),
(1994, 100, 12, 33, NULL, NULL, NULL, NULL),
(1995, 100, 13, 0, NULL, NULL, NULL, NULL),
(1996, 100, 14, 0, NULL, NULL, NULL, NULL),
(1997, 100, 15, 0, NULL, NULL, NULL, NULL),
(1998, 100, 29, NULL, NULL, NULL, NULL, 411),
(1999, 100, 11, NULL, NULL, NULL, NULL, 821),
(2000, 100, 20, 1500, NULL, NULL, NULL, NULL),
(2001, 101, 3, NULL, '3118', NULL, NULL, NULL),
(2003, 101, 23, NULL, NULL, NULL, NULL, 463),
(2004, 101, 27, NULL, NULL, NULL, NULL, 401),
(2005, 101, 16, NULL, NULL, NULL, NULL, 173),
(2006, 101, 17, NULL, NULL, NULL, NULL, 720),
(2007, 101, 9, NULL, NULL, NULL, NULL, 128),
(2008, 101, 8, NULL, NULL, NULL, NULL, 118),
(2009, 101, 7, NULL, NULL, NULL, NULL, 98),
(2010, 101, 28, NULL, NULL, NULL, NULL, 814),
(2011, 101, 18, NULL, NULL, NULL, NULL, 429),
(2012, 101, 19, NULL, NULL, NULL, NULL, 348),
(2013, 101, 10, NULL, NULL, NULL, NULL, 145),
(2014, 101, 12, 77, NULL, NULL, NULL, NULL),
(2015, 101, 13, 0, NULL, NULL, NULL, NULL),
(2016, 101, 14, 0, NULL, NULL, NULL, NULL),
(2017, 101, 15, 0, NULL, NULL, NULL, NULL),
(2018, 101, 29, NULL, NULL, NULL, NULL, 406),
(2019, 101, 11, NULL, NULL, NULL, NULL, 819),
(2020, 101, 20, 4000, NULL, NULL, NULL, NULL),
(2021, 102, 3, NULL, '3119', NULL, NULL, NULL),
(2023, 102, 23, NULL, NULL, NULL, NULL, 463),
(2024, 102, 27, NULL, NULL, NULL, NULL, 401),
(2025, 102, 16, NULL, NULL, NULL, NULL, 159),
(2026, 102, 17, NULL, NULL, NULL, NULL, 716),
(2027, 102, 9, NULL, NULL, NULL, NULL, 127),
(2028, 102, 8, NULL, NULL, NULL, NULL, 121),
(2029, 102, 7, NULL, NULL, NULL, NULL, 103),
(2030, 102, 28, NULL, NULL, NULL, NULL, 814),
(2031, 102, 18, NULL, NULL, NULL, NULL, 452),
(2032, 102, 19, NULL, NULL, NULL, NULL, 338),
(2033, 102, 10, NULL, NULL, NULL, NULL, 138),
(2035, 102, 13, 0, NULL, NULL, NULL, NULL),
(2036, 102, 14, 0, NULL, NULL, NULL, NULL),
(2037, 102, 15, 0, NULL, NULL, NULL, NULL),
(2038, 102, 29, NULL, NULL, NULL, NULL, 417),
(2039, 102, 11, NULL, NULL, NULL, NULL, 819),
(2040, 102, 20, 5000, NULL, NULL, NULL, NULL),
(2041, 103, 3, NULL, '3120', NULL, NULL, NULL),
(2043, 103, 23, NULL, NULL, NULL, NULL, 463),
(2044, 103, 27, NULL, NULL, NULL, NULL, 401),
(2045, 103, 16, NULL, NULL, NULL, NULL, 162),
(2046, 103, 17, NULL, NULL, NULL, NULL, 772),
(2047, 103, 9, NULL, NULL, NULL, NULL, 129),
(2048, 103, 8, NULL, NULL, NULL, NULL, 120),
(2049, 103, 7, NULL, NULL, NULL, NULL, 105),
(2050, 103, 28, NULL, NULL, NULL, NULL, 814),
(2051, 103, 18, NULL, NULL, NULL, NULL, 455),
(2052, 103, 19, NULL, NULL, NULL, NULL, 347),
(2053, 103, 10, NULL, NULL, NULL, NULL, 145),
(2055, 103, 13, 0, NULL, NULL, NULL, NULL),
(2056, 103, 14, 0, NULL, NULL, NULL, NULL),
(2057, 103, 15, 0, NULL, NULL, NULL, NULL),
(2058, 103, 29, NULL, NULL, NULL, NULL, 417),
(2059, 103, 11, NULL, NULL, NULL, NULL, 819),
(2060, 103, 20, 6000, NULL, NULL, NULL, NULL),
(2061, 104, 3, NULL, '3127', NULL, NULL, NULL),
(2063, 104, 23, NULL, NULL, NULL, NULL, 463),
(2064, 104, 27, NULL, NULL, NULL, NULL, 401),
(2065, 104, 16, NULL, NULL, NULL, NULL, 162),
(2066, 104, 17, NULL, NULL, NULL, NULL, 773),
(2067, 104, 9, NULL, NULL, NULL, NULL, 129),
(2068, 104, 8, NULL, NULL, NULL, NULL, 120),
(2069, 104, 7, NULL, NULL, NULL, NULL, 105),
(2070, 104, 28, NULL, NULL, NULL, NULL, 814),
(2071, 104, 18, NULL, NULL, NULL, NULL, 455),
(2072, 104, 19, NULL, NULL, NULL, NULL, 346),
(2073, 104, 10, NULL, NULL, NULL, NULL, 143),
(2074, 104, 12, 100, NULL, NULL, NULL, NULL),
(2075, 104, 13, 0, NULL, NULL, NULL, NULL),
(2076, 104, 14, 0, NULL, NULL, NULL, NULL),
(2077, 104, 15, 0, NULL, NULL, NULL, NULL),
(2078, 104, 29, NULL, NULL, NULL, NULL, 406),
(2079, 104, 11, NULL, NULL, NULL, NULL, 819),
(2080, 104, 20, 5000, NULL, NULL, NULL, NULL),
(2081, 105, 3, NULL, '3136', NULL, NULL, NULL),
(2083, 105, 23, NULL, NULL, NULL, NULL, 463),
(2084, 105, 27, NULL, NULL, NULL, NULL, 401),
(2085, 105, 16, NULL, NULL, NULL, NULL, 162),
(2086, 105, 17, NULL, NULL, NULL, NULL, 317),
(2087, 105, 9, NULL, NULL, NULL, NULL, 131),
(2088, 105, 8, NULL, NULL, NULL, NULL, 118),
(2089, 105, 7, NULL, NULL, NULL, NULL, 101),
(2090, 105, 28, NULL, NULL, NULL, NULL, 817),
(2091, 105, 18, NULL, NULL, NULL, NULL, 441),
(2092, 105, 19, NULL, NULL, NULL, NULL, 348),
(2093, 105, 10, NULL, NULL, NULL, NULL, 151),
(2094, 105, 12, 53, NULL, NULL, NULL, NULL),
(2095, 105, 13, 54, NULL, NULL, NULL, NULL),
(2096, 105, 14, 58, NULL, NULL, NULL, NULL),
(2097, 105, 15, 60, NULL, NULL, NULL, NULL),
(2098, 105, 29, NULL, NULL, NULL, NULL, 408),
(2099, 105, 11, NULL, NULL, NULL, NULL, 819),
(2100, 105, 20, 31000, NULL, NULL, NULL, NULL),
(2101, 106, 3, NULL, '4027', NULL, NULL, NULL),
(2103, 106, 23, NULL, NULL, NULL, NULL, 465),
(2104, 106, 27, NULL, NULL, NULL, NULL, 403),
(2105, 106, 16, NULL, NULL, NULL, NULL, 185),
(2106, 106, 17, NULL, NULL, NULL, NULL, 259),
(2107, 106, 9, NULL, NULL, NULL, NULL, 126),
(2108, 106, 8, NULL, NULL, NULL, NULL, 121),
(2109, 106, 7, NULL, NULL, NULL, NULL, 96),
(2110, 106, 28, NULL, NULL, NULL, NULL, 817),
(2111, 106, 18, NULL, NULL, NULL, NULL, 428),
(2112, 106, 19, NULL, NULL, NULL, NULL, 343),
(2113, 106, 10, NULL, NULL, NULL, NULL, 150),
(2114, 106, 12, 83, NULL, NULL, NULL, NULL),
(2115, 106, 13, 83, NULL, NULL, NULL, NULL),
(2116, 106, 14, 83, NULL, NULL, NULL, NULL),
(2117, 106, 15, 84, NULL, NULL, NULL, NULL),
(2118, 106, 29, NULL, NULL, NULL, NULL, 406),
(2119, 106, 11, NULL, NULL, NULL, NULL, 819),
(2120, 106, 20, 13000, NULL, NULL, NULL, NULL),
(2121, 107, 3, NULL, '4037', NULL, NULL, NULL),
(2123, 107, 23, NULL, NULL, NULL, NULL, 465),
(2124, 107, 27, NULL, NULL, NULL, NULL, 404),
(2125, 107, 16, NULL, NULL, NULL, NULL, 159),
(2126, 107, 17, NULL, NULL, NULL, NULL, 711),
(2127, 107, 9, NULL, NULL, NULL, NULL, 126),
(2128, 107, 8, NULL, NULL, NULL, NULL, 121),
(2129, 107, 7, NULL, NULL, NULL, NULL, 96),
(2130, 107, 28, NULL, NULL, NULL, NULL, 817),
(2131, 107, 18, NULL, NULL, NULL, NULL, 428),
(2132, 107, 19, NULL, NULL, NULL, NULL, 343),
(2133, 107, 10, NULL, NULL, NULL, NULL, 147),
(2134, 107, 12, 74, NULL, NULL, NULL, NULL),
(2135, 107, 13, 77, NULL, NULL, NULL, NULL),
(2136, 107, 14, 81, NULL, NULL, NULL, NULL),
(2137, 107, 15, 81, NULL, NULL, NULL, NULL),
(2138, 107, 29, NULL, NULL, NULL, NULL, 406),
(2139, 107, 11, NULL, NULL, NULL, NULL, 819),
(2140, 107, 20, 8800, NULL, NULL, NULL, NULL),
(2141, 108, 3, NULL, '4040', NULL, NULL, NULL),
(2143, 108, 23, NULL, NULL, NULL, NULL, 465),
(2144, 108, 27, NULL, NULL, NULL, NULL, 404),
(2145, 108, 16, NULL, NULL, NULL, NULL, 159),
(2146, 108, 17, NULL, NULL, NULL, NULL, 711),
(2147, 108, 9, NULL, NULL, NULL, NULL, 126),
(2148, 108, 8, NULL, NULL, NULL, NULL, 121),
(2149, 108, 7, NULL, NULL, NULL, NULL, 94),
(2150, 108, 28, NULL, NULL, NULL, NULL, 817),
(2151, 108, 18, NULL, NULL, NULL, NULL, 421),
(2152, 108, 19, NULL, NULL, NULL, NULL, 343),
(2153, 108, 10, NULL, NULL, NULL, NULL, 149),
(2154, 108, 12, 70, NULL, NULL, NULL, NULL),
(2155, 108, 13, 74, NULL, NULL, NULL, NULL),
(2156, 108, 14, 74, NULL, NULL, NULL, NULL),
(2157, 108, 15, 78, NULL, NULL, NULL, NULL),
(2158, 108, 29, NULL, NULL, NULL, NULL, 407),
(2159, 108, 11, NULL, NULL, NULL, NULL, 819),
(2160, 108, 20, 7000, NULL, NULL, NULL, NULL),
(2161, 109, 3, NULL, '4044', NULL, NULL, NULL),
(2163, 109, 23, NULL, NULL, NULL, NULL, 465),
(2164, 109, 27, NULL, NULL, NULL, NULL, 404),
(2165, 109, 16, NULL, NULL, NULL, NULL, 159),
(2166, 109, 17, NULL, NULL, NULL, NULL, 709),
(2167, 109, 9, NULL, NULL, NULL, NULL, 126),
(2168, 109, 8, NULL, NULL, NULL, NULL, 120),
(2169, 109, 7, NULL, NULL, NULL, NULL, 97),
(2170, 109, 28, NULL, NULL, NULL, NULL, 817),
(2171, 109, 18, NULL, NULL, NULL, NULL, 429),
(2172, 109, 19, NULL, NULL, NULL, NULL, 343),
(2173, 109, 10, NULL, NULL, NULL, NULL, 153),
(2174, 109, 12, 71, NULL, NULL, NULL, NULL),
(2175, 109, 13, 73, NULL, NULL, NULL, NULL),
(2176, 109, 14, 73, NULL, NULL, NULL, NULL),
(2177, 109, 15, 75, NULL, NULL, NULL, NULL),
(2178, 109, 29, NULL, NULL, NULL, NULL, 407),
(2179, 109, 11, NULL, NULL, NULL, NULL, 819),
(2180, 109, 20, 8600, NULL, NULL, NULL, NULL),
(2181, 110, 3, NULL, '3137', NULL, NULL, NULL),
(2183, 110, 23, NULL, NULL, NULL, NULL, 463),
(2184, 110, 27, NULL, NULL, NULL, NULL, 401),
(2185, 110, 16, NULL, NULL, NULL, NULL, 162),
(2186, 110, 17, NULL, NULL, NULL, NULL, 773),
(2187, 110, 9, NULL, NULL, NULL, NULL, 129),
(2188, 110, 8, NULL, NULL, NULL, NULL, 120),
(2189, 110, 7, NULL, NULL, NULL, NULL, 106),
(2190, 110, 28, NULL, NULL, NULL, NULL, 814),
(2191, 110, 18, NULL, NULL, NULL, NULL, 456),
(2192, 110, 19, NULL, NULL, NULL, NULL, 347),
(2193, 110, 10, NULL, NULL, NULL, NULL, 150),
(2194, 110, 12, 50, NULL, NULL, NULL, NULL),
(2195, 110, 13, 0, NULL, NULL, NULL, NULL),
(2196, 110, 14, 0, NULL, NULL, NULL, NULL),
(2197, 110, 15, 0, NULL, NULL, NULL, NULL),
(2198, 110, 29, NULL, NULL, NULL, NULL, 409),
(2199, 110, 11, NULL, NULL, NULL, NULL, 819),
(2200, 110, 20, 3500, NULL, NULL, NULL, NULL),
(2201, 111, 3, NULL, '3138', NULL, NULL, NULL),
(2203, 111, 23, NULL, NULL, NULL, NULL, 463),
(2204, 111, 27, NULL, NULL, NULL, NULL, 401),
(2205, 111, 16, NULL, NULL, NULL, NULL, 159),
(2206, 111, 17, NULL, NULL, NULL, NULL, 219),
(2207, 111, 9, NULL, NULL, NULL, NULL, 132),
(2208, 111, 8, NULL, NULL, NULL, NULL, 119),
(2209, 111, 7, NULL, NULL, NULL, NULL, 105),
(2210, 111, 28, NULL, NULL, NULL, NULL, 814),
(2211, 111, 18, NULL, NULL, NULL, NULL, 455),
(2212, 111, 19, NULL, NULL, NULL, NULL, 347),
(2213, 111, 10, NULL, NULL, NULL, NULL, 152),
(2214, 111, 12, 63, NULL, NULL, NULL, NULL),
(2215, 111, 13, 0, NULL, NULL, NULL, NULL),
(2216, 111, 14, 0, NULL, NULL, NULL, NULL),
(2217, 111, 15, 0, NULL, NULL, NULL, NULL),
(2218, 111, 29, NULL, NULL, NULL, NULL, 407),
(2219, 111, 11, NULL, NULL, NULL, NULL, 819),
(2220, 111, 20, 7200, NULL, NULL, NULL, NULL),
(2221, 112, 3, NULL, '5007', NULL, NULL, NULL),
(2223, 112, 23, NULL, NULL, NULL, NULL, 465),
(2224, 112, 27, NULL, NULL, NULL, NULL, 403),
(2225, 112, 16, NULL, NULL, NULL, NULL, 185),
(2226, 112, 17, NULL, NULL, NULL, NULL, 260),
(2227, 112, 9, NULL, NULL, NULL, NULL, 127),
(2228, 112, 8, NULL, NULL, NULL, NULL, 120),
(2229, 112, 7, NULL, NULL, NULL, NULL, 95),
(2230, 112, 28, NULL, NULL, NULL, NULL, 817),
(2231, 112, 18, NULL, NULL, NULL, NULL, 424),
(2232, 112, 19, NULL, NULL, NULL, NULL, 343),
(2233, 112, 10, NULL, NULL, NULL, NULL, 150),
(2234, 112, 12, 70, NULL, NULL, NULL, NULL),
(2235, 112, 13, 71, NULL, NULL, NULL, NULL),
(2236, 112, 14, 72, NULL, NULL, NULL, NULL),
(2237, 112, 15, 73, NULL, NULL, NULL, NULL),
(2238, 112, 29, NULL, NULL, NULL, NULL, 407),
(2239, 112, 11, NULL, NULL, NULL, NULL, 819),
(2240, 112, 20, 8400, NULL, NULL, NULL, NULL),
(2241, 113, 3, NULL, '3140', NULL, NULL, NULL),
(2243, 113, 23, NULL, NULL, NULL, NULL, 762),
(2244, 113, 27, NULL, NULL, NULL, NULL, 401),
(2245, 113, 16, NULL, NULL, NULL, NULL, 858),
(2246, 113, 17, NULL, NULL, NULL, NULL, 859),
(2247, 113, 9, NULL, NULL, NULL, NULL, 129),
(2248, 113, 8, NULL, NULL, NULL, NULL, 120),
(2249, 113, 7, NULL, NULL, NULL, NULL, 101),
(2250, 113, 28, NULL, NULL, NULL, NULL, 817),
(2251, 113, 18, NULL, NULL, NULL, NULL, 448),
(2252, 113, 19, NULL, NULL, NULL, NULL, 345),
(2253, 113, 10, NULL, NULL, NULL, NULL, 149),
(2254, 113, 12, 81, NULL, NULL, NULL, NULL),
(2255, 113, 13, 84, NULL, NULL, NULL, NULL),
(2256, 113, 14, 86, NULL, NULL, NULL, NULL),
(2257, 113, 15, 89, NULL, NULL, NULL, NULL),
(2258, 113, 29, NULL, NULL, NULL, NULL, 406),
(2259, 113, 11, NULL, NULL, NULL, NULL, 823),
(2260, 113, 20, 9600, NULL, NULL, NULL, NULL),
(2261, 114, 3, NULL, '5100', NULL, NULL, NULL),
(2263, 114, 23, NULL, NULL, NULL, NULL, 465),
(2264, 114, 27, NULL, NULL, NULL, NULL, 404),
(2265, 114, 16, NULL, NULL, NULL, NULL, 159),
(2266, 114, 17, NULL, NULL, NULL, NULL, 711),
(2267, 114, 9, NULL, NULL, NULL, NULL, 127),
(2268, 114, 8, NULL, NULL, NULL, NULL, 120),
(2269, 114, 7, NULL, NULL, NULL, NULL, 96),
(2270, 114, 28, NULL, NULL, NULL, NULL, 817),
(2271, 114, 18, NULL, NULL, NULL, NULL, 428),
(2272, 114, 19, NULL, NULL, NULL, NULL, 343),
(2273, 114, 10, NULL, NULL, NULL, NULL, 147),
(2274, 114, 12, 70, NULL, NULL, NULL, NULL),
(2275, 114, 13, 70, NULL, NULL, NULL, NULL),
(2276, 114, 14, 71, NULL, NULL, NULL, NULL),
(2277, 114, 15, 71, NULL, NULL, NULL, NULL),
(2278, 114, 29, NULL, NULL, NULL, NULL, 407),
(2279, 114, 11, NULL, NULL, NULL, NULL, 819),
(2280, 114, 20, 8400, NULL, NULL, NULL, NULL),
(2281, 115, 3, NULL, '4019', NULL, NULL, NULL),
(2283, 115, 23, NULL, NULL, NULL, NULL, 465),
(2284, 115, 27, NULL, NULL, NULL, NULL, 401),
(2285, 115, 16, NULL, NULL, NULL, NULL, 162),
(2286, 115, 17, NULL, NULL, NULL, NULL, 213),
(2287, 115, 9, NULL, NULL, NULL, NULL, 126),
(2288, 115, 8, NULL, NULL, NULL, NULL, 121),
(2289, 115, 7, NULL, NULL, NULL, NULL, 95),
(2290, 115, 28, NULL, NULL, NULL, NULL, 817),
(2291, 115, 18, NULL, NULL, NULL, NULL, 424),
(2292, 115, 19, NULL, NULL, NULL, NULL, 343),
(2293, 115, 10, NULL, NULL, NULL, NULL, 146),
(2294, 115, 12, 71, NULL, NULL, NULL, NULL),
(2295, 115, 13, 72, NULL, NULL, NULL, NULL),
(2296, 115, 14, 72, NULL, NULL, NULL, NULL),
(2297, 115, 15, 72, NULL, NULL, NULL, NULL),
(2298, 115, 29, NULL, NULL, NULL, NULL, 407),
(2299, 115, 11, NULL, NULL, NULL, NULL, 819),
(2300, 115, 20, 8200, NULL, NULL, NULL, NULL),
(2301, 116, 3, NULL, '4046', NULL, NULL, NULL),
(2303, 116, 23, NULL, NULL, NULL, NULL, 465),
(2304, 116, 27, NULL, NULL, NULL, NULL, 401),
(2305, 116, 16, NULL, NULL, NULL, NULL, 159),
(2306, 116, 17, NULL, NULL, NULL, NULL, 322),
(2307, 116, 9, NULL, NULL, NULL, NULL, 126),
(2308, 116, 8, NULL, NULL, NULL, NULL, 120),
(2309, 116, 7, NULL, NULL, NULL, NULL, 95),
(2310, 116, 28, NULL, NULL, NULL, NULL, 817),
(2311, 116, 18, NULL, NULL, NULL, NULL, 422),
(2312, 116, 19, NULL, NULL, NULL, NULL, 343),
(2313, 116, 10, NULL, NULL, NULL, NULL, 147),
(2314, 116, 12, 67, NULL, NULL, NULL, NULL),
(2315, 116, 13, 69, NULL, NULL, NULL, NULL),
(2316, 116, 14, 70, NULL, NULL, NULL, NULL),
(2317, 116, 15, 71, NULL, NULL, NULL, NULL),
(2318, 116, 29, NULL, NULL, NULL, NULL, 407),
(2319, 116, 11, NULL, NULL, NULL, NULL, 819),
(2320, 116, 20, 7500, NULL, NULL, NULL, NULL),
(2321, 117, 3, NULL, '4047', NULL, NULL, NULL),
(2323, 117, 23, NULL, NULL, NULL, NULL, 465),
(2324, 117, 27, NULL, NULL, NULL, NULL, 401),
(2325, 117, 16, NULL, NULL, NULL, NULL, 159),
(2326, 117, 17, NULL, NULL, NULL, NULL, 306),
(2327, 117, 9, NULL, NULL, NULL, NULL, 126),
(2328, 117, 8, NULL, NULL, NULL, NULL, 121),
(2329, 117, 7, NULL, NULL, NULL, NULL, 95),
(2330, 117, 28, NULL, NULL, NULL, NULL, 817),
(2331, 117, 18, NULL, NULL, NULL, NULL, 424),
(2332, 117, 19, NULL, NULL, NULL, NULL, 343),
(2333, 117, 10, NULL, NULL, NULL, NULL, 150),
(2334, 117, 12, 73, NULL, NULL, NULL, NULL),
(2335, 117, 13, 75, NULL, NULL, NULL, NULL),
(2336, 117, 14, 85, NULL, NULL, NULL, NULL),
(2337, 117, 15, 85, NULL, NULL, NULL, NULL),
(2338, 117, 29, NULL, NULL, NULL, NULL, 406),
(2339, 117, 11, NULL, NULL, NULL, NULL, 819),
(2340, 117, 20, 9400, NULL, NULL, NULL, NULL),
(2341, 118, 3, NULL, '5047', NULL, NULL, NULL),
(2343, 118, 23, NULL, NULL, NULL, NULL, 465),
(2344, 118, 27, NULL, NULL, NULL, NULL, 401),
(2345, 118, 16, NULL, NULL, NULL, NULL, 159),
(2346, 118, 17, NULL, NULL, NULL, NULL, 709),
(2347, 118, 9, NULL, NULL, NULL, NULL, 127),
(2348, 118, 8, NULL, NULL, NULL, NULL, 120),
(2349, 118, 7, NULL, NULL, NULL, NULL, 96),
(2350, 118, 28, NULL, NULL, NULL, NULL, 817),
(2351, 118, 18, NULL, NULL, NULL, NULL, 428),
(2352, 118, 19, NULL, NULL, NULL, NULL, 343),
(2353, 118, 10, NULL, NULL, NULL, NULL, 146),
(2354, 118, 12, 65, NULL, NULL, NULL, NULL),
(2355, 118, 13, 65, NULL, NULL, NULL, NULL),
(2356, 118, 14, 65, NULL, NULL, NULL, NULL),
(2357, 118, 15, 65, NULL, NULL, NULL, NULL),
(2358, 118, 29, NULL, NULL, NULL, NULL, 408),
(2359, 118, 11, NULL, NULL, NULL, NULL, 819),
(2360, 118, 20, 8000, NULL, NULL, NULL, NULL),
(2361, 119, 3, NULL, '5108', NULL, NULL, NULL),
(2363, 119, 23, NULL, NULL, NULL, NULL, 465),
(2364, 119, 27, NULL, NULL, NULL, NULL, 401),
(2365, 119, 16, NULL, NULL, NULL, NULL, 159),
(2366, 119, 17, NULL, NULL, NULL, NULL, 711),
(2367, 119, 9, NULL, NULL, NULL, NULL, 127),
(2368, 119, 8, NULL, NULL, NULL, NULL, 120),
(2369, 119, 7, NULL, NULL, NULL, NULL, 97),
(2370, 119, 28, NULL, NULL, NULL, NULL, 815),
(2371, 119, 18, NULL, NULL, NULL, NULL, 431),
(2372, 119, 19, NULL, NULL, NULL, NULL, 343),
(2373, 119, 10, NULL, NULL, NULL, NULL, 147),
(2374, 119, 12, 64, NULL, NULL, NULL, NULL),
(2375, 119, 13, 64, NULL, NULL, NULL, NULL),
(2376, 119, 14, 0, NULL, NULL, NULL, NULL),
(2377, 119, 15, 0, NULL, NULL, NULL, NULL),
(2378, 119, 29, NULL, NULL, NULL, NULL, 408),
(2379, 119, 11, NULL, NULL, NULL, NULL, 819),
(2380, 119, 20, 4000, NULL, NULL, NULL, NULL),
(2381, 120, 3, NULL, '5113', NULL, NULL, NULL),
(2383, 120, 23, NULL, NULL, NULL, NULL, 465),
(2384, 120, 27, NULL, NULL, NULL, NULL, 401),
(2385, 120, 16, NULL, NULL, NULL, NULL, 162),
(2386, 120, 17, NULL, NULL, NULL, NULL, 214),
(2387, 120, 9, NULL, NULL, NULL, NULL, 127),
(2388, 120, 8, NULL, NULL, NULL, NULL, 120),
(2389, 120, 7, NULL, NULL, NULL, NULL, 96),
(2390, 120, 28, NULL, NULL, NULL, NULL, 817),
(2391, 120, 18, NULL, NULL, NULL, NULL, 428),
(2392, 120, 19, NULL, NULL, NULL, NULL, 343),
(2393, 120, 10, NULL, NULL, NULL, NULL, 150),
(2394, 120, 12, 66, NULL, NULL, NULL, NULL),
(2395, 120, 13, 67, NULL, NULL, NULL, NULL),
(2396, 120, 14, 72, NULL, NULL, NULL, NULL),
(2397, 120, 15, 74, NULL, NULL, NULL, NULL),
(2398, 120, 29, NULL, NULL, NULL, NULL, 407),
(2399, 120, 11, NULL, NULL, NULL, NULL, 819),
(2400, 120, 20, 7800, NULL, NULL, NULL, NULL),
(2401, 121, 3, NULL, '5120', NULL, NULL, NULL),
(2403, 121, 23, NULL, NULL, NULL, NULL, 465),
(2404, 121, 27, NULL, NULL, NULL, NULL, 401),
(2405, 121, 16, NULL, NULL, NULL, NULL, 185),
(2406, 121, 17, NULL, NULL, NULL, NULL, 259),
(2407, 121, 9, NULL, NULL, NULL, NULL, 127),
(2408, 121, 8, NULL, NULL, NULL, NULL, 120),
(2409, 121, 7, NULL, NULL, NULL, NULL, 97),
(2410, 121, 28, NULL, NULL, NULL, NULL, 817),
(2411, 121, 18, NULL, NULL, NULL, NULL, 431),
(2412, 121, 19, NULL, NULL, NULL, NULL, 343),
(2413, 121, 10, NULL, NULL, NULL, NULL, 152),
(2414, 121, 12, 68, NULL, NULL, NULL, NULL),
(2415, 121, 13, 69, NULL, NULL, NULL, NULL),
(2416, 121, 14, 70, NULL, NULL, NULL, NULL),
(2417, 121, 15, 71, NULL, NULL, NULL, NULL),
(2418, 121, 29, NULL, NULL, NULL, NULL, 407),
(2419, 121, 11, NULL, NULL, NULL, NULL, 819),
(2420, 121, 20, 8000, NULL, NULL, NULL, NULL),
(2421, 122, 3, NULL, '5122', NULL, NULL, NULL),
(2423, 122, 23, NULL, NULL, NULL, NULL, 463),
(2424, 122, 27, NULL, NULL, NULL, NULL, 402),
(2425, 122, 16, NULL, NULL, NULL, NULL, 185),
(2426, 122, 17, NULL, NULL, NULL, NULL, 209),
(2427, 122, 9, NULL, NULL, NULL, NULL, 127),
(2428, 122, 8, NULL, NULL, NULL, NULL, 120),
(2429, 122, 7, NULL, NULL, NULL, NULL, 97),
(2430, 122, 28, NULL, NULL, NULL, NULL, 817),
(2431, 122, 18, NULL, NULL, NULL, NULL, 431),
(2432, 122, 19, NULL, NULL, NULL, NULL, 345),
(2433, 122, 10, NULL, NULL, NULL, NULL, 149),
(2434, 122, 12, 74, NULL, NULL, NULL, NULL),
(2435, 122, 13, 70, NULL, NULL, NULL, NULL),
(2436, 122, 14, 71, NULL, NULL, NULL, NULL),
(2437, 122, 15, 70, NULL, NULL, NULL, NULL),
(2438, 122, 29, NULL, NULL, NULL, NULL, 406),
(2439, 122, 11, NULL, NULL, NULL, NULL, 819),
(2440, 122, 20, 9600, NULL, NULL, NULL, NULL),
(2441, 123, 3, NULL, '5123', NULL, NULL, NULL),
(2443, 123, 23, NULL, NULL, NULL, NULL, 463),
(2444, 123, 27, NULL, NULL, NULL, NULL, 402),
(2445, 123, 16, NULL, NULL, NULL, NULL, 165),
(2446, 123, 17, NULL, NULL, NULL, NULL, 705),
(2447, 123, 9, NULL, NULL, NULL, NULL, 127),
(2448, 123, 8, NULL, NULL, NULL, NULL, 117),
(2449, 123, 7, NULL, NULL, NULL, NULL, 97),
(2450, 123, 28, NULL, NULL, NULL, NULL, 817),
(2451, 123, 18, NULL, NULL, NULL, NULL, 422),
(2452, 123, 19, NULL, NULL, NULL, NULL, 348),
(2453, 123, 10, NULL, NULL, NULL, NULL, 145),
(2454, 123, 12, 52, NULL, NULL, NULL, NULL),
(2455, 123, 13, 52, NULL, NULL, NULL, NULL),
(2456, 123, 14, 55, NULL, NULL, NULL, NULL),
(2457, 123, 15, 57, NULL, NULL, NULL, NULL),
(2458, 123, 29, NULL, NULL, NULL, NULL, 409),
(2459, 123, 11, NULL, NULL, NULL, NULL, 819),
(2460, 123, 20, 7900, NULL, NULL, NULL, NULL),
(2461, 124, 3, NULL, '5124', NULL, NULL, NULL),
(2463, 124, 23, NULL, NULL, NULL, NULL, 463),
(2464, 124, 27, NULL, NULL, NULL, NULL, 402),
(2465, 124, 16, NULL, NULL, NULL, NULL, 165),
(2466, 124, 17, NULL, NULL, NULL, NULL, 710),
(2467, 124, 9, NULL, NULL, NULL, NULL, 127),
(2468, 124, 8, NULL, NULL, NULL, NULL, 119),
(2469, 124, 7, NULL, NULL, NULL, NULL, 97),
(2470, 124, 28, NULL, NULL, NULL, NULL, 815),
(2471, 124, 18, NULL, NULL, NULL, NULL, 428),
(2472, 124, 19, NULL, NULL, NULL, NULL, 347),
(2473, 124, 10, NULL, NULL, NULL, NULL, 153),
(2474, 124, 12, 74, NULL, NULL, NULL, NULL),
(2475, 124, 13, 74, NULL, NULL, NULL, NULL),
(2476, 124, 14, 0, NULL, NULL, NULL, NULL);
INSERT INTO `good_attribute` (`id`, `good_id`, `attribute_id`, `int_value`, `varchar_value`, `text_value`, `float_value`, `variant_id`) VALUES
(2477, 124, 15, 0, NULL, NULL, NULL, NULL),
(2478, 124, 29, NULL, NULL, NULL, NULL, 406),
(2479, 124, 11, NULL, NULL, NULL, NULL, 819),
(2480, 124, 20, 4900, NULL, NULL, NULL, NULL),
(2481, 125, 3, NULL, '5126', NULL, NULL, NULL),
(2483, 125, 23, NULL, NULL, NULL, NULL, 463),
(2484, 125, 27, NULL, NULL, NULL, NULL, 402),
(2485, 125, 16, NULL, NULL, NULL, NULL, 159),
(2486, 125, 17, NULL, NULL, NULL, NULL, 716),
(2487, 125, 9, NULL, NULL, NULL, NULL, 127),
(2488, 125, 8, NULL, NULL, NULL, NULL, 123),
(2489, 125, 7, NULL, NULL, NULL, NULL, 100),
(2490, 125, 28, NULL, NULL, NULL, NULL, 817),
(2491, 125, 18, NULL, NULL, NULL, NULL, 445),
(2492, 125, 19, NULL, NULL, NULL, NULL, 345),
(2493, 125, 10, NULL, NULL, NULL, NULL, 149),
(2494, 125, 12, 55, NULL, NULL, NULL, NULL),
(2495, 125, 13, 58, NULL, NULL, NULL, NULL),
(2496, 125, 14, 58, NULL, NULL, NULL, NULL),
(2497, 125, 15, 59, NULL, NULL, NULL, NULL),
(2498, 125, 29, NULL, NULL, NULL, NULL, 408),
(2499, 125, 11, NULL, NULL, NULL, NULL, 819),
(2500, 125, 20, 10900, NULL, NULL, NULL, NULL),
(2501, 126, 3, NULL, '5127', NULL, NULL, NULL),
(2503, 126, 23, NULL, NULL, NULL, NULL, 463),
(2504, 126, 27, NULL, NULL, NULL, NULL, 402),
(2505, 126, 16, NULL, NULL, NULL, NULL, 159),
(2506, 126, 17, NULL, NULL, NULL, NULL, 706),
(2507, 126, 9, NULL, NULL, NULL, NULL, 127),
(2508, 126, 8, NULL, NULL, NULL, NULL, 117),
(2509, 126, 7, NULL, NULL, NULL, NULL, 97),
(2510, 126, 28, NULL, NULL, NULL, NULL, 817),
(2511, 126, 18, NULL, NULL, NULL, NULL, 422),
(2512, 126, 19, NULL, NULL, NULL, NULL, 348),
(2513, 126, 10, NULL, NULL, NULL, NULL, 149),
(2514, 126, 12, 55, NULL, NULL, NULL, NULL),
(2515, 126, 13, 58, NULL, NULL, NULL, NULL),
(2516, 126, 14, 58, NULL, NULL, NULL, NULL),
(2517, 126, 15, 59, NULL, NULL, NULL, NULL),
(2518, 126, 29, NULL, NULL, NULL, NULL, 408),
(2519, 126, 11, NULL, NULL, NULL, NULL, 819),
(2520, 126, 20, 6800, NULL, NULL, NULL, NULL),
(2521, 127, 3, NULL, '6079', NULL, NULL, NULL),
(2523, 127, 23, NULL, NULL, NULL, NULL, 465),
(2524, 127, 27, NULL, NULL, NULL, NULL, 403),
(2525, 127, 16, NULL, NULL, NULL, NULL, 185),
(2526, 127, 17, NULL, NULL, NULL, NULL, 259),
(2527, 127, 9, NULL, NULL, NULL, NULL, 128),
(2528, 127, 8, NULL, NULL, NULL, NULL, 119),
(2529, 127, 7, NULL, NULL, NULL, NULL, 99),
(2530, 127, 28, NULL, NULL, NULL, NULL, 817),
(2531, 127, 18, NULL, NULL, NULL, NULL, 435),
(2532, 127, 19, NULL, NULL, NULL, NULL, 343),
(2533, 127, 10, NULL, NULL, NULL, NULL, 148),
(2534, 127, 12, 70, NULL, NULL, NULL, NULL),
(2535, 127, 13, 74, NULL, NULL, NULL, NULL),
(2536, 127, 14, 74, NULL, NULL, NULL, NULL),
(2537, 127, 15, 77, NULL, NULL, NULL, NULL),
(2538, 127, 29, NULL, NULL, NULL, NULL, 407),
(2539, 127, 11, NULL, NULL, NULL, NULL, 819),
(2540, 127, 20, 13000, NULL, NULL, NULL, NULL),
(2541, 128, 3, NULL, '5153', NULL, NULL, NULL),
(2543, 128, 23, NULL, NULL, NULL, NULL, 463),
(2544, 128, 27, NULL, NULL, NULL, NULL, 401),
(2545, 128, 16, NULL, NULL, NULL, NULL, 185),
(2546, 128, 17, NULL, NULL, NULL, NULL, 209),
(2547, 128, 9, NULL, NULL, NULL, NULL, 127),
(2548, 128, 8, NULL, NULL, NULL, NULL, 118),
(2549, 128, 7, NULL, NULL, NULL, NULL, 97),
(2550, 128, 28, NULL, NULL, NULL, NULL, 817),
(2551, 128, 18, NULL, NULL, NULL, NULL, 424),
(2552, 128, 19, NULL, NULL, NULL, NULL, 348),
(2553, 128, 10, NULL, NULL, NULL, NULL, 150),
(2554, 128, 12, 65, NULL, NULL, NULL, NULL),
(2555, 128, 13, 66, NULL, NULL, NULL, NULL),
(2556, 128, 14, 67, NULL, NULL, NULL, NULL),
(2557, 128, 15, 68, NULL, NULL, NULL, NULL),
(2558, 128, 29, NULL, NULL, NULL, NULL, 407),
(2559, 128, 11, NULL, NULL, NULL, NULL, 819),
(2560, 128, 20, 9900, NULL, NULL, NULL, NULL),
(2561, 129, 3, NULL, '6121', NULL, NULL, NULL),
(2563, 129, 23, NULL, NULL, NULL, NULL, 465),
(2564, 129, 27, NULL, NULL, NULL, NULL, 404),
(2565, 129, 16, NULL, NULL, NULL, NULL, 162),
(2566, 129, 17, NULL, NULL, NULL, NULL, 242),
(2567, 129, 9, NULL, NULL, NULL, NULL, 128),
(2568, 129, 8, NULL, NULL, NULL, NULL, 119),
(2569, 129, 7, NULL, NULL, NULL, NULL, 99),
(2570, 129, 28, NULL, NULL, NULL, NULL, 817),
(2571, 129, 18, NULL, NULL, NULL, NULL, 435),
(2572, 129, 19, NULL, NULL, NULL, NULL, 343),
(2573, 129, 10, NULL, NULL, NULL, NULL, 145),
(2574, 129, 12, 90, NULL, NULL, NULL, NULL),
(2575, 129, 13, 90, NULL, NULL, NULL, NULL),
(2576, 129, 14, 90, NULL, NULL, NULL, NULL),
(2577, 129, 15, 90, NULL, NULL, NULL, NULL),
(2578, 129, 29, NULL, NULL, NULL, NULL, 406),
(2579, 129, 11, NULL, NULL, NULL, NULL, 819),
(2580, 129, 20, 12500, NULL, NULL, NULL, NULL),
(2581, 130, 3, NULL, '6122', NULL, NULL, NULL),
(2583, 130, 23, NULL, NULL, NULL, NULL, 465),
(2584, 130, 27, NULL, NULL, NULL, NULL, 404),
(2585, 130, 16, NULL, NULL, NULL, NULL, 162),
(2586, 130, 17, NULL, NULL, NULL, NULL, 213),
(2587, 130, 9, NULL, NULL, NULL, NULL, 128),
(2588, 130, 8, NULL, NULL, NULL, NULL, 119),
(2589, 130, 7, NULL, NULL, NULL, NULL, 99),
(2590, 130, 28, NULL, NULL, NULL, NULL, 817),
(2591, 130, 18, NULL, NULL, NULL, NULL, 435),
(2592, 130, 19, NULL, NULL, NULL, NULL, 343),
(2593, 130, 10, NULL, NULL, NULL, NULL, 147),
(2594, 130, 12, 82, NULL, NULL, NULL, NULL),
(2595, 130, 13, 82, NULL, NULL, NULL, NULL),
(2596, 130, 14, 82, NULL, NULL, NULL, NULL),
(2597, 130, 15, 82, NULL, NULL, NULL, NULL),
(2598, 130, 29, NULL, NULL, NULL, NULL, 406),
(2599, 130, 11, NULL, NULL, NULL, NULL, 819),
(2600, 130, 20, 13000, NULL, NULL, NULL, NULL),
(2601, 131, 3, NULL, '6123', NULL, NULL, NULL),
(2603, 131, 23, NULL, NULL, NULL, NULL, 465),
(2604, 131, 27, NULL, NULL, NULL, NULL, 404),
(2605, 131, 16, NULL, NULL, NULL, NULL, 159),
(2606, 131, 17, NULL, NULL, NULL, NULL, 711),
(2607, 131, 9, NULL, NULL, NULL, NULL, 128),
(2608, 131, 8, NULL, NULL, NULL, NULL, 119),
(2609, 131, 7, NULL, NULL, NULL, NULL, 99),
(2610, 131, 28, NULL, NULL, NULL, NULL, 817),
(2611, 131, 18, NULL, NULL, NULL, NULL, 435),
(2612, 131, 19, NULL, NULL, NULL, NULL, 343),
(2613, 131, 10, NULL, NULL, NULL, NULL, 147),
(2614, 131, 12, 69, NULL, NULL, NULL, NULL),
(2615, 131, 13, 74, NULL, NULL, NULL, NULL),
(2616, 131, 14, 78, NULL, NULL, NULL, NULL),
(2617, 131, 15, 78, NULL, NULL, NULL, NULL),
(2618, 131, 29, NULL, NULL, NULL, NULL, 407),
(2619, 131, 11, NULL, NULL, NULL, NULL, 819),
(2620, 131, 20, 12000, NULL, NULL, NULL, NULL),
(2621, 132, 3, NULL, '5510', NULL, NULL, NULL),
(2623, 132, 23, NULL, NULL, NULL, NULL, 465),
(2624, 132, 27, NULL, NULL, NULL, NULL, 401),
(2625, 132, 16, NULL, NULL, NULL, NULL, 168),
(2626, 132, 17, NULL, NULL, NULL, NULL, 712),
(2627, 132, 9, NULL, NULL, NULL, NULL, 127),
(2628, 132, 8, NULL, NULL, NULL, NULL, 120),
(2629, 132, 7, NULL, NULL, NULL, NULL, 97),
(2630, 132, 28, NULL, NULL, NULL, NULL, 817),
(2631, 132, 18, NULL, NULL, NULL, NULL, 431),
(2632, 132, 19, NULL, NULL, NULL, NULL, 343),
(2633, 132, 10, NULL, NULL, NULL, NULL, 149),
(2634, 132, 12, 72, NULL, NULL, NULL, NULL),
(2635, 132, 13, 74, NULL, NULL, NULL, NULL),
(2636, 132, 14, 81, NULL, NULL, NULL, NULL),
(2637, 132, 15, 82, NULL, NULL, NULL, NULL),
(2638, 132, 29, NULL, NULL, NULL, NULL, 406),
(2639, 132, 11, NULL, NULL, NULL, NULL, 819),
(2640, 132, 20, 9000, NULL, NULL, NULL, NULL),
(2641, 133, 3, NULL, '6049', NULL, NULL, NULL),
(2643, 133, 23, NULL, NULL, NULL, NULL, 463),
(2644, 133, 27, NULL, NULL, NULL, NULL, 401),
(2645, 133, 16, NULL, NULL, NULL, NULL, 159),
(2646, 133, 17, NULL, NULL, NULL, NULL, 303),
(2647, 133, 9, NULL, NULL, NULL, NULL, 128),
(2648, 133, 8, NULL, NULL, NULL, NULL, 118),
(2649, 133, 7, NULL, NULL, NULL, NULL, 100),
(2650, 133, 28, NULL, NULL, NULL, NULL, 815),
(2651, 133, 18, NULL, NULL, NULL, NULL, 434),
(2652, 133, 19, NULL, NULL, NULL, NULL, 348),
(2653, 133, 10, NULL, NULL, NULL, NULL, 145),
(2654, 133, 12, 42, NULL, NULL, NULL, NULL),
(2655, 133, 13, 42, NULL, NULL, NULL, NULL),
(2656, 133, 14, 0, NULL, NULL, NULL, NULL),
(2657, 133, 15, 0, NULL, NULL, NULL, NULL),
(2658, 133, 29, NULL, NULL, NULL, NULL, 410),
(2659, 133, 11, NULL, NULL, NULL, NULL, 819),
(2660, 133, 20, 4800, NULL, NULL, NULL, NULL),
(2661, 134, 3, NULL, '6120', NULL, NULL, NULL),
(2663, 134, 23, NULL, NULL, NULL, NULL, 465),
(2664, 134, 27, NULL, NULL, NULL, NULL, 401),
(2665, 134, 16, NULL, NULL, NULL, NULL, 159),
(2666, 134, 17, NULL, NULL, NULL, NULL, 731),
(2667, 134, 9, NULL, NULL, NULL, NULL, 128),
(2668, 134, 8, NULL, NULL, NULL, NULL, 119),
(2669, 134, 7, NULL, NULL, NULL, NULL, 101),
(2670, 134, 28, NULL, NULL, NULL, NULL, 817),
(2671, 134, 18, NULL, NULL, NULL, NULL, 440),
(2672, 134, 19, NULL, NULL, NULL, NULL, 343),
(2673, 134, 10, NULL, NULL, NULL, NULL, 145),
(2674, 134, 12, 85, NULL, NULL, NULL, NULL),
(2675, 134, 13, 85, NULL, NULL, NULL, NULL),
(2676, 134, 14, 87, NULL, NULL, NULL, NULL),
(2677, 134, 15, 87, NULL, NULL, NULL, NULL),
(2678, 134, 29, NULL, NULL, NULL, NULL, 406),
(2679, 134, 11, NULL, NULL, NULL, NULL, 819),
(2680, 134, 20, 14500, NULL, NULL, NULL, NULL),
(2681, 135, 3, NULL, '6125', NULL, NULL, NULL),
(2683, 135, 23, NULL, NULL, NULL, NULL, 465),
(2684, 135, 27, NULL, NULL, NULL, NULL, 401),
(2685, 135, 16, NULL, NULL, NULL, NULL, 162),
(2686, 135, 17, NULL, NULL, NULL, NULL, 213),
(2687, 135, 9, NULL, NULL, NULL, NULL, 128),
(2688, 135, 8, NULL, NULL, NULL, NULL, 120),
(2689, 135, 7, NULL, NULL, NULL, NULL, 99),
(2690, 135, 28, NULL, NULL, NULL, NULL, 817),
(2691, 135, 18, NULL, NULL, NULL, NULL, 438),
(2692, 135, 19, NULL, NULL, NULL, NULL, 343),
(2693, 135, 10, NULL, NULL, NULL, NULL, 149),
(2694, 135, 12, 79, NULL, NULL, NULL, NULL),
(2695, 135, 13, 80, NULL, NULL, NULL, NULL),
(2696, 135, 14, 81, NULL, NULL, NULL, NULL),
(2697, 135, 15, 81, NULL, NULL, NULL, NULL),
(2698, 135, 29, NULL, NULL, NULL, NULL, 406),
(2699, 135, 11, NULL, NULL, NULL, NULL, 819),
(2700, 135, 20, 13500, NULL, NULL, NULL, NULL),
(2701, 136, 3, NULL, '6131', NULL, NULL, NULL),
(2703, 136, 23, NULL, NULL, NULL, NULL, 465),
(2704, 136, 27, NULL, NULL, NULL, NULL, 401),
(2705, 136, 16, NULL, NULL, NULL, NULL, 159),
(2706, 136, 17, NULL, NULL, NULL, NULL, 711),
(2707, 136, 9, NULL, NULL, NULL, NULL, 128),
(2708, 136, 8, NULL, NULL, NULL, NULL, 119),
(2709, 136, 7, NULL, NULL, NULL, NULL, 98),
(2710, 136, 28, NULL, NULL, NULL, NULL, 817),
(2711, 136, 18, NULL, NULL, NULL, NULL, 432),
(2712, 136, 19, NULL, NULL, NULL, NULL, 343),
(2713, 136, 10, NULL, NULL, NULL, NULL, 145),
(2714, 136, 12, 60, NULL, NULL, NULL, NULL),
(2715, 136, 13, 63, NULL, NULL, NULL, NULL),
(2716, 136, 14, 64, NULL, NULL, NULL, NULL),
(2717, 136, 15, 68, NULL, NULL, NULL, NULL),
(2718, 136, 29, NULL, NULL, NULL, NULL, 408),
(2719, 136, 11, NULL, NULL, NULL, NULL, 819),
(2720, 136, 20, 11500, NULL, NULL, NULL, NULL),
(2721, 137, 3, NULL, '6134', NULL, NULL, NULL),
(2723, 137, 23, NULL, NULL, NULL, NULL, 463),
(2724, 137, 27, NULL, NULL, NULL, NULL, 402),
(2725, 137, 16, NULL, NULL, NULL, NULL, 185),
(2726, 137, 17, NULL, NULL, NULL, NULL, 734),
(2727, 137, 9, NULL, NULL, NULL, NULL, 128),
(2728, 137, 8, NULL, NULL, NULL, NULL, 121),
(2729, 137, 7, NULL, NULL, NULL, NULL, 99),
(2730, 137, 28, NULL, NULL, NULL, NULL, 817),
(2731, 137, 18, NULL, NULL, NULL, NULL, 439),
(2732, 137, 19, NULL, NULL, NULL, NULL, 345),
(2733, 137, 10, NULL, NULL, NULL, NULL, 146),
(2734, 137, 12, 50, NULL, NULL, NULL, NULL),
(2735, 137, 13, 61, NULL, NULL, NULL, NULL),
(2736, 137, 14, 55, NULL, NULL, NULL, NULL),
(2737, 137, 15, 63, NULL, NULL, NULL, NULL),
(2738, 137, 29, NULL, NULL, NULL, NULL, 408),
(2739, 137, 11, NULL, NULL, NULL, NULL, 819),
(2740, 137, 20, 9900, NULL, NULL, NULL, NULL),
(2741, 138, 3, NULL, '6135', NULL, NULL, NULL),
(2743, 138, 23, NULL, NULL, NULL, NULL, 463),
(2744, 138, 27, NULL, NULL, NULL, NULL, 402),
(2745, 138, 16, NULL, NULL, NULL, NULL, 159),
(2746, 138, 17, NULL, NULL, NULL, NULL, 733),
(2747, 138, 9, NULL, NULL, NULL, NULL, 128),
(2748, 138, 8, NULL, NULL, NULL, NULL, 120),
(2749, 138, 7, NULL, NULL, NULL, NULL, 99),
(2750, 138, 28, NULL, NULL, NULL, NULL, 817),
(2751, 138, 18, NULL, NULL, NULL, NULL, 438),
(2752, 138, 19, NULL, NULL, NULL, NULL, 347),
(2753, 138, 10, NULL, NULL, NULL, NULL, 146),
(2754, 138, 12, 57, NULL, NULL, NULL, NULL),
(2755, 138, 13, 60, NULL, NULL, NULL, NULL),
(2756, 138, 14, 50, NULL, NULL, NULL, NULL),
(2757, 138, 15, 57, NULL, NULL, NULL, NULL),
(2758, 138, 29, NULL, NULL, NULL, NULL, 408),
(2759, 138, 11, NULL, NULL, NULL, NULL, 819),
(2760, 138, 20, 8800, NULL, NULL, NULL, NULL),
(2761, 139, 3, NULL, '6139', NULL, NULL, NULL),
(2763, 139, 23, NULL, NULL, NULL, NULL, 463),
(2764, 139, 27, NULL, NULL, NULL, NULL, 402),
(2765, 139, 16, NULL, NULL, NULL, NULL, 159),
(2766, 139, 17, NULL, NULL, NULL, NULL, 733),
(2767, 139, 9, NULL, NULL, NULL, NULL, 128),
(2768, 139, 8, NULL, NULL, NULL, NULL, 120),
(2769, 139, 7, NULL, NULL, NULL, NULL, 99),
(2770, 139, 28, NULL, NULL, NULL, NULL, 817),
(2771, 139, 18, NULL, NULL, NULL, NULL, 438),
(2772, 139, 19, NULL, NULL, NULL, NULL, 347),
(2773, 139, 10, NULL, NULL, NULL, NULL, 145),
(2774, 139, 12, 45, NULL, NULL, NULL, NULL),
(2775, 139, 13, 45, NULL, NULL, NULL, NULL),
(2776, 139, 14, 50, NULL, NULL, NULL, NULL),
(2777, 139, 15, 48, NULL, NULL, NULL, NULL),
(2778, 139, 29, NULL, NULL, NULL, NULL, 410),
(2779, 139, 11, NULL, NULL, NULL, NULL, 819),
(2780, 139, 20, 6600, NULL, NULL, NULL, NULL),
(2781, 140, 3, NULL, '6148', NULL, NULL, NULL),
(2783, 140, 23, NULL, NULL, NULL, NULL, 463),
(2784, 140, 27, NULL, NULL, NULL, NULL, 402),
(2785, 140, 16, NULL, NULL, NULL, NULL, 159),
(2786, 140, 17, NULL, NULL, NULL, NULL, 718),
(2787, 140, 9, NULL, NULL, NULL, NULL, 128),
(2788, 140, 8, NULL, NULL, NULL, NULL, 117),
(2789, 140, 7, NULL, NULL, NULL, NULL, 98),
(2790, 140, 28, NULL, NULL, NULL, NULL, 817),
(2791, 140, 18, NULL, NULL, NULL, NULL, 427),
(2792, 140, 19, NULL, NULL, NULL, NULL, 348),
(2793, 140, 10, NULL, NULL, NULL, NULL, 150),
(2794, 140, 12, 70, NULL, NULL, NULL, NULL),
(2795, 140, 13, 70, NULL, NULL, NULL, NULL),
(2796, 140, 14, 79, NULL, NULL, NULL, NULL),
(2797, 140, 15, 80, NULL, NULL, NULL, NULL),
(2798, 140, 29, NULL, NULL, NULL, NULL, 406),
(2799, 140, 11, NULL, NULL, NULL, NULL, 819),
(2800, 140, 20, 9900, NULL, NULL, NULL, NULL),
(2801, 141, 3, NULL, '6151', NULL, NULL, NULL),
(2803, 141, 23, NULL, NULL, NULL, NULL, 463),
(2804, 141, 27, NULL, NULL, NULL, NULL, 402),
(2805, 141, 16, NULL, NULL, NULL, NULL, 159),
(2806, 141, 17, NULL, NULL, NULL, NULL, 729),
(2807, 141, 9, NULL, NULL, NULL, NULL, 128),
(2808, 141, 8, NULL, NULL, NULL, NULL, 119),
(2809, 141, 7, NULL, NULL, NULL, NULL, 99),
(2810, 141, 28, NULL, NULL, NULL, NULL, 817),
(2811, 141, 18, NULL, NULL, NULL, NULL, 435),
(2812, 141, 19, NULL, NULL, NULL, NULL, 347),
(2813, 141, 10, NULL, NULL, NULL, NULL, 152),
(2814, 141, 12, 50, NULL, NULL, NULL, NULL),
(2815, 141, 13, 55, NULL, NULL, NULL, NULL),
(2816, 141, 14, 52, NULL, NULL, NULL, NULL),
(2817, 141, 15, 51, NULL, NULL, NULL, NULL),
(2818, 141, 29, NULL, NULL, NULL, NULL, 409),
(2819, 141, 11, NULL, NULL, NULL, NULL, 819),
(2820, 141, 20, 9900, NULL, NULL, NULL, NULL),
(2821, 142, 3, NULL, '6154', NULL, NULL, NULL),
(2823, 142, 23, NULL, NULL, NULL, NULL, 463),
(2824, 142, 27, NULL, NULL, NULL, NULL, 402),
(2825, 142, 16, NULL, NULL, NULL, NULL, 185),
(2826, 142, 17, NULL, NULL, NULL, NULL, 726),
(2827, 142, 9, NULL, NULL, NULL, NULL, 128),
(2828, 142, 8, NULL, NULL, NULL, NULL, 119),
(2829, 142, 7, NULL, NULL, NULL, NULL, 98),
(2830, 142, 28, NULL, NULL, NULL, NULL, 817),
(2831, 142, 18, NULL, NULL, NULL, NULL, 432),
(2832, 142, 19, NULL, NULL, NULL, NULL, 347),
(2833, 142, 10, NULL, NULL, NULL, NULL, 152),
(2834, 142, 12, 55, NULL, NULL, NULL, NULL),
(2835, 142, 13, 59, NULL, NULL, NULL, NULL),
(2836, 142, 14, 69, NULL, NULL, NULL, NULL),
(2837, 142, 15, 71, NULL, NULL, NULL, NULL),
(2838, 142, 29, NULL, NULL, NULL, NULL, 407),
(2839, 142, 11, NULL, NULL, NULL, NULL, 819),
(2840, 142, 20, 10900, NULL, NULL, NULL, NULL),
(2841, 143, 3, NULL, '6155', NULL, NULL, NULL),
(2843, 143, 23, NULL, NULL, NULL, NULL, 463),
(2844, 143, 27, NULL, NULL, NULL, NULL, 402),
(2845, 143, 16, NULL, NULL, NULL, NULL, 185),
(2846, 143, 17, NULL, NULL, NULL, NULL, 209),
(2847, 143, 9, NULL, NULL, NULL, NULL, 128),
(2848, 143, 8, NULL, NULL, NULL, NULL, 118),
(2849, 143, 7, NULL, NULL, NULL, NULL, 98),
(2850, 143, 28, NULL, NULL, NULL, NULL, 817),
(2851, 143, 18, NULL, NULL, NULL, NULL, 429),
(2852, 143, 19, NULL, NULL, NULL, NULL, 348),
(2853, 143, 10, NULL, NULL, NULL, NULL, 152),
(2854, 143, 12, 66, NULL, NULL, NULL, NULL),
(2855, 143, 13, 66, NULL, NULL, NULL, NULL),
(2856, 143, 14, 73, NULL, NULL, NULL, NULL),
(2857, 143, 15, 74, NULL, NULL, NULL, NULL),
(2858, 143, 29, NULL, NULL, NULL, NULL, 407),
(2859, 143, 11, NULL, NULL, NULL, NULL, 819),
(2860, 143, 20, 12900, NULL, NULL, NULL, NULL),
(2861, 144, 3, NULL, '6156', NULL, NULL, NULL),
(2863, 144, 23, NULL, NULL, NULL, NULL, 463),
(2864, 144, 27, NULL, NULL, NULL, NULL, 402),
(2865, 144, 16, NULL, NULL, NULL, NULL, 159),
(2866, 144, 17, NULL, NULL, NULL, NULL, 732),
(2867, 144, 9, NULL, NULL, NULL, NULL, 128),
(2868, 144, 8, NULL, NULL, NULL, NULL, 120),
(2869, 144, 7, NULL, NULL, NULL, NULL, 98),
(2870, 144, 28, NULL, NULL, NULL, NULL, 817),
(2871, 144, 18, NULL, NULL, NULL, NULL, 435),
(2872, 144, 19, NULL, NULL, NULL, NULL, 345),
(2873, 144, 10, NULL, NULL, NULL, NULL, 148),
(2874, 144, 12, 71, NULL, NULL, NULL, NULL),
(2875, 144, 13, 72, NULL, NULL, NULL, NULL),
(2876, 144, 14, 72, NULL, NULL, NULL, NULL),
(2877, 144, 15, 73, NULL, NULL, NULL, NULL),
(2878, 144, 29, NULL, NULL, NULL, NULL, 406),
(2879, 144, 11, NULL, NULL, NULL, NULL, 819),
(2880, 144, 20, 9900, NULL, NULL, NULL, NULL),
(2881, 145, 3, NULL, '6157', NULL, NULL, NULL),
(2883, 145, 23, NULL, NULL, NULL, NULL, 463),
(2884, 145, 27, NULL, NULL, NULL, NULL, 402),
(2885, 145, 16, NULL, NULL, NULL, NULL, 164),
(2886, 145, 17, NULL, NULL, NULL, NULL, 335),
(2887, 145, 9, NULL, NULL, NULL, NULL, 128),
(2888, 145, 8, NULL, NULL, NULL, NULL, 119),
(2889, 145, 7, NULL, NULL, NULL, NULL, 100),
(2890, 145, 28, NULL, NULL, NULL, NULL, 817),
(2891, 145, 18, NULL, NULL, NULL, NULL, 438),
(2892, 145, 19, NULL, NULL, NULL, NULL, 347),
(2893, 145, 10, NULL, NULL, NULL, NULL, 147),
(2894, 145, 12, 63, NULL, NULL, NULL, NULL),
(2895, 145, 13, 64, NULL, NULL, NULL, NULL),
(2896, 145, 14, 65, NULL, NULL, NULL, NULL),
(2897, 145, 15, 66, NULL, NULL, NULL, NULL),
(2898, 145, 29, NULL, NULL, NULL, NULL, 407),
(2899, 145, 11, NULL, NULL, NULL, NULL, 819),
(2900, 145, 20, 11900, NULL, NULL, NULL, NULL),
(2901, 146, 3, NULL, '6158', NULL, NULL, NULL),
(2903, 146, 23, NULL, NULL, NULL, NULL, 463),
(2904, 146, 27, NULL, NULL, NULL, NULL, 402),
(2905, 146, 16, NULL, NULL, NULL, NULL, 183),
(2906, 146, 17, NULL, NULL, NULL, NULL, 212),
(2907, 146, 9, NULL, NULL, NULL, NULL, 128),
(2908, 146, 8, NULL, NULL, NULL, NULL, 118),
(2909, 146, 7, NULL, NULL, NULL, NULL, 98),
(2910, 146, 28, NULL, NULL, NULL, NULL, 815),
(2911, 146, 18, NULL, NULL, NULL, NULL, 431),
(2912, 146, 19, NULL, NULL, NULL, NULL, 348),
(2913, 146, 10, NULL, NULL, NULL, NULL, 153),
(2914, 146, 12, 70, NULL, NULL, NULL, NULL),
(2915, 146, 13, 70, NULL, NULL, NULL, NULL),
(2916, 146, 14, 0, NULL, NULL, NULL, NULL),
(2917, 146, 15, 0, NULL, NULL, NULL, NULL),
(2918, 146, 29, NULL, NULL, NULL, NULL, 407),
(2919, 146, 11, NULL, NULL, NULL, NULL, 819),
(2920, 146, 20, 6800, NULL, NULL, NULL, NULL),
(2921, 147, 3, NULL, '6159', NULL, NULL, NULL),
(2923, 147, 23, NULL, NULL, NULL, NULL, 463),
(2924, 147, 27, NULL, NULL, NULL, NULL, 402),
(2925, 147, 16, NULL, NULL, NULL, NULL, 159),
(2926, 147, 17, NULL, NULL, NULL, NULL, 722),
(2927, 147, 9, NULL, NULL, NULL, NULL, 128),
(2928, 147, 8, NULL, NULL, NULL, NULL, 118),
(2929, 147, 7, NULL, NULL, NULL, NULL, 98),
(2930, 147, 28, NULL, NULL, NULL, NULL, 815),
(2931, 147, 18, NULL, NULL, NULL, NULL, 431),
(2932, 147, 19, NULL, NULL, NULL, NULL, 348),
(2933, 147, 10, NULL, NULL, NULL, NULL, 151),
(2934, 147, 12, 50, NULL, NULL, NULL, NULL),
(2935, 147, 13, 51, NULL, NULL, NULL, NULL),
(2936, 147, 14, 0, NULL, NULL, NULL, NULL),
(2937, 147, 15, 0, NULL, NULL, NULL, NULL),
(2938, 147, 29, NULL, NULL, NULL, NULL, 409),
(2939, 147, 11, NULL, NULL, NULL, NULL, 827),
(2940, 147, 20, 5900, NULL, NULL, NULL, NULL),
(2941, 148, 3, NULL, '6166', NULL, NULL, NULL),
(2943, 148, 23, NULL, NULL, NULL, NULL, 463),
(2944, 148, 27, NULL, NULL, NULL, NULL, 402),
(2945, 148, 16, NULL, NULL, NULL, NULL, 175),
(2946, 148, 17, NULL, NULL, NULL, NULL, 723),
(2947, 148, 9, NULL, NULL, NULL, NULL, 128),
(2948, 148, 8, NULL, NULL, NULL, NULL, 118),
(2949, 148, 7, NULL, NULL, NULL, NULL, 98),
(2950, 148, 28, NULL, NULL, NULL, NULL, 817),
(2951, 148, 18, NULL, NULL, NULL, NULL, 431),
(2952, 148, 19, NULL, NULL, NULL, NULL, 348),
(2953, 148, 10, NULL, NULL, NULL, NULL, 152),
(2954, 148, 12, 50, NULL, NULL, NULL, NULL),
(2955, 148, 13, 58, NULL, NULL, NULL, NULL),
(2956, 148, 14, 60, NULL, NULL, NULL, NULL),
(2957, 148, 15, 60, NULL, NULL, NULL, NULL),
(2958, 148, 29, NULL, NULL, NULL, NULL, 408),
(2959, 148, 11, NULL, NULL, NULL, NULL, 822),
(2960, 148, 20, 12500, NULL, NULL, NULL, NULL),
(2961, 149, 3, NULL, '6168', NULL, NULL, NULL),
(2963, 149, 23, NULL, NULL, NULL, NULL, 463),
(2964, 149, 27, NULL, NULL, NULL, NULL, 401),
(2965, 149, 16, NULL, NULL, NULL, NULL, 173),
(2966, 149, 17, NULL, NULL, NULL, NULL, 312),
(2967, 149, 9, NULL, NULL, NULL, NULL, 128),
(2968, 149, 8, NULL, NULL, NULL, NULL, 118),
(2969, 149, 7, NULL, NULL, NULL, NULL, 98),
(2970, 149, 28, NULL, NULL, NULL, NULL, 817),
(2971, 149, 18, NULL, NULL, NULL, NULL, 431),
(2972, 149, 19, NULL, NULL, NULL, NULL, 348),
(2973, 149, 10, NULL, NULL, NULL, NULL, 152),
(2974, 149, 12, 59, NULL, NULL, NULL, NULL),
(2975, 149, 13, 60, NULL, NULL, NULL, NULL),
(2976, 149, 14, 63, NULL, NULL, NULL, NULL),
(2977, 149, 15, 64, NULL, NULL, NULL, NULL),
(2978, 149, 29, NULL, NULL, NULL, NULL, 408),
(2979, 149, 11, NULL, NULL, NULL, NULL, 819),
(2980, 149, 20, 12500, NULL, NULL, NULL, NULL),
(2981, 150, 3, NULL, '6635', NULL, NULL, NULL),
(2983, 150, 23, NULL, NULL, NULL, NULL, 465),
(2984, 150, 27, NULL, NULL, NULL, NULL, 403),
(2985, 150, 16, NULL, NULL, NULL, NULL, 159),
(2986, 150, 17, NULL, NULL, NULL, NULL, 206),
(2987, 150, 9, NULL, NULL, NULL, NULL, 128),
(2988, 150, 8, NULL, NULL, NULL, NULL, 121),
(2989, 150, 7, NULL, NULL, NULL, NULL, 104),
(2990, 150, 28, NULL, NULL, NULL, NULL, 817),
(2991, 150, 18, NULL, NULL, NULL, NULL, 452),
(2992, 150, 19, NULL, NULL, NULL, NULL, 343),
(2993, 150, 10, NULL, NULL, NULL, NULL, 143),
(2994, 150, 12, 0, NULL, NULL, NULL, NULL),
(2995, 150, 13, 0, NULL, NULL, NULL, NULL),
(2996, 150, 14, 0, NULL, NULL, NULL, NULL),
(2997, 150, 15, 0, NULL, NULL, NULL, NULL),
(2998, 150, 29, NULL, NULL, NULL, NULL, 416),
(2999, 150, 11, NULL, NULL, NULL, NULL, 819),
(3000, 150, 20, 16900, NULL, NULL, NULL, NULL),
(3001, 151, 3, NULL, '6169', NULL, NULL, NULL),
(3003, 151, 23, NULL, NULL, NULL, NULL, 463),
(3004, 151, 27, NULL, NULL, NULL, NULL, 401),
(3005, 151, 16, NULL, NULL, NULL, NULL, 165),
(3006, 151, 17, NULL, NULL, NULL, NULL, 232),
(3007, 151, 9, NULL, NULL, NULL, NULL, 128),
(3008, 151, 8, NULL, NULL, NULL, NULL, 118),
(3009, 151, 7, NULL, NULL, NULL, NULL, 98),
(3010, 151, 28, NULL, NULL, NULL, NULL, 817),
(3011, 151, 18, NULL, NULL, NULL, NULL, 431),
(3012, 151, 19, NULL, NULL, NULL, NULL, 348),
(3013, 151, 10, NULL, NULL, NULL, NULL, 150),
(3014, 151, 12, 55, NULL, NULL, NULL, NULL),
(3015, 151, 13, 57, NULL, NULL, NULL, NULL),
(3016, 151, 14, 65, NULL, NULL, NULL, NULL),
(3017, 151, 15, 70, NULL, NULL, NULL, NULL),
(3018, 151, 29, NULL, NULL, NULL, NULL, 408),
(3019, 151, 11, NULL, NULL, NULL, NULL, 827),
(3020, 151, 20, 12000, NULL, NULL, NULL, NULL),
(3021, 152, 3, NULL, '6642', NULL, NULL, NULL),
(3023, 152, 23, NULL, NULL, NULL, NULL, 465),
(3024, 152, 27, NULL, NULL, NULL, NULL, 403),
(3025, 152, 16, NULL, NULL, NULL, NULL, 177),
(3026, 152, 17, NULL, NULL, NULL, NULL, 308),
(3027, 152, 9, NULL, NULL, NULL, NULL, 128),
(3028, 152, 8, NULL, NULL, NULL, NULL, 120),
(3029, 152, 7, NULL, NULL, NULL, NULL, 98),
(3030, 152, 28, NULL, NULL, NULL, NULL, 817),
(3031, 152, 18, NULL, NULL, NULL, NULL, 435),
(3032, 152, 19, NULL, NULL, NULL, NULL, 343),
(3033, 152, 10, NULL, NULL, NULL, NULL, 867),
(3034, 152, 12, 0, NULL, NULL, NULL, NULL),
(3035, 152, 13, 0, NULL, NULL, NULL, NULL),
(3036, 152, 14, 0, NULL, NULL, NULL, NULL),
(3037, 152, 15, 0, NULL, NULL, NULL, NULL),
(3038, 152, 29, NULL, NULL, NULL, NULL, 416),
(3039, 152, 11, NULL, NULL, NULL, NULL, 824),
(3040, 152, 20, 9900, NULL, NULL, NULL, NULL),
(3041, 153, 3, NULL, '6170', NULL, NULL, NULL),
(3043, 153, 23, NULL, NULL, NULL, NULL, 463),
(3044, 153, 27, NULL, NULL, NULL, NULL, 401),
(3045, 153, 16, NULL, NULL, NULL, NULL, 159),
(3046, 153, 17, NULL, NULL, NULL, NULL, 218),
(3047, 153, 9, NULL, NULL, NULL, NULL, 128),
(3048, 153, 8, NULL, NULL, NULL, NULL, 120),
(3049, 153, 7, NULL, NULL, NULL, NULL, 98),
(3050, 153, 28, NULL, NULL, NULL, NULL, 817),
(3051, 153, 18, NULL, NULL, NULL, NULL, 435),
(3052, 153, 19, NULL, NULL, NULL, NULL, 346),
(3053, 153, 10, NULL, NULL, NULL, NULL, 151),
(3058, 153, 29, NULL, NULL, NULL, NULL, 417),
(3059, 153, 11, NULL, NULL, NULL, NULL, 819),
(3060, 153, 20, 12500, NULL, NULL, NULL, NULL),
(3061, 154, 3, NULL, '6624', NULL, NULL, NULL),
(3063, 154, 23, NULL, NULL, NULL, NULL, 463),
(3064, 154, 27, NULL, NULL, NULL, NULL, 401),
(3065, 154, 16, NULL, NULL, NULL, NULL, 185),
(3066, 154, 17, NULL, NULL, NULL, NULL, 190),
(3067, 154, 9, NULL, NULL, NULL, NULL, 128),
(3068, 154, 8, NULL, NULL, NULL, NULL, 119),
(3069, 154, 7, NULL, NULL, NULL, NULL, 98),
(3070, 154, 28, NULL, NULL, NULL, NULL, 817),
(3071, 154, 18, NULL, NULL, NULL, NULL, 432),
(3072, 154, 19, NULL, NULL, NULL, NULL, 347),
(3073, 154, 10, NULL, NULL, NULL, NULL, 153),
(3078, 154, 29, NULL, NULL, NULL, NULL, 417),
(3079, 154, 11, NULL, NULL, NULL, NULL, 819),
(3080, 154, 20, 13900, NULL, NULL, NULL, NULL),
(3081, 155, 3, NULL, '6637', NULL, NULL, NULL),
(3083, 155, 23, NULL, NULL, NULL, NULL, 465),
(3084, 155, 27, NULL, NULL, NULL, NULL, 401),
(3085, 155, 16, NULL, NULL, NULL, NULL, 185),
(3086, 155, 17, NULL, NULL, NULL, NULL, 735),
(3087, 155, 9, NULL, NULL, NULL, NULL, 128),
(3088, 155, 8, NULL, NULL, NULL, NULL, 121),
(3089, 155, 7, NULL, NULL, NULL, NULL, 99),
(3090, 155, 28, NULL, NULL, NULL, NULL, 817),
(3091, 155, 18, NULL, NULL, NULL, NULL, 440),
(3092, 155, 19, NULL, NULL, NULL, NULL, 343),
(3093, 155, 10, NULL, NULL, NULL, NULL, 150),
(3094, 155, 12, 76, NULL, NULL, NULL, NULL),
(3095, 155, 13, 77, NULL, NULL, NULL, NULL),
(3096, 155, 14, 78, NULL, NULL, NULL, NULL),
(3097, 155, 15, 78, NULL, NULL, NULL, NULL),
(3098, 155, 29, NULL, NULL, NULL, NULL, 406),
(3099, 155, 11, NULL, NULL, NULL, NULL, 819),
(3100, 155, 20, 14000, NULL, NULL, NULL, NULL),
(3101, 156, 3, NULL, '6647', NULL, NULL, NULL),
(3103, 156, 23, NULL, NULL, NULL, NULL, 465),
(3104, 156, 27, NULL, NULL, NULL, NULL, 401),
(3105, 156, 16, NULL, NULL, NULL, NULL, 159),
(3106, 156, 17, NULL, NULL, NULL, NULL, 736),
(3107, 156, 9, NULL, NULL, NULL, NULL, 128),
(3108, 156, 8, NULL, NULL, NULL, NULL, 121),
(3109, 156, 7, NULL, NULL, NULL, NULL, 99),
(3110, 156, 28, NULL, NULL, NULL, NULL, 817),
(3111, 156, 18, NULL, NULL, NULL, NULL, 440),
(3112, 156, 19, NULL, NULL, NULL, NULL, 343),
(3113, 156, 10, NULL, NULL, NULL, NULL, 149),
(3114, 156, 12, 86, NULL, NULL, NULL, NULL),
(3115, 156, 13, 87, NULL, NULL, NULL, NULL),
(3116, 156, 14, 90, NULL, NULL, NULL, NULL),
(3117, 156, 15, 92, NULL, NULL, NULL, NULL),
(3118, 156, 29, NULL, NULL, NULL, NULL, 406),
(3119, 156, 11, NULL, NULL, NULL, NULL, 819),
(3120, 156, 20, 16000, NULL, NULL, NULL, NULL),
(3121, 157, 3, NULL, '6653', NULL, NULL, NULL),
(3123, 157, 23, NULL, NULL, NULL, NULL, 465),
(3124, 157, 27, NULL, NULL, NULL, NULL, 401),
(3125, 157, 16, NULL, NULL, NULL, NULL, 162),
(3126, 157, 17, NULL, NULL, NULL, NULL, 727),
(3127, 157, 9, NULL, NULL, NULL, NULL, 128),
(3128, 157, 8, NULL, NULL, NULL, NULL, 119),
(3129, 157, 7, NULL, NULL, NULL, NULL, 98),
(3130, 157, 28, NULL, NULL, NULL, NULL, 817),
(3131, 157, 18, NULL, NULL, NULL, NULL, 432),
(3132, 157, 19, NULL, NULL, NULL, NULL, 343),
(3133, 157, 10, NULL, NULL, NULL, NULL, 153),
(3134, 157, 12, 68, NULL, NULL, NULL, NULL),
(3135, 157, 13, 70, NULL, NULL, NULL, NULL),
(3136, 157, 14, 74, NULL, NULL, NULL, NULL),
(3137, 157, 15, 75, NULL, NULL, NULL, NULL),
(3138, 157, 29, NULL, NULL, NULL, NULL, 407),
(3139, 157, 11, NULL, NULL, NULL, NULL, 819),
(3140, 157, 20, 11500, NULL, NULL, NULL, NULL),
(3141, 158, 3, NULL, '6655', NULL, NULL, NULL),
(3143, 158, 23, NULL, NULL, NULL, NULL, 465),
(3144, 158, 27, NULL, NULL, NULL, NULL, 401),
(3145, 158, 16, NULL, NULL, NULL, NULL, 164),
(3146, 158, 17, NULL, NULL, NULL, NULL, 264),
(3147, 158, 9, NULL, NULL, NULL, NULL, 128),
(3148, 158, 8, NULL, NULL, NULL, NULL, 121),
(3149, 158, 7, NULL, NULL, NULL, NULL, 99),
(3150, 158, 28, NULL, NULL, NULL, NULL, 817),
(3151, 158, 18, NULL, NULL, NULL, NULL, 439),
(3152, 158, 19, NULL, NULL, NULL, NULL, 343),
(3153, 158, 10, NULL, NULL, NULL, NULL, 147),
(3154, 158, 12, 95, NULL, NULL, NULL, NULL),
(3155, 158, 13, 96, NULL, NULL, NULL, NULL),
(3156, 158, 14, 97, NULL, NULL, NULL, NULL),
(3157, 158, 15, 98, NULL, NULL, NULL, NULL),
(3158, 158, 29, NULL, NULL, NULL, NULL, 406),
(3159, 158, 11, NULL, NULL, NULL, NULL, 819),
(3160, 158, 20, 16000, NULL, NULL, NULL, NULL),
(3161, 159, 3, NULL, '7028', NULL, NULL, NULL),
(3163, 159, 23, NULL, NULL, NULL, NULL, 463),
(3164, 159, 27, NULL, NULL, NULL, NULL, 401),
(3165, 159, 16, NULL, NULL, NULL, NULL, 168),
(3166, 159, 17, NULL, NULL, NULL, NULL, 740),
(3167, 159, 9, NULL, NULL, NULL, NULL, 129),
(3168, 159, 8, NULL, NULL, NULL, NULL, 115),
(3169, 159, 7, NULL, NULL, NULL, NULL, 99),
(3170, 159, 28, NULL, NULL, NULL, NULL, 817),
(3171, 159, 18, NULL, NULL, NULL, NULL, 423),
(3172, 159, 19, NULL, NULL, NULL, NULL, 349),
(3173, 159, 10, NULL, NULL, NULL, NULL, 149),
(3174, 159, 12, 42, NULL, NULL, NULL, NULL),
(3175, 159, 13, 43, NULL, NULL, NULL, NULL),
(3176, 159, 14, 58, NULL, NULL, NULL, NULL),
(3177, 159, 15, 59, NULL, NULL, NULL, NULL),
(3178, 159, 29, NULL, NULL, NULL, NULL, 409),
(3179, 159, 11, NULL, NULL, NULL, NULL, 819),
(3180, 159, 20, 10000, NULL, NULL, NULL, NULL),
(3181, 160, 3, NULL, '7088', NULL, NULL, NULL),
(3183, 160, 23, NULL, NULL, NULL, NULL, 463),
(3184, 160, 27, NULL, NULL, NULL, NULL, 401),
(3185, 160, 16, NULL, NULL, NULL, NULL, 183),
(3186, 160, 17, NULL, NULL, NULL, NULL, 325),
(3187, 160, 9, NULL, NULL, NULL, NULL, 129),
(3188, 160, 8, NULL, NULL, NULL, NULL, 116),
(3189, 160, 7, NULL, NULL, NULL, NULL, 99),
(3190, 160, 28, NULL, NULL, NULL, NULL, 817),
(3191, 160, 18, NULL, NULL, NULL, NULL, 431),
(3192, 160, 19, NULL, NULL, NULL, NULL, 349),
(3193, 160, 10, NULL, NULL, NULL, NULL, 151),
(3194, 160, 12, 51, NULL, NULL, NULL, NULL),
(3195, 160, 13, 53, NULL, NULL, NULL, NULL),
(3196, 160, 14, 59, NULL, NULL, NULL, NULL),
(3197, 160, 15, 60, NULL, NULL, NULL, NULL),
(3198, 160, 29, NULL, NULL, NULL, NULL, 408),
(3199, 160, 11, NULL, NULL, NULL, NULL, 819),
(3200, 160, 20, 9900, NULL, NULL, NULL, NULL),
(3201, 161, 3, NULL, '7094', NULL, NULL, NULL),
(3203, 161, 23, NULL, NULL, NULL, NULL, 463),
(3204, 161, 27, NULL, NULL, NULL, NULL, 401),
(3205, 161, 16, NULL, NULL, NULL, NULL, 159),
(3206, 161, 17, NULL, NULL, NULL, NULL, 287),
(3207, 161, 9, NULL, NULL, NULL, NULL, 129),
(3208, 161, 8, NULL, NULL, NULL, NULL, 116),
(3209, 161, 7, NULL, NULL, NULL, NULL, 99),
(3210, 161, 28, NULL, NULL, NULL, NULL, 817),
(3211, 161, 18, NULL, NULL, NULL, NULL, 427),
(3212, 161, 19, NULL, NULL, NULL, NULL, 349),
(3213, 161, 10, NULL, NULL, NULL, NULL, 150),
(3214, 161, 12, 50, NULL, NULL, NULL, NULL),
(3215, 161, 13, 53, NULL, NULL, NULL, NULL),
(3216, 161, 14, 55, NULL, NULL, NULL, NULL),
(3217, 161, 15, 60, NULL, NULL, NULL, NULL),
(3218, 161, 29, NULL, NULL, NULL, NULL, 409),
(3219, 161, 11, NULL, NULL, NULL, NULL, 819),
(3220, 161, 20, 12900, NULL, NULL, NULL, NULL),
(3221, 162, 3, NULL, '7098', NULL, NULL, NULL),
(3223, 162, 23, NULL, NULL, NULL, NULL, 463),
(3224, 162, 27, NULL, NULL, NULL, NULL, 401),
(3225, 162, 16, NULL, NULL, NULL, NULL, 159),
(3226, 162, 17, NULL, NULL, NULL, NULL, 286),
(3227, 162, 9, NULL, NULL, NULL, NULL, 129),
(3228, 162, 8, NULL, NULL, NULL, NULL, 115),
(3229, 162, 7, NULL, NULL, NULL, NULL, 101),
(3230, 162, 28, NULL, NULL, NULL, NULL, 815),
(3231, 162, 18, NULL, NULL, NULL, NULL, 430),
(3232, 162, 19, NULL, NULL, NULL, NULL, 349),
(3233, 162, 10, NULL, NULL, NULL, NULL, 146),
(3234, 162, 12, 57, NULL, NULL, NULL, NULL),
(3235, 162, 13, 58, NULL, NULL, NULL, NULL),
(3236, 162, 14, 0, NULL, NULL, NULL, NULL),
(3237, 162, 15, 0, NULL, NULL, NULL, NULL),
(3238, 162, 29, NULL, NULL, NULL, NULL, 408),
(3239, 162, 11, NULL, NULL, NULL, NULL, 819),
(3240, 162, 20, 6000, NULL, NULL, NULL, NULL),
(3241, 163, 3, NULL, '7104', NULL, NULL, NULL),
(3243, 163, 23, NULL, NULL, NULL, NULL, 463),
(3244, 163, 27, NULL, NULL, NULL, NULL, 401),
(3245, 163, 16, NULL, NULL, NULL, NULL, 181),
(3246, 163, 17, NULL, NULL, NULL, NULL, 274),
(3247, 163, 9, NULL, NULL, NULL, NULL, 129),
(3248, 163, 8, NULL, NULL, NULL, NULL, 115),
(3249, 163, 7, NULL, NULL, NULL, NULL, 101),
(3250, 163, 28, NULL, NULL, NULL, NULL, 815),
(3251, 163, 18, NULL, NULL, NULL, NULL, 430),
(3252, 163, 19, NULL, NULL, NULL, NULL, 349),
(3253, 163, 10, NULL, NULL, NULL, NULL, 150),
(3254, 163, 12, 66, NULL, NULL, NULL, NULL),
(3255, 163, 13, 63, NULL, NULL, NULL, NULL),
(3256, 163, 14, 0, NULL, NULL, NULL, NULL),
(3257, 163, 15, 0, NULL, NULL, NULL, NULL),
(3258, 163, 29, NULL, NULL, NULL, NULL, 407),
(3259, 163, 11, NULL, NULL, NULL, NULL, 820),
(3260, 163, 20, 7000, NULL, NULL, NULL, NULL),
(3261, 164, 3, NULL, '7112', NULL, NULL, NULL),
(3263, 164, 23, NULL, NULL, NULL, NULL, 463),
(3264, 164, 27, NULL, NULL, NULL, NULL, 401),
(3265, 164, 16, NULL, NULL, NULL, NULL, 159),
(3266, 164, 17, NULL, NULL, NULL, NULL, 293),
(3267, 164, 9, NULL, NULL, NULL, NULL, 129),
(3268, 164, 8, NULL, NULL, NULL, NULL, 115),
(3269, 164, 7, NULL, NULL, NULL, NULL, 103),
(3270, 164, 28, NULL, NULL, NULL, NULL, 815),
(3271, 164, 18, NULL, NULL, NULL, NULL, 434),
(3272, 164, 19, NULL, NULL, NULL, NULL, 350),
(3273, 164, 10, NULL, NULL, NULL, NULL, 150),
(3274, 164, 12, 68, NULL, NULL, NULL, NULL),
(3275, 164, 13, 69, NULL, NULL, NULL, NULL),
(3276, 164, 14, 0, NULL, NULL, NULL, NULL),
(3277, 164, 15, 0, NULL, NULL, NULL, NULL),
(3278, 164, 29, NULL, NULL, NULL, NULL, 407),
(3279, 164, 11, NULL, NULL, NULL, NULL, 819),
(3280, 164, 20, 8900, NULL, NULL, NULL, NULL),
(3281, 165, 3, NULL, '7156', NULL, NULL, NULL),
(3283, 165, 23, NULL, NULL, NULL, NULL, 463),
(3284, 165, 27, NULL, NULL, NULL, NULL, 401),
(3285, 165, 16, NULL, NULL, NULL, NULL, 161),
(3286, 165, 17, NULL, NULL, NULL, NULL, 320),
(3287, 165, 9, NULL, NULL, NULL, NULL, 129),
(3288, 165, 8, NULL, NULL, NULL, NULL, 116),
(3289, 165, 7, NULL, NULL, NULL, NULL, 99),
(3290, 165, 28, NULL, NULL, NULL, NULL, 817),
(3291, 165, 18, NULL, NULL, NULL, NULL, 427),
(3292, 165, 19, NULL, NULL, NULL, NULL, 348),
(3293, 165, 10, NULL, NULL, NULL, NULL, 151),
(3298, 165, 29, NULL, NULL, NULL, NULL, 417),
(3299, 165, 11, NULL, NULL, NULL, NULL, 821),
(3300, 165, 20, 17900, NULL, NULL, NULL, NULL),
(3301, 166, 3, NULL, '7207', NULL, NULL, NULL),
(3303, 166, 23, NULL, NULL, NULL, NULL, 463),
(3304, 166, 27, NULL, NULL, NULL, NULL, 401),
(3305, 166, 16, NULL, NULL, NULL, NULL, 159),
(3306, 166, 17, NULL, NULL, NULL, NULL, 707),
(3307, 166, 9, NULL, NULL, NULL, NULL, 129),
(3308, 166, 8, NULL, NULL, NULL, NULL, 115),
(3309, 166, 7, NULL, NULL, NULL, NULL, 99),
(3310, 166, 28, NULL, NULL, NULL, NULL, 815),
(3311, 166, 18, NULL, NULL, NULL, NULL, 423),
(3312, 166, 19, NULL, NULL, NULL, NULL, 349),
(3313, 166, 10, NULL, NULL, NULL, NULL, 153),
(3314, 166, 12, 71, NULL, NULL, NULL, NULL),
(3315, 166, 13, 74, NULL, NULL, NULL, NULL),
(3316, 166, 14, 0, NULL, NULL, NULL, NULL),
(3317, 166, 15, 0, NULL, NULL, NULL, NULL),
(3318, 166, 29, NULL, NULL, NULL, NULL, 406),
(3319, 166, 11, NULL, NULL, NULL, NULL, 819),
(3320, 166, 20, 7900, NULL, NULL, NULL, NULL),
(3321, 167, 3, NULL, '7239', NULL, NULL, NULL),
(3323, 167, 23, NULL, NULL, NULL, NULL, 465),
(3324, 167, 27, NULL, NULL, NULL, NULL, 404),
(3325, 167, 16, NULL, NULL, NULL, NULL, 164),
(3326, 167, 17, NULL, NULL, NULL, NULL, 229),
(3327, 167, 9, NULL, NULL, NULL, NULL, 129),
(3328, 167, 8, NULL, NULL, NULL, NULL, 116),
(3329, 167, 7, NULL, NULL, NULL, NULL, 99),
(3330, 167, 28, NULL, NULL, NULL, NULL, 817),
(3331, 167, 18, NULL, NULL, NULL, NULL, 427),
(3332, 167, 19, NULL, NULL, NULL, NULL, 343),
(3333, 167, 10, NULL, NULL, NULL, NULL, 148),
(3334, 167, 12, 88, NULL, NULL, NULL, NULL),
(3335, 167, 13, 89, NULL, NULL, NULL, NULL),
(3336, 167, 14, 90, NULL, NULL, NULL, NULL),
(3337, 167, 15, 91, NULL, NULL, NULL, NULL),
(3338, 167, 29, NULL, NULL, NULL, NULL, 406),
(3339, 167, 11, NULL, NULL, NULL, NULL, 819),
(3340, 167, 20, 16000, NULL, NULL, NULL, NULL),
(3341, 168, 3, NULL, '7242', NULL, NULL, NULL),
(3343, 168, 23, NULL, NULL, NULL, NULL, 465),
(3344, 168, 27, NULL, NULL, NULL, NULL, 403),
(3345, 168, 16, NULL, NULL, NULL, NULL, 183),
(3346, 168, 17, NULL, NULL, NULL, NULL, 235),
(3347, 168, 9, NULL, NULL, NULL, NULL, 129),
(3348, 168, 8, NULL, NULL, NULL, NULL, 117),
(3349, 168, 7, NULL, NULL, NULL, NULL, 98),
(3350, 168, 28, NULL, NULL, NULL, NULL, 817),
(3351, 168, 18, NULL, NULL, NULL, NULL, 429),
(3352, 168, 19, NULL, NULL, NULL, NULL, 343),
(3353, 168, 10, NULL, NULL, NULL, NULL, 150),
(3354, 168, 12, 70, NULL, NULL, NULL, NULL),
(3355, 168, 13, 70, NULL, NULL, NULL, NULL),
(3356, 168, 14, 70, NULL, NULL, NULL, NULL),
(3357, 168, 15, 70, NULL, NULL, NULL, NULL),
(3358, 168, 29, NULL, NULL, NULL, NULL, 407),
(3359, 168, 11, NULL, NULL, NULL, NULL, 819),
(3360, 168, 20, 17000, NULL, NULL, NULL, NULL),
(3361, 169, 3, NULL, '7217', NULL, NULL, NULL),
(3363, 169, 23, NULL, NULL, NULL, NULL, 463),
(3364, 169, 27, NULL, NULL, NULL, NULL, 401),
(3365, 169, 16, NULL, NULL, NULL, NULL, 177),
(3366, 169, 17, NULL, NULL, NULL, NULL, 279),
(3367, 169, 9, NULL, NULL, NULL, NULL, 129),
(3368, 169, 8, NULL, NULL, NULL, NULL, 116),
(3369, 169, 7, NULL, NULL, NULL, NULL, 101),
(3370, 169, 28, NULL, NULL, NULL, NULL, 815),
(3371, 169, 18, NULL, NULL, NULL, NULL, 434),
(3372, 169, 19, NULL, NULL, NULL, NULL, 348),
(3373, 169, 10, NULL, NULL, NULL, NULL, 147),
(3374, 169, 12, 70, NULL, NULL, NULL, NULL),
(3375, 169, 13, 70, NULL, NULL, NULL, NULL),
(3376, 169, 14, 0, NULL, NULL, NULL, NULL),
(3377, 169, 15, 0, NULL, NULL, NULL, NULL),
(3378, 169, 29, NULL, NULL, NULL, NULL, 407),
(3379, 169, 11, NULL, NULL, NULL, NULL, 824),
(3380, 169, 20, 7900, NULL, NULL, NULL, NULL),
(3381, 170, 3, NULL, '7220', NULL, NULL, NULL),
(3383, 170, 23, NULL, NULL, NULL, NULL, 463),
(3384, 170, 27, NULL, NULL, NULL, NULL, 401),
(3385, 170, 16, NULL, NULL, NULL, NULL, 162),
(3386, 170, 17, NULL, NULL, NULL, NULL, 317),
(3387, 170, 9, NULL, NULL, NULL, NULL, 129),
(3388, 170, 8, NULL, NULL, NULL, NULL, 118),
(3389, 170, 7, NULL, NULL, NULL, NULL, 100),
(3390, 170, 28, NULL, NULL, NULL, NULL, 817),
(3391, 170, 18, NULL, NULL, NULL, NULL, 435),
(3392, 170, 19, NULL, NULL, NULL, NULL, 349),
(3393, 170, 10, NULL, NULL, NULL, NULL, 147),
(3394, 170, 12, 59, NULL, NULL, NULL, NULL),
(3395, 170, 13, 62, NULL, NULL, NULL, NULL),
(3396, 170, 14, 64, NULL, NULL, NULL, NULL),
(3397, 170, 15, 65, NULL, NULL, NULL, NULL),
(3398, 170, 29, NULL, NULL, NULL, NULL, 408),
(3399, 170, 11, NULL, NULL, NULL, NULL, 819),
(3400, 170, 20, 13900, NULL, NULL, NULL, NULL),
(3401, 171, 3, NULL, '7236', NULL, NULL, NULL),
(3403, 171, 23, NULL, NULL, NULL, NULL, 465),
(3404, 171, 27, NULL, NULL, NULL, NULL, 401),
(3405, 171, 16, NULL, NULL, NULL, NULL, 162),
(3406, 171, 17, NULL, NULL, NULL, NULL, 213),
(3407, 171, 9, NULL, NULL, NULL, NULL, 129),
(3408, 171, 8, NULL, NULL, NULL, NULL, 118),
(3409, 171, 7, NULL, NULL, NULL, NULL, 100),
(3410, 171, 28, NULL, NULL, NULL, NULL, 815),
(3411, 171, 18, NULL, NULL, NULL, NULL, 435),
(3412, 171, 19, NULL, NULL, NULL, NULL, 343),
(3413, 171, 10, NULL, NULL, NULL, NULL, 152),
(3414, 171, 12, 84, NULL, NULL, NULL, NULL),
(3415, 171, 13, 85, NULL, NULL, NULL, NULL),
(3416, 171, 14, 0, NULL, NULL, NULL, NULL),
(3417, 171, 15, 0, NULL, NULL, NULL, NULL),
(3418, 171, 29, NULL, NULL, NULL, NULL, 406),
(3419, 171, 11, NULL, NULL, NULL, NULL, 819),
(3420, 171, 20, 8000, NULL, NULL, NULL, NULL),
(3421, 172, 3, NULL, '7243', NULL, NULL, NULL),
(3423, 172, 23, NULL, NULL, NULL, NULL, 463),
(3424, 172, 27, NULL, NULL, NULL, NULL, 402),
(3425, 172, 16, NULL, NULL, NULL, NULL, 168),
(3426, 172, 17, NULL, NULL, NULL, NULL, 224),
(3427, 172, 9, NULL, NULL, NULL, NULL, 129),
(3428, 172, 8, NULL, NULL, NULL, NULL, 119),
(3429, 172, 7, NULL, NULL, NULL, NULL, 99),
(3430, 172, 28, NULL, NULL, NULL, NULL, 817),
(3431, 172, 18, NULL, NULL, NULL, NULL, 436),
(3432, 172, 19, NULL, NULL, NULL, NULL, 347),
(3433, 172, 10, NULL, NULL, NULL, NULL, 152),
(3434, 172, 12, 51, NULL, NULL, NULL, NULL),
(3435, 172, 13, 55, NULL, NULL, NULL, NULL),
(3436, 172, 14, 49, NULL, NULL, NULL, NULL),
(3437, 172, 15, 45, NULL, NULL, NULL, NULL),
(3438, 172, 29, NULL, NULL, NULL, NULL, 409),
(3439, 172, 11, NULL, NULL, NULL, NULL, 819),
(3440, 172, 20, 11900, NULL, NULL, NULL, NULL),
(3441, 173, 3, NULL, '7244', NULL, NULL, NULL),
(3443, 173, 23, NULL, NULL, NULL, NULL, 463),
(3444, 173, 27, NULL, NULL, NULL, NULL, 402),
(3445, 173, 16, NULL, NULL, NULL, NULL, 185),
(3446, 173, 17, NULL, NULL, NULL, NULL, 209),
(3447, 173, 9, NULL, NULL, NULL, NULL, 129),
(3448, 173, 8, NULL, NULL, NULL, NULL, 116),
(3449, 173, 7, NULL, NULL, NULL, NULL, 101),
(3450, 173, 28, NULL, NULL, NULL, NULL, 815),
(3451, 173, 18, NULL, NULL, NULL, NULL, 433),
(3452, 173, 19, NULL, NULL, NULL, NULL, 349),
(3453, 173, 10, NULL, NULL, NULL, NULL, 151),
(3454, 173, 12, 57, NULL, NULL, NULL, NULL),
(3455, 173, 13, 58, NULL, NULL, NULL, NULL),
(3456, 173, 14, 0, NULL, NULL, NULL, NULL),
(3457, 173, 15, 0, NULL, NULL, NULL, NULL),
(3458, 173, 29, NULL, NULL, NULL, NULL, 408),
(3459, 173, 11, NULL, NULL, NULL, NULL, 819),
(3460, 173, 20, 7800, NULL, NULL, NULL, NULL),
(3461, 174, 3, NULL, '7252', NULL, NULL, NULL),
(3463, 174, 23, NULL, NULL, NULL, NULL, 463),
(3464, 174, 27, NULL, NULL, NULL, NULL, 402),
(3465, 174, 16, NULL, NULL, NULL, NULL, 159),
(3466, 174, 17, NULL, NULL, NULL, NULL, 226),
(3467, 174, 9, NULL, NULL, NULL, NULL, 129),
(3468, 174, 8, NULL, NULL, NULL, NULL, 118),
(3469, 174, 7, NULL, NULL, NULL, NULL, 99),
(3470, 174, 28, NULL, NULL, NULL, NULL, 817),
(3471, 174, 18, NULL, NULL, NULL, NULL, 434),
(3472, 174, 19, NULL, NULL, NULL, NULL, 348),
(3473, 174, 10, NULL, NULL, NULL, NULL, 153),
(3474, 174, 12, 52, NULL, NULL, NULL, NULL),
(3475, 174, 13, 48, NULL, NULL, NULL, NULL),
(3476, 174, 14, 58, NULL, NULL, NULL, NULL),
(3477, 174, 15, 50, NULL, NULL, NULL, NULL),
(3478, 174, 29, NULL, NULL, NULL, NULL, 409),
(3479, 174, 11, NULL, NULL, NULL, NULL, 819),
(3480, 174, 20, 6600, NULL, NULL, NULL, NULL),
(3481, 175, 3, NULL, '7255', NULL, NULL, NULL),
(3483, 175, 23, NULL, NULL, NULL, NULL, 465),
(3484, 175, 27, NULL, NULL, NULL, NULL, 402),
(3485, 175, 16, NULL, NULL, NULL, NULL, 185),
(3486, 175, 17, NULL, NULL, NULL, NULL, 754),
(3487, 175, 9, NULL, NULL, NULL, NULL, 129),
(3488, 175, 8, NULL, NULL, NULL, NULL, 116),
(3489, 175, 7, NULL, NULL, NULL, NULL, 101),
(3490, 175, 28, NULL, NULL, NULL, NULL, 817),
(3491, 175, 18, NULL, NULL, NULL, NULL, 433),
(3492, 175, 19, NULL, NULL, NULL, NULL, 343),
(3493, 175, 10, NULL, NULL, NULL, NULL, 142),
(3494, 175, 12, 61, NULL, NULL, NULL, NULL),
(3495, 175, 13, 65, NULL, NULL, NULL, NULL),
(3496, 175, 14, 65, NULL, NULL, NULL, NULL),
(3497, 175, 15, 60, NULL, NULL, NULL, NULL),
(3498, 175, 29, NULL, NULL, NULL, NULL, 408),
(3499, 175, 11, NULL, NULL, NULL, NULL, 819),
(3500, 175, 20, 6900, NULL, NULL, NULL, NULL),
(3501, 176, 3, NULL, '7258', NULL, NULL, NULL),
(3503, 176, 23, NULL, NULL, NULL, NULL, 463),
(3504, 176, 27, NULL, NULL, NULL, NULL, 402),
(3505, 176, 16, NULL, NULL, NULL, NULL, 159),
(3506, 176, 17, NULL, NULL, NULL, NULL, 743),
(3507, 176, 9, NULL, NULL, NULL, NULL, 129),
(3508, 176, 8, NULL, NULL, NULL, NULL, 116),
(3509, 176, 7, NULL, NULL, NULL, NULL, 99),
(3510, 176, 28, NULL, NULL, NULL, NULL, 817),
(3511, 176, 18, NULL, NULL, NULL, NULL, 461),
(3512, 176, 19, NULL, NULL, NULL, NULL, 352),
(3513, 176, 10, NULL, NULL, NULL, NULL, 143),
(3514, 176, 12, 45, NULL, NULL, NULL, NULL),
(3515, 176, 13, 50, NULL, NULL, NULL, NULL),
(3516, 176, 14, 50, NULL, NULL, NULL, NULL),
(3517, 176, 15, 60, NULL, NULL, NULL, NULL),
(3518, 176, 29, NULL, NULL, NULL, NULL, 409),
(3519, 176, 11, NULL, NULL, NULL, NULL, 819),
(3520, 176, 20, 7500, NULL, NULL, NULL, NULL),
(3521, 177, 3, NULL, '7259', NULL, NULL, NULL),
(3523, 177, 23, NULL, NULL, NULL, NULL, 463),
(3524, 177, 27, NULL, NULL, NULL, NULL, 402),
(3525, 177, 16, NULL, NULL, NULL, NULL, 162),
(3526, 177, 17, NULL, NULL, NULL, NULL, 748),
(3527, 177, 9, NULL, NULL, NULL, NULL, 129),
(3528, 177, 8, NULL, NULL, NULL, NULL, 117),
(3529, 177, 7, NULL, NULL, NULL, NULL, 99),
(3530, 177, 28, NULL, NULL, NULL, NULL, 817),
(3531, 177, 18, NULL, NULL, NULL, NULL, 435),
(3532, 177, 19, NULL, NULL, NULL, NULL, 348),
(3533, 177, 10, NULL, NULL, NULL, NULL, 150),
(3534, 177, 12, 54, NULL, NULL, NULL, NULL),
(3535, 177, 13, 54, NULL, NULL, NULL, NULL),
(3536, 177, 14, 55, NULL, NULL, NULL, NULL),
(3537, 177, 15, 58, NULL, NULL, NULL, NULL),
(3538, 177, 29, NULL, NULL, NULL, NULL, 408),
(3539, 177, 11, NULL, NULL, NULL, NULL, 819),
(3540, 177, 20, 11900, NULL, NULL, NULL, NULL),
(3541, 178, 3, NULL, '7261', NULL, NULL, NULL),
(3543, 178, 23, NULL, NULL, NULL, NULL, 463),
(3544, 178, 27, NULL, NULL, NULL, NULL, 402),
(3545, 178, 16, NULL, NULL, NULL, NULL, 159),
(3546, 178, 17, NULL, NULL, NULL, NULL, 744),
(3547, 178, 9, NULL, NULL, NULL, NULL, 129),
(3548, 178, 8, NULL, NULL, NULL, NULL, 116),
(3549, 178, 7, NULL, NULL, NULL, NULL, 99),
(3550, 178, 28, NULL, NULL, NULL, NULL, 815),
(3551, 178, 18, NULL, NULL, NULL, NULL, 427),
(3552, 178, 19, NULL, NULL, NULL, NULL, 349),
(3553, 178, 10, NULL, NULL, NULL, NULL, 152),
(3554, 178, 12, 69, NULL, NULL, NULL, NULL),
(3555, 178, 13, 70, NULL, NULL, NULL, NULL),
(3556, 178, 14, 0, NULL, NULL, NULL, NULL),
(3557, 178, 15, 0, NULL, NULL, NULL, NULL),
(3558, 178, 29, NULL, NULL, NULL, NULL, 407),
(3559, 178, 11, NULL, NULL, NULL, NULL, 819),
(3560, 178, 20, 6500, NULL, NULL, NULL, NULL),
(3561, 179, 3, NULL, '7262', NULL, NULL, NULL),
(3563, 179, 23, NULL, NULL, NULL, NULL, 463),
(3564, 179, 27, NULL, NULL, NULL, NULL, 402),
(3565, 179, 16, NULL, NULL, NULL, NULL, 159),
(3566, 179, 17, NULL, NULL, NULL, NULL, 757),
(3567, 179, 9, NULL, NULL, NULL, NULL, 129),
(3568, 179, 8, NULL, NULL, NULL, NULL, 117),
(3569, 179, 7, NULL, NULL, NULL, NULL, 99),
(3570, 179, 28, NULL, NULL, NULL, NULL, 817),
(3571, 179, 18, NULL, NULL, NULL, NULL, 431),
(3572, 179, 19, NULL, NULL, NULL, NULL, 348),
(3573, 179, 10, NULL, NULL, NULL, NULL, 147),
(3574, 179, 12, 68, NULL, NULL, NULL, NULL),
(3575, 179, 13, 68, NULL, NULL, NULL, NULL),
(3576, 179, 14, 68, NULL, NULL, NULL, NULL),
(3577, 179, 15, 69, NULL, NULL, NULL, NULL),
(3578, 179, 29, NULL, NULL, NULL, NULL, 407),
(3579, 179, 11, NULL, NULL, NULL, NULL, 819),
(3580, 179, 20, 15900, NULL, NULL, NULL, NULL),
(3581, 180, 3, NULL, '7263', NULL, NULL, NULL),
(3583, 180, 23, NULL, NULL, NULL, NULL, 463),
(3584, 180, 27, NULL, NULL, NULL, NULL, 401),
(3585, 180, 16, NULL, NULL, NULL, NULL, 159),
(3586, 180, 17, NULL, NULL, NULL, NULL, 744),
(3587, 180, 9, NULL, NULL, NULL, NULL, 129),
(3588, 180, 8, NULL, NULL, NULL, NULL, 117),
(3589, 180, 7, NULL, NULL, NULL, NULL, 100),
(3590, 180, 28, NULL, NULL, NULL, NULL, 817),
(3591, 180, 18, NULL, NULL, NULL, NULL, 434),
(3592, 180, 19, NULL, NULL, NULL, NULL, 349),
(3593, 180, 10, NULL, NULL, NULL, NULL, 151),
(3594, 180, 12, 56, NULL, NULL, NULL, NULL),
(3595, 180, 13, 57, NULL, NULL, NULL, NULL),
(3596, 180, 14, 71, NULL, NULL, NULL, NULL),
(3597, 180, 15, 72, NULL, NULL, NULL, NULL),
(3598, 180, 29, NULL, NULL, NULL, NULL, 407),
(3599, 180, 11, NULL, NULL, NULL, NULL, 819),
(3600, 180, 20, 15900, NULL, NULL, NULL, NULL),
(3601, 181, 3, NULL, '7264', NULL, NULL, NULL),
(3603, 181, 23, NULL, NULL, NULL, NULL, 463),
(3604, 181, 27, NULL, NULL, NULL, NULL, 402),
(3605, 181, 16, NULL, NULL, NULL, NULL, 159),
(3606, 181, 17, NULL, NULL, NULL, NULL, 293),
(3607, 181, 9, NULL, NULL, NULL, NULL, 129),
(3608, 181, 8, NULL, NULL, NULL, NULL, 117),
(3609, 181, 7, NULL, NULL, NULL, NULL, 100),
(3610, 181, 28, NULL, NULL, NULL, NULL, 817),
(3611, 181, 18, NULL, NULL, NULL, NULL, 434),
(3612, 181, 19, NULL, NULL, NULL, NULL, 349),
(3613, 181, 10, NULL, NULL, NULL, NULL, 147),
(3614, 181, 12, 37, NULL, NULL, NULL, NULL),
(3615, 181, 13, 38, NULL, NULL, NULL, NULL),
(3616, 181, 14, 39, NULL, NULL, NULL, NULL),
(3617, 181, 15, 40, NULL, NULL, NULL, NULL),
(3618, 181, 29, NULL, NULL, NULL, NULL, 411),
(3619, 181, 11, NULL, NULL, NULL, NULL, 819),
(3620, 181, 20, 10900, NULL, NULL, NULL, NULL),
(3621, 182, 3, NULL, '7265', NULL, NULL, NULL),
(3623, 182, 23, NULL, NULL, NULL, NULL, 463),
(3624, 182, 27, NULL, NULL, NULL, NULL, 402),
(3625, 182, 16, NULL, NULL, NULL, NULL, 168),
(3626, 182, 17, NULL, NULL, NULL, NULL, 765),
(3627, 182, 9, NULL, NULL, NULL, NULL, 129),
(3628, 182, 8, NULL, NULL, NULL, NULL, 120),
(3629, 182, 7, NULL, NULL, NULL, NULL, 101),
(3630, 182, 28, NULL, NULL, NULL, NULL, 817),
(3631, 182, 18, NULL, NULL, NULL, NULL, 443),
(3632, 182, 19, NULL, NULL, NULL, NULL, 347),
(3633, 182, 10, NULL, NULL, NULL, NULL, 143),
(3634, 182, 12, 70, NULL, NULL, NULL, NULL),
(3635, 182, 13, 70, NULL, NULL, NULL, NULL),
(3636, 182, 14, 70, NULL, NULL, NULL, NULL),
(3637, 182, 15, 70, NULL, NULL, NULL, NULL),
(3638, 182, 29, NULL, NULL, NULL, NULL, 407),
(3639, 182, 11, NULL, NULL, NULL, NULL, 830),
(3640, 182, 20, 16000, NULL, NULL, NULL, NULL),
(3641, 183, 3, NULL, '7266', NULL, NULL, NULL),
(3643, 183, 23, NULL, NULL, NULL, NULL, 463),
(3644, 183, 27, NULL, NULL, NULL, NULL, 402),
(3645, 183, 16, NULL, NULL, NULL, NULL, 162),
(3646, 183, 17, NULL, NULL, NULL, NULL, 748),
(3647, 183, 9, NULL, NULL, NULL, NULL, 129),
(3648, 183, 8, NULL, NULL, NULL, NULL, 119),
(3649, 183, 7, NULL, NULL, NULL, NULL, 99),
(3650, 183, 28, NULL, NULL, NULL, NULL, 815),
(3651, 183, 18, NULL, NULL, NULL, NULL, 436),
(3652, 183, 19, NULL, NULL, NULL, NULL, 347),
(3653, 183, 10, NULL, NULL, NULL, NULL, 154),
(3654, 183, 12, 78, NULL, NULL, NULL, NULL),
(3655, 183, 13, 80, NULL, NULL, NULL, NULL),
(3656, 183, 14, 0, NULL, NULL, NULL, NULL),
(3657, 183, 15, 0, NULL, NULL, NULL, NULL),
(3658, 183, 29, NULL, NULL, NULL, NULL, 406),
(3659, 183, 11, NULL, NULL, NULL, NULL, 819),
(3660, 183, 20, 8800, NULL, NULL, NULL, NULL),
(3661, 184, 3, NULL, '7267', NULL, NULL, NULL),
(3663, 184, 23, NULL, NULL, NULL, NULL, 463),
(3664, 184, 27, NULL, NULL, NULL, NULL, 402),
(3665, 184, 16, NULL, NULL, NULL, NULL, 159),
(3666, 184, 17, NULL, NULL, NULL, NULL, 217),
(3667, 184, 9, NULL, NULL, NULL, NULL, 129),
(3668, 184, 8, NULL, NULL, NULL, NULL, 119),
(3669, 184, 7, NULL, NULL, NULL, NULL, 99),
(3670, 184, 28, NULL, NULL, NULL, NULL, 817),
(3671, 184, 18, NULL, NULL, NULL, NULL, 436),
(3672, 184, 19, NULL, NULL, NULL, NULL, 347),
(3673, 184, 10, NULL, NULL, NULL, NULL, 150),
(3674, 184, 12, 67, NULL, NULL, NULL, NULL),
(3675, 184, 13, 70, NULL, NULL, NULL, NULL),
(3676, 184, 14, 75, NULL, NULL, NULL, NULL),
(3677, 184, 15, 82, NULL, NULL, NULL, NULL),
(3678, 184, 29, NULL, NULL, NULL, NULL, 406),
(3679, 184, 11, NULL, NULL, NULL, NULL, 819),
(3680, 184, 20, 15900, NULL, NULL, NULL, NULL),
(3681, 185, 3, NULL, '7273', NULL, NULL, NULL),
(3683, 185, 23, NULL, NULL, NULL, NULL, 463),
(3684, 185, 27, NULL, NULL, NULL, NULL, 401),
(3685, 185, 16, NULL, NULL, NULL, NULL, 159),
(3686, 185, 17, NULL, NULL, NULL, NULL, 861),
(3687, 185, 9, NULL, NULL, NULL, NULL, 129),
(3688, 185, 8, NULL, NULL, NULL, NULL, 120);
INSERT INTO `good_attribute` (`id`, `good_id`, `attribute_id`, `int_value`, `varchar_value`, `text_value`, `float_value`, `variant_id`) VALUES
(3689, 185, 7, NULL, NULL, NULL, NULL, 100),
(3690, 185, 28, NULL, NULL, NULL, NULL, 817),
(3691, 185, 18, NULL, NULL, NULL, NULL, 441),
(3692, 185, 19, NULL, NULL, NULL, NULL, 345),
(3693, 185, 10, NULL, NULL, NULL, NULL, 152),
(3698, 185, 29, NULL, NULL, NULL, NULL, 417),
(3699, 185, 11, NULL, NULL, NULL, NULL, 819),
(3700, 185, 20, 17900, NULL, NULL, NULL, NULL),
(3701, 186, 3, NULL, '7274', NULL, NULL, NULL),
(3703, 186, 23, NULL, NULL, NULL, NULL, 463),
(3704, 186, 27, NULL, NULL, NULL, NULL, 402),
(3705, 186, 16, NULL, NULL, NULL, NULL, 159),
(3706, 186, 17, NULL, NULL, NULL, NULL, 862),
(3707, 186, 9, NULL, NULL, NULL, NULL, 129),
(3708, 186, 8, NULL, NULL, NULL, NULL, 115),
(3709, 186, 7, NULL, NULL, NULL, NULL, 99),
(3710, 186, 28, NULL, NULL, NULL, NULL, 817),
(3711, 186, 18, NULL, NULL, NULL, NULL, 423),
(3712, 186, 19, NULL, NULL, NULL, NULL, 349),
(3713, 186, 10, NULL, NULL, NULL, NULL, 149),
(3714, 186, 12, 50, NULL, NULL, NULL, NULL),
(3715, 186, 13, 50, NULL, NULL, NULL, NULL),
(3716, 186, 14, 55, NULL, NULL, NULL, NULL),
(3717, 186, 15, 60, NULL, NULL, NULL, NULL),
(3718, 186, 29, NULL, NULL, NULL, NULL, 409),
(3719, 186, 11, NULL, NULL, NULL, NULL, 819),
(3720, 186, 20, 9900, NULL, NULL, NULL, NULL),
(3721, 187, 3, NULL, '7275', NULL, NULL, NULL),
(3723, 187, 23, NULL, NULL, NULL, NULL, 463),
(3724, 187, 27, NULL, NULL, NULL, NULL, 401),
(3725, 187, 16, NULL, NULL, NULL, NULL, 159),
(3726, 187, 17, NULL, NULL, NULL, NULL, 293),
(3727, 187, 9, NULL, NULL, NULL, NULL, 129),
(3728, 187, 8, NULL, NULL, NULL, NULL, 116),
(3729, 187, 7, NULL, NULL, NULL, NULL, 100),
(3730, 187, 28, NULL, NULL, NULL, NULL, 815),
(3731, 187, 18, NULL, NULL, NULL, NULL, 431),
(3732, 187, 19, NULL, NULL, NULL, NULL, 350),
(3733, 187, 10, NULL, NULL, NULL, NULL, 150),
(3734, 187, 12, 56, NULL, NULL, NULL, NULL),
(3735, 187, 13, 57, NULL, NULL, NULL, NULL),
(3736, 187, 14, 0, NULL, NULL, NULL, NULL),
(3737, 187, 15, 0, NULL, NULL, NULL, NULL),
(3738, 187, 29, NULL, NULL, NULL, NULL, 408),
(3739, 187, 11, NULL, NULL, NULL, NULL, 819),
(3740, 187, 20, 7900, NULL, NULL, NULL, NULL),
(3741, 188, 3, NULL, '7719', NULL, NULL, NULL),
(3743, 188, 23, NULL, NULL, NULL, NULL, 463),
(3744, 188, 27, NULL, NULL, NULL, NULL, 401),
(3745, 188, 16, NULL, NULL, NULL, NULL, 159),
(3746, 188, 17, NULL, NULL, NULL, NULL, 304),
(3747, 188, 9, NULL, NULL, NULL, NULL, 129),
(3748, 188, 8, NULL, NULL, NULL, NULL, 118),
(3749, 188, 7, NULL, NULL, NULL, NULL, 100),
(3750, 188, 28, NULL, NULL, NULL, NULL, 817),
(3751, 188, 18, NULL, NULL, NULL, NULL, 435),
(3752, 188, 19, NULL, NULL, NULL, NULL, 349),
(3753, 188, 10, NULL, NULL, NULL, NULL, 149),
(3754, 188, 12, 63, NULL, NULL, NULL, NULL),
(3755, 188, 13, 67, NULL, NULL, NULL, NULL),
(3756, 188, 14, 67, NULL, NULL, NULL, NULL),
(3757, 188, 15, 69, NULL, NULL, NULL, NULL),
(3758, 188, 29, NULL, NULL, NULL, NULL, 407),
(3759, 188, 11, NULL, NULL, NULL, NULL, 819),
(3760, 188, 20, 14900, NULL, NULL, NULL, NULL),
(3761, 189, 3, NULL, '7730-1', NULL, NULL, NULL),
(3763, 189, 23, NULL, NULL, NULL, NULL, 463),
(3764, 189, 27, NULL, NULL, NULL, NULL, 401),
(3765, 189, 16, NULL, NULL, NULL, NULL, 177),
(3766, 189, 17, NULL, NULL, NULL, NULL, 745),
(3767, 189, 9, NULL, NULL, NULL, NULL, 129),
(3768, 189, 8, NULL, NULL, NULL, NULL, 116),
(3769, 189, 7, NULL, NULL, NULL, NULL, 99),
(3770, 189, 28, NULL, NULL, NULL, NULL, 815),
(3771, 189, 18, NULL, NULL, NULL, NULL, 431),
(3772, 189, 19, NULL, NULL, NULL, NULL, 348),
(3773, 189, 10, NULL, NULL, NULL, NULL, 150),
(3776, 189, 14, 0, NULL, NULL, NULL, NULL),
(3777, 189, 15, 0, NULL, NULL, NULL, NULL),
(3778, 189, 29, NULL, NULL, NULL, NULL, 417),
(3779, 189, 11, NULL, NULL, NULL, NULL, 824),
(3780, 189, 20, 7600, NULL, NULL, NULL, NULL),
(3781, 190, 3, NULL, '7772-2', NULL, NULL, NULL),
(3783, 190, 23, NULL, NULL, NULL, NULL, 463),
(3784, 190, 27, NULL, NULL, NULL, NULL, 401),
(3785, 190, 16, NULL, NULL, NULL, NULL, 165),
(3786, 190, 17, NULL, NULL, NULL, NULL, 231),
(3787, 190, 9, NULL, NULL, NULL, NULL, 129),
(3788, 190, 8, NULL, NULL, NULL, NULL, 115),
(3789, 190, 7, NULL, NULL, NULL, NULL, 103),
(3790, 190, 28, NULL, NULL, NULL, NULL, 814),
(3791, 190, 18, NULL, NULL, NULL, NULL, 461),
(3792, 190, 19, NULL, NULL, NULL, NULL, 352),
(3793, 190, 10, NULL, NULL, NULL, NULL, 140),
(3794, 190, 12, 52, NULL, NULL, NULL, NULL),
(3795, 190, 13, 0, NULL, NULL, NULL, NULL),
(3796, 190, 14, 0, NULL, NULL, NULL, NULL),
(3797, 190, 15, 0, NULL, NULL, NULL, NULL),
(3798, 190, 29, NULL, NULL, NULL, NULL, 409),
(3799, 190, 11, NULL, NULL, NULL, NULL, 819),
(3800, 190, 20, 1400, NULL, NULL, NULL, NULL),
(3801, 191, 3, NULL, '7772-3', NULL, NULL, NULL),
(3803, 191, 23, NULL, NULL, NULL, NULL, 463),
(3804, 191, 27, NULL, NULL, NULL, NULL, 401),
(3805, 191, 16, NULL, NULL, NULL, NULL, 178),
(3806, 191, 17, NULL, NULL, NULL, NULL, 273),
(3807, 191, 9, NULL, NULL, NULL, NULL, 129),
(3808, 191, 8, NULL, NULL, NULL, NULL, 115),
(3809, 191, 7, NULL, NULL, NULL, NULL, 103),
(3810, 191, 28, NULL, NULL, NULL, NULL, 814),
(3811, 191, 18, NULL, NULL, NULL, NULL, 438),
(3812, 191, 19, NULL, NULL, NULL, NULL, 349),
(3813, 191, 10, NULL, NULL, NULL, NULL, 153),
(3814, 191, 12, 80, NULL, NULL, NULL, NULL),
(3815, 191, 13, 0, NULL, NULL, NULL, NULL),
(3816, 191, 14, 0, NULL, NULL, NULL, NULL),
(3817, 191, 15, 0, NULL, NULL, NULL, NULL),
(3818, 191, 29, NULL, NULL, NULL, NULL, 406),
(3819, 191, 11, NULL, NULL, NULL, NULL, 820),
(3820, 191, 20, 3500, NULL, NULL, NULL, NULL),
(3821, 192, 3, NULL, '7791-2', NULL, NULL, NULL),
(3823, 192, 23, NULL, NULL, NULL, NULL, 463),
(3824, 192, 27, NULL, NULL, NULL, NULL, 401),
(3825, 192, 16, NULL, NULL, NULL, NULL, 169),
(3826, 192, 17, NULL, NULL, NULL, NULL, 332),
(3827, 192, 9, NULL, NULL, NULL, NULL, 129),
(3828, 192, 8, NULL, NULL, NULL, NULL, 116),
(3829, 192, 7, NULL, NULL, NULL, NULL, 100),
(3830, 192, 28, NULL, NULL, NULL, NULL, 815),
(3831, 192, 18, NULL, NULL, NULL, NULL, 434),
(3832, 192, 19, NULL, NULL, NULL, NULL, 349),
(3833, 192, 10, NULL, NULL, NULL, NULL, 152),
(3834, 192, 12, 69, NULL, NULL, NULL, NULL),
(3835, 192, 13, 70, NULL, NULL, NULL, NULL),
(3836, 192, 14, 0, NULL, NULL, NULL, NULL),
(3837, 192, 15, 0, NULL, NULL, NULL, NULL),
(3838, 192, 29, NULL, NULL, NULL, NULL, 407),
(3839, 192, 11, NULL, NULL, NULL, NULL, 820),
(3840, 192, 20, 9000, NULL, NULL, NULL, NULL),
(3841, 193, 3, NULL, '7793', NULL, NULL, NULL),
(3843, 193, 23, NULL, NULL, NULL, NULL, 463),
(3844, 193, 27, NULL, NULL, NULL, NULL, 401),
(3845, 193, 16, NULL, NULL, NULL, NULL, 185),
(3846, 193, 17, NULL, NULL, NULL, NULL, 189),
(3847, 193, 9, NULL, NULL, NULL, NULL, 129),
(3848, 193, 8, NULL, NULL, NULL, NULL, 117),
(3849, 193, 7, NULL, NULL, NULL, NULL, 99),
(3850, 193, 28, NULL, NULL, NULL, NULL, 817),
(3851, 193, 18, NULL, NULL, NULL, NULL, 431),
(3852, 193, 19, NULL, NULL, NULL, NULL, 348),
(3853, 193, 10, NULL, NULL, NULL, NULL, 150),
(3858, 193, 29, NULL, NULL, NULL, NULL, 417),
(3859, 193, 11, NULL, NULL, NULL, NULL, 819),
(3860, 193, 20, 18900, NULL, NULL, NULL, NULL),
(3861, 194, 3, NULL, '7815', NULL, NULL, NULL),
(3863, 194, 23, NULL, NULL, NULL, NULL, 463),
(3864, 194, 27, NULL, NULL, NULL, NULL, 401),
(3865, 194, 16, NULL, NULL, NULL, NULL, 168),
(3866, 194, 17, NULL, NULL, NULL, NULL, 307),
(3867, 194, 9, NULL, NULL, NULL, NULL, 129),
(3868, 194, 8, NULL, NULL, NULL, NULL, 116),
(3869, 194, 7, NULL, NULL, NULL, NULL, 99),
(3870, 194, 28, NULL, NULL, NULL, NULL, 817),
(3871, 194, 18, NULL, NULL, NULL, NULL, 427),
(3872, 194, 19, NULL, NULL, NULL, NULL, 349),
(3873, 194, 10, NULL, NULL, NULL, NULL, 151),
(3874, 194, 12, 60, NULL, NULL, NULL, NULL),
(3875, 194, 13, 60, NULL, NULL, NULL, NULL),
(3876, 194, 14, 60, NULL, NULL, NULL, NULL),
(3877, 194, 15, 60, NULL, NULL, NULL, NULL),
(3878, 194, 29, NULL, NULL, NULL, NULL, 408),
(3879, 194, 11, NULL, NULL, NULL, NULL, 819),
(3880, 194, 20, 14900, NULL, NULL, NULL, NULL),
(3881, 195, 3, NULL, '7820', NULL, NULL, NULL),
(3883, 195, 23, NULL, NULL, NULL, NULL, 463),
(3884, 195, 27, NULL, NULL, NULL, NULL, 401),
(3885, 195, 16, NULL, NULL, NULL, NULL, 165),
(3886, 195, 17, NULL, NULL, NULL, NULL, 710),
(3887, 195, 9, NULL, NULL, NULL, NULL, 129),
(3888, 195, 8, NULL, NULL, NULL, NULL, 116),
(3889, 195, 7, NULL, NULL, NULL, NULL, 99),
(3890, 195, 28, NULL, NULL, NULL, NULL, 817),
(3891, 195, 18, NULL, NULL, NULL, NULL, 427),
(3892, 195, 19, NULL, NULL, NULL, NULL, 348),
(3893, 195, 10, NULL, NULL, NULL, NULL, 153),
(3894, 195, 12, 60, NULL, NULL, NULL, NULL),
(3895, 195, 13, 62, NULL, NULL, NULL, NULL),
(3896, 195, 14, 62, NULL, NULL, NULL, NULL),
(3897, 195, 15, 65, NULL, NULL, NULL, NULL),
(3898, 195, 29, NULL, NULL, NULL, NULL, 408),
(3899, 195, 11, NULL, NULL, NULL, NULL, 827),
(3900, 195, 20, 13900, NULL, NULL, NULL, NULL),
(3901, 196, 3, NULL, '7827-1', NULL, NULL, NULL),
(3903, 196, 23, NULL, NULL, NULL, NULL, 463),
(3904, 196, 27, NULL, NULL, NULL, NULL, 401),
(3905, 196, 16, NULL, NULL, NULL, NULL, 183),
(3906, 196, 17, NULL, NULL, NULL, NULL, 212),
(3907, 196, 9, NULL, NULL, NULL, NULL, 129),
(3908, 196, 8, NULL, NULL, NULL, NULL, 116),
(3909, 196, 7, NULL, NULL, NULL, NULL, 101),
(3910, 196, 28, NULL, NULL, NULL, NULL, 815),
(3911, 196, 18, NULL, NULL, NULL, NULL, 434),
(3912, 196, 19, NULL, NULL, NULL, NULL, 349),
(3913, 196, 10, NULL, NULL, NULL, NULL, 153),
(3914, 196, 12, 57, NULL, NULL, NULL, NULL),
(3915, 196, 13, 59, NULL, NULL, NULL, NULL),
(3916, 196, 14, 0, NULL, NULL, NULL, NULL),
(3917, 196, 15, 0, NULL, NULL, NULL, NULL),
(3918, 196, 29, NULL, NULL, NULL, NULL, 408),
(3919, 196, 11, NULL, NULL, NULL, NULL, 819),
(3920, 196, 20, 8000, NULL, NULL, NULL, NULL),
(3921, 197, 3, NULL, '7827-2', NULL, NULL, NULL),
(3923, 197, 23, NULL, NULL, NULL, NULL, 463),
(3924, 197, 27, NULL, NULL, NULL, NULL, 401),
(3925, 197, 16, NULL, NULL, NULL, NULL, 183),
(3926, 197, 17, NULL, NULL, NULL, NULL, 741),
(3927, 197, 9, NULL, NULL, NULL, NULL, 129),
(3928, 197, 8, NULL, NULL, NULL, NULL, 115),
(3929, 197, 7, NULL, NULL, NULL, NULL, 103),
(3930, 197, 28, NULL, NULL, NULL, NULL, 815),
(3931, 197, 18, NULL, NULL, NULL, NULL, 438),
(3932, 197, 19, NULL, NULL, NULL, NULL, 350),
(3933, 197, 10, NULL, NULL, NULL, NULL, 154),
(3934, 197, 12, 55, NULL, NULL, NULL, NULL),
(3935, 197, 13, 60, NULL, NULL, NULL, NULL),
(3936, 197, 14, 0, NULL, NULL, NULL, NULL),
(3937, 197, 15, 0, NULL, NULL, NULL, NULL),
(3938, 197, 29, NULL, NULL, NULL, NULL, 408),
(3939, 197, 11, NULL, NULL, NULL, NULL, 819),
(3940, 197, 20, 8800, NULL, NULL, NULL, NULL),
(3941, 198, 3, NULL, '7828-2', NULL, NULL, NULL),
(3943, 198, 23, NULL, NULL, NULL, NULL, 463),
(3944, 198, 27, NULL, NULL, NULL, NULL, 401),
(3945, 198, 16, NULL, NULL, NULL, NULL, 159),
(3946, 198, 17, NULL, NULL, NULL, NULL, 287),
(3947, 198, 9, NULL, NULL, NULL, NULL, 129),
(3948, 198, 8, NULL, NULL, NULL, NULL, 115),
(3949, 198, 7, NULL, NULL, NULL, NULL, 103),
(3950, 198, 28, NULL, NULL, NULL, NULL, 815),
(3951, 198, 18, NULL, NULL, NULL, NULL, 434),
(3952, 198, 19, NULL, NULL, NULL, NULL, 349),
(3953, 198, 10, NULL, NULL, NULL, NULL, 150),
(3954, 198, 12, 48, NULL, NULL, NULL, NULL),
(3955, 198, 13, 48, NULL, NULL, NULL, NULL),
(3956, 198, 14, 0, NULL, NULL, NULL, NULL),
(3957, 198, 15, 0, NULL, NULL, NULL, NULL),
(3958, 198, 29, NULL, NULL, NULL, NULL, 409),
(3959, 198, 11, NULL, NULL, NULL, NULL, 819),
(3960, 198, 20, 7000, NULL, NULL, NULL, NULL),
(3961, 199, 3, NULL, '7832', NULL, NULL, NULL),
(3963, 199, 23, NULL, NULL, NULL, NULL, 463),
(3964, 199, 27, NULL, NULL, NULL, NULL, 401),
(3965, 199, 16, NULL, NULL, NULL, NULL, 168),
(3966, 199, 17, NULL, NULL, NULL, NULL, 307),
(3967, 199, 9, NULL, NULL, NULL, NULL, 129),
(3968, 199, 8, NULL, NULL, NULL, NULL, 116),
(3969, 199, 7, NULL, NULL, NULL, NULL, 99),
(3970, 199, 28, NULL, NULL, NULL, NULL, 817),
(3971, 199, 18, NULL, NULL, NULL, NULL, 427),
(3972, 199, 19, NULL, NULL, NULL, NULL, 349),
(3973, 199, 10, NULL, NULL, NULL, NULL, 150),
(3974, 199, 12, 55, NULL, NULL, NULL, NULL),
(3975, 199, 13, 55, NULL, NULL, NULL, NULL),
(3976, 199, 14, 57, NULL, NULL, NULL, NULL),
(3977, 199, 15, 58, NULL, NULL, NULL, NULL),
(3978, 199, 29, NULL, NULL, NULL, NULL, 408),
(3979, 199, 11, NULL, NULL, NULL, NULL, 819),
(3980, 199, 20, 13900, NULL, NULL, NULL, NULL),
(3981, 200, 3, NULL, '7835-2', NULL, NULL, NULL),
(3983, 200, 23, NULL, NULL, NULL, NULL, 463),
(3984, 200, 27, NULL, NULL, NULL, NULL, 401),
(3985, 200, 16, NULL, NULL, NULL, NULL, 162),
(3986, 200, 17, NULL, NULL, NULL, NULL, 271),
(3987, 200, 9, NULL, NULL, NULL, NULL, 129),
(3988, 200, 8, NULL, NULL, NULL, NULL, 118),
(3989, 200, 7, NULL, NULL, NULL, NULL, 99),
(3990, 200, 28, NULL, NULL, NULL, NULL, 815),
(3991, 200, 18, NULL, NULL, NULL, NULL, 434),
(3992, 200, 19, NULL, NULL, NULL, NULL, 348),
(3993, 200, 10, NULL, NULL, NULL, NULL, 152),
(3994, 200, 12, 50, NULL, NULL, NULL, NULL),
(3995, 200, 13, 50, NULL, NULL, NULL, NULL),
(3996, 200, 14, 0, NULL, NULL, NULL, NULL),
(3997, 200, 15, 0, NULL, NULL, NULL, NULL),
(3998, 200, 29, NULL, NULL, NULL, NULL, 409),
(3999, 200, 11, NULL, NULL, NULL, NULL, 819),
(4000, 200, 20, 3500, NULL, NULL, NULL, NULL),
(4001, 201, 3, NULL, '7837', NULL, NULL, NULL),
(4003, 201, 23, NULL, NULL, NULL, NULL, 463),
(4004, 201, 27, NULL, NULL, NULL, NULL, 401),
(4005, 201, 16, NULL, NULL, NULL, NULL, 159),
(4006, 201, 17, NULL, NULL, NULL, NULL, 707),
(4007, 201, 9, NULL, NULL, NULL, NULL, 129),
(4008, 201, 8, NULL, NULL, NULL, NULL, 116),
(4009, 201, 7, NULL, NULL, NULL, NULL, 99),
(4010, 201, 28, NULL, NULL, NULL, NULL, 817),
(4011, 201, 18, NULL, NULL, NULL, NULL, 427),
(4012, 201, 19, NULL, NULL, NULL, NULL, 349),
(4013, 201, 10, NULL, NULL, NULL, NULL, 152),
(4014, 201, 12, 68, NULL, NULL, NULL, NULL),
(4015, 201, 13, 69, NULL, NULL, NULL, NULL),
(4016, 201, 14, 70, NULL, NULL, NULL, NULL),
(4017, 201, 15, 71, NULL, NULL, NULL, NULL),
(4018, 201, 29, NULL, NULL, NULL, NULL, 407),
(4019, 201, 11, NULL, NULL, NULL, NULL, 819),
(4020, 201, 20, 15900, NULL, NULL, NULL, NULL),
(4021, 202, 3, NULL, '7838-1', NULL, NULL, NULL),
(4023, 202, 23, NULL, NULL, NULL, NULL, 463),
(4024, 202, 27, NULL, NULL, NULL, NULL, 401),
(4025, 202, 16, NULL, NULL, NULL, NULL, 185),
(4026, 202, 17, NULL, NULL, NULL, NULL, 209),
(4027, 202, 9, NULL, NULL, NULL, NULL, 129),
(4028, 202, 8, NULL, NULL, NULL, NULL, 116),
(4029, 202, 7, NULL, NULL, NULL, NULL, 101),
(4030, 202, 28, NULL, NULL, NULL, NULL, 815),
(4031, 202, 18, NULL, NULL, NULL, NULL, 433),
(4032, 202, 19, NULL, NULL, NULL, NULL, 348),
(4033, 202, 10, NULL, NULL, NULL, NULL, 149),
(4034, 202, 12, 44, NULL, NULL, NULL, NULL),
(4035, 202, 13, 45, NULL, NULL, NULL, NULL),
(4036, 202, 14, 0, NULL, NULL, NULL, NULL),
(4037, 202, 15, 0, NULL, NULL, NULL, NULL),
(4038, 202, 29, NULL, NULL, NULL, NULL, 410),
(4039, 202, 11, NULL, NULL, NULL, NULL, 819),
(4040, 202, 20, 5900, NULL, NULL, NULL, NULL),
(4041, 203, 3, NULL, '7847', NULL, NULL, NULL),
(4043, 203, 23, NULL, NULL, NULL, NULL, 463),
(4044, 203, 27, NULL, NULL, NULL, NULL, 401),
(4045, 203, 16, NULL, NULL, NULL, NULL, 175),
(4046, 203, 17, NULL, NULL, NULL, NULL, 294),
(4047, 203, 9, NULL, NULL, NULL, NULL, 129),
(4048, 203, 8, NULL, NULL, NULL, NULL, 116),
(4049, 203, 7, NULL, NULL, NULL, NULL, 99),
(4050, 203, 28, NULL, NULL, NULL, NULL, 817),
(4051, 203, 18, NULL, NULL, NULL, NULL, 427),
(4052, 203, 19, NULL, NULL, NULL, NULL, 349),
(4053, 203, 10, NULL, NULL, NULL, NULL, 154),
(4054, 203, 12, 74, NULL, NULL, NULL, NULL),
(4055, 203, 13, 74, NULL, NULL, NULL, NULL),
(4056, 203, 14, 75, NULL, NULL, NULL, NULL),
(4057, 203, 15, 75, NULL, NULL, NULL, NULL),
(4058, 203, 29, NULL, NULL, NULL, NULL, 406),
(4059, 203, 11, NULL, NULL, NULL, NULL, 829),
(4060, 203, 20, 17000, NULL, NULL, NULL, NULL),
(4061, 204, 3, NULL, '7879', NULL, NULL, NULL),
(4063, 204, 23, NULL, NULL, NULL, NULL, 463),
(4064, 204, 27, NULL, NULL, NULL, NULL, 401),
(4065, 204, 16, NULL, NULL, NULL, NULL, 175),
(4066, 204, 17, NULL, NULL, NULL, NULL, 752),
(4067, 204, 9, NULL, NULL, NULL, NULL, 129),
(4068, 204, 8, NULL, NULL, NULL, NULL, 116),
(4069, 204, 7, NULL, NULL, NULL, NULL, 100),
(4070, 204, 28, NULL, NULL, NULL, NULL, 817),
(4071, 204, 18, NULL, NULL, NULL, NULL, 434),
(4072, 204, 19, NULL, NULL, NULL, NULL, 349),
(4073, 204, 10, NULL, NULL, NULL, NULL, 154),
(4078, 204, 29, NULL, NULL, NULL, NULL, 417),
(4079, 204, 11, NULL, NULL, NULL, NULL, 821),
(4080, 204, 20, 21900, NULL, NULL, NULL, NULL),
(4081, 205, 3, NULL, '7882-2', NULL, NULL, NULL),
(4083, 205, 23, NULL, NULL, NULL, NULL, 463),
(4084, 205, 27, NULL, NULL, NULL, NULL, 401),
(4085, 205, 16, NULL, NULL, NULL, NULL, 166),
(4086, 205, 17, NULL, NULL, NULL, NULL, 230),
(4087, 205, 9, NULL, NULL, NULL, NULL, 129),
(4088, 205, 8, NULL, NULL, NULL, NULL, 116),
(4089, 205, 7, NULL, NULL, NULL, NULL, 99),
(4090, 205, 28, NULL, NULL, NULL, NULL, 815),
(4091, 205, 18, NULL, NULL, NULL, NULL, 431),
(4092, 205, 19, NULL, NULL, NULL, NULL, 749),
(4093, 205, 10, NULL, NULL, NULL, NULL, 153),
(4094, 205, 12, 73, NULL, NULL, NULL, NULL),
(4095, 205, 13, 73, NULL, NULL, NULL, NULL),
(4096, 205, 14, 0, NULL, NULL, NULL, NULL),
(4097, 205, 15, 0, NULL, NULL, NULL, NULL),
(4098, 205, 29, NULL, NULL, NULL, NULL, 406),
(4099, 205, 11, NULL, NULL, NULL, NULL, 823),
(4100, 205, 20, 4500, NULL, NULL, NULL, NULL),
(4101, 206, 3, NULL, '7894', NULL, NULL, NULL),
(4103, 206, 23, NULL, NULL, NULL, NULL, 463),
(4104, 206, 27, NULL, NULL, NULL, NULL, 401),
(4105, 206, 16, NULL, NULL, NULL, NULL, 158),
(4106, 206, 17, NULL, NULL, NULL, NULL, 199),
(4107, 206, 9, NULL, NULL, NULL, NULL, 129),
(4108, 206, 8, NULL, NULL, NULL, NULL, 116),
(4109, 206, 7, NULL, NULL, NULL, NULL, 100),
(4110, 206, 28, NULL, NULL, NULL, NULL, 817),
(4111, 206, 18, NULL, NULL, NULL, NULL, 434),
(4112, 206, 19, NULL, NULL, NULL, NULL, 349),
(4113, 206, 10, NULL, NULL, NULL, NULL, 152),
(4118, 206, 29, NULL, NULL, NULL, NULL, 417),
(4119, 206, 11, NULL, NULL, NULL, NULL, 835),
(4120, 206, 20, 18900, NULL, NULL, NULL, NULL),
(4121, 207, 3, NULL, '7895', NULL, NULL, NULL),
(4123, 207, 23, NULL, NULL, NULL, NULL, 465),
(4124, 207, 27, NULL, NULL, NULL, NULL, 401),
(4125, 207, 16, NULL, NULL, NULL, NULL, 159),
(4126, 207, 17, NULL, NULL, NULL, NULL, 194),
(4127, 207, 9, NULL, NULL, NULL, NULL, 129),
(4128, 207, 8, NULL, NULL, NULL, NULL, 120),
(4129, 207, 7, NULL, NULL, NULL, NULL, 100),
(4130, 207, 28, NULL, NULL, NULL, NULL, 817),
(4131, 207, 18, NULL, NULL, NULL, NULL, 441),
(4132, 207, 19, NULL, NULL, NULL, NULL, 343),
(4133, 207, 10, NULL, NULL, NULL, NULL, 147),
(4134, 207, 12, 68, NULL, NULL, NULL, NULL),
(4135, 207, 13, 69, NULL, NULL, NULL, NULL),
(4136, 207, 14, 70, NULL, NULL, NULL, NULL),
(4137, 207, 15, 70, NULL, NULL, NULL, NULL),
(4138, 207, 29, NULL, NULL, NULL, NULL, 407),
(4139, 207, 11, NULL, NULL, NULL, NULL, 819),
(4140, 207, 20, 13500, NULL, NULL, NULL, NULL),
(4141, 208, 3, NULL, '7904', NULL, NULL, NULL),
(4143, 208, 23, NULL, NULL, NULL, NULL, 465),
(4144, 208, 27, NULL, NULL, NULL, NULL, 403),
(4145, 208, 16, NULL, NULL, NULL, NULL, 159),
(4146, 208, 17, NULL, NULL, NULL, NULL, 195),
(4147, 208, 9, NULL, NULL, NULL, NULL, 129),
(4148, 208, 8, NULL, NULL, NULL, NULL, 116),
(4149, 208, 7, NULL, NULL, NULL, NULL, 99),
(4150, 208, 28, NULL, NULL, NULL, NULL, 817),
(4151, 208, 18, NULL, NULL, NULL, NULL, 427),
(4152, 208, 19, NULL, NULL, NULL, NULL, 343),
(4153, 208, 10, NULL, NULL, NULL, NULL, 149),
(4154, 208, 12, 0, NULL, NULL, NULL, NULL),
(4155, 208, 13, 0, NULL, NULL, NULL, NULL),
(4156, 208, 14, 0, NULL, NULL, NULL, NULL),
(4157, 208, 15, 0, NULL, NULL, NULL, NULL),
(4158, 208, 29, NULL, NULL, NULL, NULL, 416),
(4159, 208, 11, NULL, NULL, NULL, NULL, 819),
(4160, 208, 20, 14900, NULL, NULL, NULL, NULL),
(4161, 209, 3, NULL, '7905', NULL, NULL, NULL),
(4163, 209, 23, NULL, NULL, NULL, NULL, 465),
(4164, 209, 27, NULL, NULL, NULL, NULL, 403),
(4165, 209, 16, NULL, NULL, NULL, NULL, 159),
(4166, 209, 17, NULL, NULL, NULL, NULL, 195),
(4167, 209, 9, NULL, NULL, NULL, NULL, 129),
(4168, 209, 8, NULL, NULL, NULL, NULL, 116),
(4169, 209, 7, NULL, NULL, NULL, NULL, 100),
(4170, 209, 28, NULL, NULL, NULL, NULL, 817),
(4171, 209, 18, NULL, NULL, NULL, NULL, 430),
(4172, 209, 19, NULL, NULL, NULL, NULL, 343),
(4173, 209, 10, NULL, NULL, NULL, NULL, 149),
(4174, 209, 12, 0, NULL, NULL, NULL, NULL),
(4175, 209, 13, 0, NULL, NULL, NULL, NULL),
(4176, 209, 14, 0, NULL, NULL, NULL, NULL),
(4177, 209, 15, 0, NULL, NULL, NULL, NULL),
(4178, 209, 29, NULL, NULL, NULL, NULL, 416),
(4179, 209, 11, NULL, NULL, NULL, NULL, 819),
(4180, 209, 20, 18900, NULL, NULL, NULL, NULL),
(4181, 210, 3, NULL, '7897', NULL, NULL, NULL),
(4183, 210, 23, NULL, NULL, NULL, NULL, 465),
(4184, 210, 27, NULL, NULL, NULL, NULL, 401),
(4185, 210, 16, NULL, NULL, NULL, NULL, 162),
(4186, 210, 17, NULL, NULL, NULL, NULL, 214),
(4187, 210, 9, NULL, NULL, NULL, NULL, 129),
(4188, 210, 8, NULL, NULL, NULL, NULL, 119),
(4189, 210, 7, NULL, NULL, NULL, NULL, 99),
(4190, 210, 28, NULL, NULL, NULL, NULL, 817),
(4191, 210, 18, NULL, NULL, NULL, NULL, 436),
(4192, 210, 19, NULL, NULL, NULL, NULL, 343),
(4193, 210, 10, NULL, NULL, NULL, NULL, 149),
(4194, 210, 12, 61, NULL, NULL, NULL, NULL),
(4195, 210, 13, 63, NULL, NULL, NULL, NULL),
(4196, 210, 14, 63, NULL, NULL, NULL, NULL),
(4197, 210, 15, 64, NULL, NULL, NULL, NULL),
(4198, 210, 29, NULL, NULL, NULL, NULL, 408),
(4199, 210, 11, NULL, NULL, NULL, NULL, 819),
(4200, 210, 20, 9000, NULL, NULL, NULL, NULL),
(4201, 211, 3, NULL, '7909', NULL, NULL, NULL),
(4203, 211, 23, NULL, NULL, NULL, NULL, 465),
(4204, 211, 27, NULL, NULL, NULL, NULL, 403),
(4205, 211, 16, NULL, NULL, NULL, NULL, 162),
(4206, 211, 17, NULL, NULL, NULL, NULL, 213),
(4207, 211, 9, NULL, NULL, NULL, NULL, 129),
(4208, 211, 8, NULL, NULL, NULL, NULL, 117),
(4209, 211, 7, NULL, NULL, NULL, NULL, 100),
(4210, 211, 28, NULL, NULL, NULL, NULL, 817),
(4211, 211, 18, NULL, NULL, NULL, NULL, 434),
(4212, 211, 19, NULL, NULL, NULL, NULL, 343),
(4213, 211, 10, NULL, NULL, NULL, NULL, 867),
(4214, 211, 12, 0, NULL, NULL, NULL, NULL),
(4215, 211, 13, 0, NULL, NULL, NULL, NULL),
(4216, 211, 14, 0, NULL, NULL, NULL, NULL),
(4217, 211, 15, 0, NULL, NULL, NULL, NULL),
(4218, 211, 29, NULL, NULL, NULL, NULL, 416),
(4219, 211, 11, NULL, NULL, NULL, NULL, 819),
(4220, 211, 20, 14900, NULL, NULL, NULL, NULL),
(4221, 212, 3, NULL, '7911', NULL, NULL, NULL),
(4223, 212, 23, NULL, NULL, NULL, NULL, 465),
(4224, 212, 27, NULL, NULL, NULL, NULL, 403),
(4225, 212, 16, NULL, NULL, NULL, NULL, 159),
(4226, 212, 17, NULL, NULL, NULL, NULL, 195),
(4227, 212, 9, NULL, NULL, NULL, NULL, 129),
(4228, 212, 8, NULL, NULL, NULL, NULL, 118),
(4229, 212, 7, NULL, NULL, NULL, NULL, 100),
(4230, 212, 28, NULL, NULL, NULL, NULL, 817),
(4231, 212, 18, NULL, NULL, NULL, NULL, 434),
(4232, 212, 19, NULL, NULL, NULL, NULL, 343),
(4233, 212, 10, NULL, NULL, NULL, NULL, 867),
(4234, 212, 12, 0, NULL, NULL, NULL, NULL),
(4235, 212, 13, 0, NULL, NULL, NULL, NULL),
(4236, 212, 14, 0, NULL, NULL, NULL, NULL),
(4237, 212, 15, 0, NULL, NULL, NULL, NULL),
(4238, 212, 29, NULL, NULL, NULL, NULL, 416),
(4239, 212, 11, NULL, NULL, NULL, NULL, 819),
(4240, 212, 20, 15900, NULL, NULL, NULL, NULL),
(4241, 213, 3, NULL, '7899-2', NULL, NULL, NULL),
(4243, 213, 23, NULL, NULL, NULL, NULL, 463),
(4244, 213, 27, NULL, NULL, NULL, NULL, 401),
(4245, 213, 16, NULL, NULL, NULL, NULL, 185),
(4246, 213, 17, NULL, NULL, NULL, NULL, 310),
(4247, 213, 9, NULL, NULL, NULL, NULL, 129),
(4248, 213, 8, NULL, NULL, NULL, NULL, 115),
(4249, 213, 7, NULL, NULL, NULL, NULL, 102),
(4250, 213, 28, NULL, NULL, NULL, NULL, 815),
(4251, 213, 18, NULL, NULL, NULL, NULL, 431),
(4252, 213, 19, NULL, NULL, NULL, NULL, 349),
(4253, 213, 10, NULL, NULL, NULL, NULL, 149),
(4254, 213, 12, 70, NULL, NULL, NULL, NULL),
(4255, 213, 13, 71, NULL, NULL, NULL, NULL),
(4256, 213, 14, 0, NULL, NULL, NULL, NULL),
(4257, 213, 15, 0, NULL, NULL, NULL, NULL),
(4258, 213, 29, NULL, NULL, NULL, NULL, 407),
(4259, 213, 11, NULL, NULL, NULL, NULL, 819),
(4260, 213, 20, 9900, NULL, NULL, NULL, NULL),
(4261, 214, 3, NULL, '7917', NULL, NULL, NULL),
(4263, 214, 23, NULL, NULL, NULL, NULL, 465),
(4264, 214, 27, NULL, NULL, NULL, NULL, 403),
(4265, 214, 16, NULL, NULL, NULL, NULL, 159),
(4266, 214, 17, NULL, NULL, NULL, NULL, 205),
(4267, 214, 9, NULL, NULL, NULL, NULL, 129),
(4268, 214, 8, NULL, NULL, NULL, NULL, 120),
(4269, 214, 7, NULL, NULL, NULL, NULL, 104),
(4270, 214, 28, NULL, NULL, NULL, NULL, 817),
(4271, 214, 18, NULL, NULL, NULL, NULL, 452),
(4272, 214, 19, NULL, NULL, NULL, NULL, 343),
(4273, 214, 10, NULL, NULL, NULL, NULL, 867),
(4274, 214, 12, 0, NULL, NULL, NULL, NULL),
(4275, 214, 13, 0, NULL, NULL, NULL, NULL),
(4276, 214, 14, 0, NULL, NULL, NULL, NULL),
(4277, 214, 15, 0, NULL, NULL, NULL, NULL),
(4278, 214, 29, NULL, NULL, NULL, NULL, 416),
(4279, 214, 11, NULL, NULL, NULL, NULL, 819),
(4280, 214, 20, 18000, NULL, NULL, NULL, NULL),
(4281, 215, 3, NULL, '7906', NULL, NULL, NULL),
(4283, 215, 23, NULL, NULL, NULL, NULL, 465),
(4284, 215, 27, NULL, NULL, NULL, NULL, 401),
(4285, 215, 16, NULL, NULL, NULL, NULL, 159),
(4286, 215, 17, NULL, NULL, NULL, NULL, 206),
(4287, 215, 9, NULL, NULL, NULL, NULL, 129),
(4288, 215, 8, NULL, NULL, NULL, NULL, 121),
(4289, 215, 7, NULL, NULL, NULL, NULL, 104),
(4290, 215, 28, NULL, NULL, NULL, NULL, 817),
(4291, 215, 18, NULL, NULL, NULL, NULL, 455),
(4292, 215, 19, NULL, NULL, NULL, NULL, 343),
(4293, 215, 10, NULL, NULL, NULL, NULL, 149),
(4294, 215, 12, 95, NULL, NULL, NULL, NULL),
(4295, 215, 13, 96, NULL, NULL, NULL, NULL),
(4296, 215, 14, 97, NULL, NULL, NULL, NULL),
(4297, 215, 15, 98, NULL, NULL, NULL, NULL),
(4298, 215, 29, NULL, NULL, NULL, NULL, 406),
(4299, 215, 11, NULL, NULL, NULL, NULL, 819),
(4300, 215, 20, 19900, NULL, NULL, NULL, NULL),
(4301, 216, 3, NULL, '7912', NULL, NULL, NULL),
(4303, 216, 23, NULL, NULL, NULL, NULL, 465),
(4304, 216, 27, NULL, NULL, NULL, NULL, 401),
(4305, 216, 16, NULL, NULL, NULL, NULL, 185),
(4306, 216, 17, NULL, NULL, NULL, NULL, 735),
(4307, 216, 9, NULL, NULL, NULL, NULL, 129),
(4308, 216, 8, NULL, NULL, NULL, NULL, 120),
(4309, 216, 7, NULL, NULL, NULL, NULL, 100),
(4310, 216, 28, NULL, NULL, NULL, NULL, 817),
(4311, 216, 18, NULL, NULL, NULL, NULL, 442),
(4312, 216, 19, NULL, NULL, NULL, NULL, 343),
(4313, 216, 10, NULL, NULL, NULL, NULL, 151),
(4314, 216, 12, 88, NULL, NULL, NULL, NULL),
(4315, 216, 13, 89, NULL, NULL, NULL, NULL),
(4316, 216, 14, 90, NULL, NULL, NULL, NULL),
(4317, 216, 15, 90, NULL, NULL, NULL, NULL),
(4318, 216, 29, NULL, NULL, NULL, NULL, 406),
(4319, 216, 11, NULL, NULL, NULL, NULL, 819),
(4320, 216, 20, 16000, NULL, NULL, NULL, NULL),
(4321, 217, 3, NULL, '7918', NULL, NULL, NULL),
(4323, 217, 23, NULL, NULL, NULL, NULL, 465),
(4324, 217, 27, NULL, NULL, NULL, NULL, 401),
(4325, 217, 16, NULL, NULL, NULL, NULL, 168),
(4326, 217, 17, NULL, NULL, NULL, NULL, 258),
(4327, 217, 9, NULL, NULL, NULL, NULL, 129),
(4328, 217, 8, NULL, NULL, NULL, NULL, 116),
(4329, 217, 7, NULL, NULL, NULL, NULL, 102),
(4330, 217, 28, NULL, NULL, NULL, NULL, 817),
(4331, 217, 18, NULL, NULL, NULL, NULL, 435),
(4332, 217, 19, NULL, NULL, NULL, NULL, 343),
(4333, 217, 10, NULL, NULL, NULL, NULL, 151),
(4334, 217, 12, 81, NULL, NULL, NULL, NULL),
(4335, 217, 13, 82, NULL, NULL, NULL, NULL),
(4336, 217, 14, 82, NULL, NULL, NULL, NULL),
(4337, 217, 15, 82, NULL, NULL, NULL, NULL),
(4338, 217, 29, NULL, NULL, NULL, NULL, 406),
(4339, 217, 11, NULL, NULL, NULL, NULL, 819),
(4340, 217, 20, 18900, NULL, NULL, NULL, NULL),
(4341, 218, 3, NULL, '7919', NULL, NULL, NULL),
(4343, 218, 23, NULL, NULL, NULL, NULL, 465),
(4344, 218, 27, NULL, NULL, NULL, NULL, 401),
(4345, 218, 16, NULL, NULL, NULL, NULL, 159),
(4346, 218, 17, NULL, NULL, NULL, NULL, 205),
(4347, 218, 9, NULL, NULL, NULL, NULL, 129),
(4348, 218, 8, NULL, NULL, NULL, NULL, 120),
(4349, 218, 7, NULL, NULL, NULL, NULL, 100),
(4350, 218, 28, NULL, NULL, NULL, NULL, 817),
(4351, 218, 18, NULL, NULL, NULL, NULL, 442),
(4352, 218, 19, NULL, NULL, NULL, NULL, 343),
(4353, 218, 10, NULL, NULL, NULL, NULL, 149),
(4354, 218, 12, 79, NULL, NULL, NULL, NULL),
(4355, 218, 13, 81, NULL, NULL, NULL, NULL),
(4356, 218, 14, 93, NULL, NULL, NULL, NULL),
(4357, 218, 15, 97, NULL, NULL, NULL, NULL),
(4358, 218, 29, NULL, NULL, NULL, NULL, 406),
(4359, 218, 11, NULL, NULL, NULL, NULL, 819),
(4360, 218, 20, 15500, NULL, NULL, NULL, NULL),
(4361, 219, 3, NULL, '7925', NULL, NULL, NULL),
(4363, 219, 23, NULL, NULL, NULL, NULL, 465),
(4364, 219, 27, NULL, NULL, NULL, NULL, 401),
(4365, 219, 16, NULL, NULL, NULL, NULL, 159),
(4366, 219, 17, NULL, NULL, NULL, NULL, 206),
(4367, 219, 9, NULL, NULL, NULL, NULL, 129),
(4368, 219, 8, NULL, NULL, NULL, NULL, 120),
(4369, 219, 7, NULL, NULL, NULL, NULL, 104),
(4370, 219, 28, NULL, NULL, NULL, NULL, 817),
(4371, 219, 18, NULL, NULL, NULL, NULL, 452),
(4372, 219, 19, NULL, NULL, NULL, NULL, 343),
(4373, 219, 10, NULL, NULL, NULL, NULL, 144),
(4374, 219, 12, 87, NULL, NULL, NULL, NULL),
(4375, 219, 13, 89, NULL, NULL, NULL, NULL),
(4376, 219, 14, 89, NULL, NULL, NULL, NULL),
(4377, 219, 15, 89, NULL, NULL, NULL, NULL),
(4378, 219, 29, NULL, NULL, NULL, NULL, 406),
(4379, 219, 11, NULL, NULL, NULL, NULL, 819),
(4380, 219, 20, 17900, NULL, NULL, NULL, NULL),
(4381, 220, 3, NULL, '7929', NULL, NULL, NULL),
(4383, 220, 23, NULL, NULL, NULL, NULL, 465),
(4384, 220, 27, NULL, NULL, NULL, NULL, 401),
(4385, 220, 16, NULL, NULL, NULL, NULL, 185),
(4386, 220, 17, NULL, NULL, NULL, NULL, 260),
(4387, 220, 9, NULL, NULL, NULL, NULL, 129),
(4388, 220, 8, NULL, NULL, NULL, NULL, 117),
(4389, 220, 7, NULL, NULL, NULL, NULL, 99),
(4390, 220, 28, NULL, NULL, NULL, NULL, 817),
(4391, 220, 18, NULL, NULL, NULL, NULL, 431),
(4392, 220, 19, NULL, NULL, NULL, NULL, 343),
(4393, 220, 10, NULL, NULL, NULL, NULL, 150),
(4394, 220, 12, 62, NULL, NULL, NULL, NULL),
(4395, 220, 13, 63, NULL, NULL, NULL, NULL),
(4396, 220, 14, 65, NULL, NULL, NULL, NULL),
(4397, 220, 15, 67, NULL, NULL, NULL, NULL),
(4398, 220, 29, NULL, NULL, NULL, NULL, 408),
(4399, 220, 11, NULL, NULL, NULL, NULL, 819),
(4400, 220, 20, 15000, NULL, NULL, NULL, NULL),
(4401, 221, 3, NULL, '7944', NULL, NULL, NULL),
(4403, 221, 23, NULL, NULL, NULL, NULL, 465),
(4404, 221, 27, NULL, NULL, NULL, NULL, 401),
(4405, 221, 16, NULL, NULL, NULL, NULL, 159),
(4406, 221, 17, NULL, NULL, NULL, NULL, 306),
(4407, 221, 9, NULL, NULL, NULL, NULL, 129),
(4408, 221, 8, NULL, NULL, NULL, NULL, 117),
(4409, 221, 7, NULL, NULL, NULL, NULL, 101),
(4410, 221, 28, NULL, NULL, NULL, NULL, 815),
(4411, 221, 18, NULL, NULL, NULL, NULL, 436),
(4412, 221, 19, NULL, NULL, NULL, NULL, 343),
(4413, 221, 10, NULL, NULL, NULL, NULL, 150),
(4414, 221, 12, 74, NULL, NULL, NULL, NULL),
(4415, 221, 13, 75, NULL, NULL, NULL, NULL),
(4416, 221, 14, 0, NULL, NULL, NULL, NULL),
(4417, 221, 15, 0, NULL, NULL, NULL, NULL),
(4418, 221, 29, NULL, NULL, NULL, NULL, 407),
(4419, 221, 11, NULL, NULL, NULL, NULL, 819),
(4420, 221, 20, 7500, NULL, NULL, NULL, NULL),
(4421, 222, 3, NULL, '7954', NULL, NULL, NULL),
(4423, 222, 23, NULL, NULL, NULL, NULL, 465),
(4424, 222, 27, NULL, NULL, NULL, NULL, 403),
(4425, 222, 16, NULL, NULL, NULL, NULL, 185),
(4426, 222, 17, NULL, NULL, NULL, NULL, 259),
(4427, 222, 9, NULL, NULL, NULL, NULL, 129),
(4428, 222, 8, NULL, NULL, NULL, NULL, 118),
(4429, 222, 7, NULL, NULL, NULL, NULL, 99),
(4430, 222, 28, NULL, NULL, NULL, NULL, 817),
(4431, 222, 18, NULL, NULL, NULL, NULL, 434),
(4432, 222, 19, NULL, NULL, NULL, NULL, 343),
(4433, 222, 10, NULL, NULL, NULL, NULL, 867),
(4434, 222, 12, 0, NULL, NULL, NULL, NULL),
(4435, 222, 13, 0, NULL, NULL, NULL, NULL),
(4436, 222, 14, 0, NULL, NULL, NULL, NULL),
(4437, 222, 15, 0, NULL, NULL, NULL, NULL),
(4438, 222, 29, NULL, NULL, NULL, NULL, 416),
(4439, 222, 11, NULL, NULL, NULL, NULL, 819),
(4440, 222, 20, 13900, NULL, NULL, NULL, NULL),
(4441, 223, 3, NULL, '7947', NULL, NULL, NULL),
(4443, 223, 23, NULL, NULL, NULL, NULL, 465),
(4444, 223, 27, NULL, NULL, NULL, NULL, 401),
(4445, 223, 16, NULL, NULL, NULL, NULL, 185),
(4446, 223, 17, NULL, NULL, NULL, NULL, 259),
(4447, 223, 9, NULL, NULL, NULL, NULL, 129),
(4448, 223, 8, NULL, NULL, NULL, NULL, 117),
(4449, 223, 7, NULL, NULL, NULL, NULL, 99),
(4450, 223, 28, NULL, NULL, NULL, NULL, 817),
(4451, 223, 18, NULL, NULL, NULL, NULL, 431),
(4452, 223, 19, NULL, NULL, NULL, NULL, 343),
(4453, 223, 10, NULL, NULL, NULL, NULL, 148),
(4454, 223, 12, 87, NULL, NULL, NULL, NULL),
(4455, 223, 13, 88, NULL, NULL, NULL, NULL),
(4456, 223, 14, 88, NULL, NULL, NULL, NULL),
(4457, 223, 15, 90, NULL, NULL, NULL, NULL),
(4458, 223, 29, NULL, NULL, NULL, NULL, 406),
(4459, 223, 11, NULL, NULL, NULL, NULL, 819),
(4460, 223, 20, 19900, NULL, NULL, NULL, NULL),
(4461, 224, 3, NULL, '7951', NULL, NULL, NULL),
(4463, 224, 23, NULL, NULL, NULL, NULL, 465),
(4464, 224, 27, NULL, NULL, NULL, NULL, 401),
(4465, 224, 16, NULL, NULL, NULL, NULL, 162),
(4466, 224, 17, NULL, NULL, NULL, NULL, 727),
(4467, 224, 9, NULL, NULL, NULL, NULL, 129),
(4468, 224, 8, NULL, NULL, NULL, NULL, 118),
(4469, 224, 7, NULL, NULL, NULL, NULL, 100),
(4470, 224, 28, NULL, NULL, NULL, NULL, 815),
(4471, 224, 18, NULL, NULL, NULL, NULL, 437),
(4472, 224, 19, NULL, NULL, NULL, NULL, 343),
(4473, 224, 10, NULL, NULL, NULL, NULL, 150),
(4474, 224, 12, 69, NULL, NULL, NULL, NULL),
(4475, 224, 13, 75, NULL, NULL, NULL, NULL),
(4476, 224, 14, 0, NULL, NULL, NULL, NULL),
(4477, 224, 15, 0, NULL, NULL, NULL, NULL),
(4478, 224, 29, NULL, NULL, NULL, NULL, 407),
(4479, 224, 11, NULL, NULL, NULL, NULL, 819),
(4480, 224, 20, 7000, NULL, NULL, NULL, NULL),
(4481, 225, 3, NULL, '7956-2', NULL, NULL, NULL),
(4483, 225, 23, NULL, NULL, NULL, NULL, 465),
(4484, 225, 27, NULL, NULL, NULL, NULL, 401),
(4485, 225, 16, NULL, NULL, NULL, NULL, 159),
(4486, 225, 17, NULL, NULL, NULL, NULL, 711),
(4487, 225, 9, NULL, NULL, NULL, NULL, 129),
(4488, 225, 8, NULL, NULL, NULL, NULL, 118),
(4489, 225, 7, NULL, NULL, NULL, NULL, 100),
(4490, 225, 28, NULL, NULL, NULL, NULL, 815),
(4491, 225, 18, NULL, NULL, NULL, NULL, 435),
(4492, 225, 19, NULL, NULL, NULL, NULL, 343),
(4493, 225, 10, NULL, NULL, NULL, NULL, 147),
(4494, 225, 12, 67, NULL, NULL, NULL, NULL),
(4495, 225, 13, 67, NULL, NULL, NULL, NULL),
(4496, 225, 14, 0, NULL, NULL, NULL, NULL),
(4497, 225, 15, 0, NULL, NULL, NULL, NULL),
(4498, 225, 29, NULL, NULL, NULL, NULL, 408),
(4499, 225, 11, NULL, NULL, NULL, NULL, 819),
(4500, 225, 20, 6900, NULL, NULL, NULL, NULL),
(4501, 226, 3, NULL, '7957', NULL, NULL, NULL),
(4503, 226, 23, NULL, NULL, NULL, NULL, 465),
(4504, 226, 27, NULL, NULL, NULL, NULL, 401),
(4505, 226, 16, NULL, NULL, NULL, NULL, 162),
(4506, 226, 17, NULL, NULL, NULL, NULL, 727),
(4507, 226, 9, NULL, NULL, NULL, NULL, 129),
(4508, 226, 8, NULL, NULL, NULL, NULL, 117),
(4509, 226, 7, NULL, NULL, NULL, NULL, 99),
(4510, 226, 28, NULL, NULL, NULL, NULL, 815),
(4511, 226, 18, NULL, NULL, NULL, NULL, 431),
(4512, 226, 19, NULL, NULL, NULL, NULL, 343),
(4513, 226, 10, NULL, NULL, NULL, NULL, 153),
(4514, 226, 12, 72, NULL, NULL, NULL, NULL),
(4515, 226, 13, 72, NULL, NULL, NULL, NULL),
(4516, 226, 14, 0, NULL, NULL, NULL, NULL),
(4517, 226, 15, 0, NULL, NULL, NULL, NULL),
(4518, 226, 29, NULL, NULL, NULL, NULL, 407),
(4519, 226, 11, NULL, NULL, NULL, NULL, 819),
(4520, 226, 20, 8000, NULL, NULL, NULL, NULL),
(4521, 227, 3, NULL, '7962', NULL, NULL, NULL),
(4523, 227, 23, NULL, NULL, NULL, NULL, 465),
(4524, 227, 27, NULL, NULL, NULL, NULL, 401),
(4525, 227, 16, NULL, NULL, NULL, NULL, 159),
(4526, 227, 17, NULL, NULL, NULL, NULL, 206),
(4527, 227, 9, NULL, NULL, NULL, NULL, 129),
(4528, 227, 8, NULL, NULL, NULL, NULL, 120),
(4529, 227, 7, NULL, NULL, NULL, NULL, 100),
(4530, 227, 28, NULL, NULL, NULL, NULL, 817),
(4531, 227, 18, NULL, NULL, NULL, NULL, 441),
(4532, 227, 19, NULL, NULL, NULL, NULL, 343),
(4533, 227, 10, NULL, NULL, NULL, NULL, 147),
(4534, 227, 12, 84, NULL, NULL, NULL, NULL),
(4535, 227, 13, 85, NULL, NULL, NULL, NULL),
(4536, 227, 14, 85, NULL, NULL, NULL, NULL),
(4537, 227, 15, 86, NULL, NULL, NULL, NULL),
(4538, 227, 29, NULL, NULL, NULL, NULL, 406),
(4539, 227, 11, NULL, NULL, NULL, NULL, 819),
(4540, 227, 20, 16500, NULL, NULL, NULL, NULL),
(4541, 228, 3, NULL, '7965', NULL, NULL, NULL),
(4543, 228, 23, NULL, NULL, NULL, NULL, 465),
(4544, 228, 27, NULL, NULL, NULL, NULL, 401),
(4545, 228, 16, NULL, NULL, NULL, NULL, 159),
(4546, 228, 17, NULL, NULL, NULL, NULL, 711),
(4547, 228, 9, NULL, NULL, NULL, NULL, 129),
(4548, 228, 8, NULL, NULL, NULL, NULL, 117),
(4549, 228, 7, NULL, NULL, NULL, NULL, 99),
(4550, 228, 28, NULL, NULL, NULL, NULL, 817),
(4551, 228, 18, NULL, NULL, NULL, NULL, 431),
(4552, 228, 19, NULL, NULL, NULL, NULL, 343),
(4553, 228, 10, NULL, NULL, NULL, NULL, 148),
(4554, 228, 12, 61, NULL, NULL, NULL, NULL),
(4555, 228, 13, 61, NULL, NULL, NULL, NULL),
(4556, 228, 14, 70, NULL, NULL, NULL, NULL),
(4557, 228, 15, 72, NULL, NULL, NULL, NULL),
(4558, 228, 29, NULL, NULL, NULL, NULL, 408),
(4559, 228, 11, NULL, NULL, NULL, NULL, 819),
(4560, 228, 20, 14500, NULL, NULL, NULL, NULL),
(4561, 229, 3, NULL, '7966', NULL, NULL, NULL),
(4563, 229, 23, NULL, NULL, NULL, NULL, 465),
(4564, 229, 27, NULL, NULL, NULL, NULL, 401),
(4565, 229, 16, NULL, NULL, NULL, NULL, 185),
(4566, 229, 17, NULL, NULL, NULL, NULL, 260),
(4567, 229, 9, NULL, NULL, NULL, NULL, 129),
(4568, 229, 8, NULL, NULL, NULL, NULL, 116),
(4569, 229, 7, NULL, NULL, NULL, NULL, 100),
(4570, 229, 28, NULL, NULL, NULL, NULL, 815),
(4571, 229, 18, NULL, NULL, NULL, NULL, 431),
(4572, 229, 19, NULL, NULL, NULL, NULL, 343),
(4573, 229, 10, NULL, NULL, NULL, NULL, 151),
(4574, 229, 12, 75, NULL, NULL, NULL, NULL),
(4575, 229, 13, 75, NULL, NULL, NULL, NULL),
(4576, 229, 14, 0, NULL, NULL, NULL, NULL),
(4577, 229, 15, 0, NULL, NULL, NULL, NULL),
(4578, 229, 29, NULL, NULL, NULL, NULL, 407),
(4579, 229, 11, NULL, NULL, NULL, NULL, 819),
(4580, 229, 20, 7400, NULL, NULL, NULL, NULL),
(4581, 230, 3, NULL, '8042', NULL, NULL, NULL),
(4583, 230, 23, NULL, NULL, NULL, NULL, 465),
(4584, 230, 27, NULL, NULL, NULL, NULL, 403),
(4585, 230, 16, NULL, NULL, NULL, NULL, 159),
(4586, 230, 17, NULL, NULL, NULL, NULL, 194),
(4587, 230, 9, NULL, NULL, NULL, NULL, 130),
(4588, 230, 8, NULL, NULL, NULL, NULL, 120),
(4589, 230, 7, NULL, NULL, NULL, NULL, 100),
(4590, 230, 28, NULL, NULL, NULL, NULL, 817),
(4591, 230, 18, NULL, NULL, NULL, NULL, 443),
(4592, 230, 19, NULL, NULL, NULL, NULL, 343),
(4593, 230, 10, NULL, NULL, NULL, NULL, 145),
(4594, 230, 12, 99, NULL, NULL, NULL, NULL),
(4595, 230, 13, 100, NULL, NULL, NULL, NULL),
(4596, 230, 14, 102, NULL, NULL, NULL, NULL),
(4597, 230, 15, 103, NULL, NULL, NULL, NULL),
(4598, 230, 29, NULL, NULL, NULL, NULL, 406),
(4599, 230, 11, NULL, NULL, NULL, NULL, 819),
(4600, 230, 20, 21900, NULL, NULL, NULL, NULL),
(4601, 231, 3, NULL, '7983', NULL, NULL, NULL),
(4603, 231, 23, NULL, NULL, NULL, NULL, 463),
(4604, 231, 27, NULL, NULL, NULL, NULL, 401),
(4605, 231, 16, NULL, NULL, NULL, NULL, 177),
(4606, 231, 17, NULL, NULL, NULL, NULL, 278),
(4607, 231, 9, NULL, NULL, NULL, NULL, 129),
(4608, 231, 8, NULL, NULL, NULL, NULL, 115),
(4609, 231, 7, NULL, NULL, NULL, NULL, 102),
(4610, 231, 28, NULL, NULL, NULL, NULL, 817),
(4611, 231, 18, NULL, NULL, NULL, NULL, 431),
(4612, 231, 19, NULL, NULL, NULL, NULL, 348),
(4613, 231, 10, NULL, NULL, NULL, NULL, 154),
(4618, 231, 29, NULL, NULL, NULL, NULL, 417),
(4619, 231, 11, NULL, NULL, NULL, NULL, 824),
(4620, 231, 20, 18900, NULL, NULL, NULL, NULL),
(4621, 232, 3, NULL, '7992-1', NULL, NULL, NULL),
(4623, 232, 23, NULL, NULL, NULL, NULL, 463),
(4624, 232, 27, NULL, NULL, NULL, NULL, 401),
(4625, 232, 16, NULL, NULL, NULL, NULL, 159),
(4626, 232, 17, NULL, NULL, NULL, NULL, 245),
(4627, 232, 9, NULL, NULL, NULL, NULL, 129),
(4628, 232, 8, NULL, NULL, NULL, NULL, 119),
(4629, 232, 7, NULL, NULL, NULL, NULL, 100),
(4630, 232, 28, NULL, NULL, NULL, NULL, 815),
(4631, 232, 18, NULL, NULL, NULL, NULL, 439),
(4632, 232, 19, NULL, NULL, NULL, NULL, 347),
(4633, 232, 10, NULL, NULL, NULL, NULL, 151),
(4634, 232, 12, 50, NULL, NULL, NULL, NULL),
(4635, 232, 13, 51, NULL, NULL, NULL, NULL),
(4636, 232, 14, 0, NULL, NULL, NULL, NULL),
(4637, 232, 15, 0, NULL, NULL, NULL, NULL),
(4638, 232, 29, NULL, NULL, NULL, NULL, 409),
(4639, 232, 11, NULL, NULL, NULL, NULL, 819),
(4640, 232, 20, 6900, NULL, NULL, NULL, NULL),
(4641, 233, 3, NULL, '8102', NULL, NULL, NULL),
(4643, 233, 23, NULL, NULL, NULL, NULL, 465),
(4644, 233, 27, NULL, NULL, NULL, NULL, 401),
(4645, 233, 16, NULL, NULL, NULL, NULL, 159),
(4646, 233, 17, NULL, NULL, NULL, NULL, 709),
(4647, 233, 9, NULL, NULL, NULL, NULL, 130),
(4648, 233, 8, NULL, NULL, NULL, NULL, 118),
(4649, 233, 7, NULL, NULL, NULL, NULL, 100),
(4650, 233, 28, NULL, NULL, NULL, NULL, 817),
(4651, 233, 18, NULL, NULL, NULL, NULL, 437),
(4652, 233, 19, NULL, NULL, NULL, NULL, 343),
(4653, 233, 10, NULL, NULL, NULL, NULL, 148),
(4654, 233, 12, 70, NULL, NULL, NULL, NULL),
(4655, 233, 13, 71, NULL, NULL, NULL, NULL),
(4656, 233, 14, 72, NULL, NULL, NULL, NULL),
(4657, 233, 15, 73, NULL, NULL, NULL, NULL),
(4658, 233, 29, NULL, NULL, NULL, NULL, 407),
(4659, 233, 11, NULL, NULL, NULL, NULL, 819),
(4660, 233, 20, 16900, NULL, NULL, NULL, NULL),
(4661, 234, 3, NULL, '8104', NULL, NULL, NULL),
(4663, 234, 23, NULL, NULL, NULL, NULL, 463),
(4664, 234, 27, NULL, NULL, NULL, NULL, 402),
(4665, 234, 16, NULL, NULL, NULL, NULL, 185),
(4666, 234, 17, NULL, NULL, NULL, NULL, 189),
(4667, 234, 9, NULL, NULL, NULL, NULL, 130),
(4668, 234, 8, NULL, NULL, NULL, NULL, 115),
(4669, 234, 7, NULL, NULL, NULL, NULL, 102),
(4670, 234, 28, NULL, NULL, NULL, NULL, 815),
(4671, 234, 18, NULL, NULL, NULL, NULL, 433),
(4672, 234, 19, NULL, NULL, NULL, NULL, 350),
(4673, 234, 10, NULL, NULL, NULL, NULL, 148),
(4674, 234, 12, 32, NULL, NULL, NULL, NULL),
(4675, 234, 13, 36, NULL, NULL, NULL, NULL),
(4676, 234, 14, 0, NULL, NULL, NULL, NULL),
(4677, 234, 15, 0, NULL, NULL, NULL, NULL),
(4678, 234, 29, NULL, NULL, NULL, NULL, 411),
(4679, 234, 11, NULL, NULL, NULL, NULL, 819),
(4680, 234, 20, 5900, NULL, NULL, NULL, NULL),
(4681, 235, 3, NULL, '8112', NULL, NULL, NULL),
(4683, 235, 23, NULL, NULL, NULL, NULL, 463),
(4684, 235, 27, NULL, NULL, NULL, NULL, 402),
(4685, 235, 16, NULL, NULL, NULL, NULL, 159),
(4686, 235, 17, NULL, NULL, NULL, NULL, 315),
(4687, 235, 9, NULL, NULL, NULL, NULL, 130),
(4688, 235, 8, NULL, NULL, NULL, NULL, 115),
(4689, 235, 7, NULL, NULL, NULL, NULL, 100),
(4690, 235, 28, NULL, NULL, NULL, NULL, 815),
(4691, 235, 18, NULL, NULL, NULL, NULL, 428),
(4692, 235, 19, NULL, NULL, NULL, NULL, 349),
(4693, 235, 10, NULL, NULL, NULL, NULL, 152),
(4694, 235, 12, 54, NULL, NULL, NULL, NULL),
(4695, 235, 13, 56, NULL, NULL, NULL, NULL),
(4696, 235, 14, 0, NULL, NULL, NULL, NULL),
(4697, 235, 15, 0, NULL, NULL, NULL, NULL),
(4698, 235, 29, NULL, NULL, NULL, NULL, 408),
(4699, 235, 11, NULL, NULL, NULL, NULL, 819),
(4700, 235, 20, 5900, NULL, NULL, NULL, NULL),
(4701, 236, 3, NULL, '8113-2', NULL, NULL, NULL),
(4703, 236, 23, NULL, NULL, NULL, NULL, 463),
(4704, 236, 27, NULL, NULL, NULL, NULL, 402),
(4705, 236, 16, NULL, NULL, NULL, NULL, 159),
(4706, 236, 17, NULL, NULL, NULL, NULL, 276),
(4707, 236, 9, NULL, NULL, NULL, NULL, 130),
(4708, 236, 8, NULL, NULL, NULL, NULL, 116),
(4709, 236, 7, NULL, NULL, NULL, NULL, 100),
(4710, 236, 28, NULL, NULL, NULL, NULL, 815),
(4711, 236, 18, NULL, NULL, NULL, NULL, 435),
(4712, 236, 19, NULL, NULL, NULL, NULL, 349),
(4713, 236, 10, NULL, NULL, NULL, NULL, 154),
(4714, 236, 12, 60, NULL, NULL, NULL, NULL),
(4715, 236, 13, 61, NULL, NULL, NULL, NULL),
(4716, 236, 14, 0, NULL, NULL, NULL, NULL),
(4717, 236, 15, 0, NULL, NULL, NULL, NULL),
(4718, 236, 29, NULL, NULL, NULL, NULL, 408),
(4719, 236, 11, NULL, NULL, NULL, NULL, 819),
(4720, 236, 20, 8900, NULL, NULL, NULL, NULL),
(4721, 237, 3, NULL, '8118', NULL, NULL, NULL),
(4723, 237, 23, NULL, NULL, NULL, NULL, 463),
(4724, 237, 27, NULL, NULL, NULL, NULL, 402),
(4725, 237, 16, NULL, NULL, NULL, NULL, 185),
(4726, 237, 17, NULL, NULL, NULL, NULL, 863),
(4727, 237, 9, NULL, NULL, NULL, NULL, 130),
(4728, 237, 8, NULL, NULL, NULL, NULL, 114),
(4729, 237, 7, NULL, NULL, NULL, NULL, 99),
(4730, 237, 28, NULL, NULL, NULL, NULL, 817),
(4731, 237, 18, NULL, NULL, NULL, NULL, 424),
(4732, 237, 19, NULL, NULL, NULL, NULL, 349),
(4733, 237, 10, NULL, NULL, NULL, NULL, 149),
(4734, 237, 12, 50, NULL, NULL, NULL, NULL),
(4735, 237, 13, 50, NULL, NULL, NULL, NULL),
(4736, 237, 14, 53, NULL, NULL, NULL, NULL),
(4737, 237, 15, 60, NULL, NULL, NULL, NULL),
(4738, 237, 29, NULL, NULL, NULL, NULL, 409),
(4739, 237, 11, NULL, NULL, NULL, NULL, 819),
(4740, 237, 20, 13900, NULL, NULL, NULL, NULL),
(4741, 238, 3, NULL, '8120', NULL, NULL, NULL),
(4743, 238, 23, NULL, NULL, NULL, NULL, 463),
(4744, 238, 27, NULL, NULL, NULL, NULL, 402),
(4745, 238, 16, NULL, NULL, NULL, NULL, 162),
(4746, 238, 17, NULL, NULL, NULL, NULL, 800),
(4747, 238, 9, NULL, NULL, NULL, NULL, 130),
(4748, 238, 8, NULL, NULL, NULL, NULL, 119),
(4749, 238, 7, NULL, NULL, NULL, NULL, 106),
(4750, 238, 28, NULL, NULL, NULL, NULL, 817),
(4751, 238, 18, NULL, NULL, NULL, NULL, 456),
(4752, 238, 19, NULL, NULL, NULL, NULL, 348),
(4753, 238, 10, NULL, NULL, NULL, NULL, 148),
(4754, 238, 12, 51, NULL, NULL, NULL, NULL),
(4755, 238, 13, 52, NULL, NULL, NULL, NULL),
(4756, 238, 14, 53, NULL, NULL, NULL, NULL),
(4757, 238, 15, 55, NULL, NULL, NULL, NULL),
(4758, 238, 29, NULL, NULL, NULL, NULL, 409),
(4759, 238, 11, NULL, NULL, NULL, NULL, 819),
(4760, 238, 20, 15000, NULL, NULL, NULL, NULL),
(4761, 239, 3, NULL, '8130', NULL, NULL, NULL),
(4763, 239, 23, NULL, NULL, NULL, NULL, 463),
(4764, 239, 27, NULL, NULL, NULL, NULL, 402),
(4765, 239, 16, NULL, NULL, NULL, NULL, 159),
(4766, 239, 17, NULL, NULL, NULL, NULL, 783),
(4767, 239, 9, NULL, NULL, NULL, NULL, 130),
(4768, 239, 8, NULL, NULL, NULL, NULL, 115),
(4769, 239, 7, NULL, NULL, NULL, NULL, 102),
(4770, 239, 28, NULL, NULL, NULL, NULL, 815),
(4771, 239, 18, NULL, NULL, NULL, NULL, 433),
(4772, 239, 19, NULL, NULL, NULL, NULL, 349),
(4773, 239, 10, NULL, NULL, NULL, NULL, 151),
(4774, 239, 12, 45, NULL, NULL, NULL, NULL),
(4775, 239, 13, 45, NULL, NULL, NULL, NULL),
(4776, 239, 14, 0, NULL, NULL, NULL, NULL),
(4777, 239, 15, 0, NULL, NULL, NULL, NULL),
(4778, 239, 29, NULL, NULL, NULL, NULL, 410),
(4779, 239, 11, NULL, NULL, NULL, NULL, 819),
(4780, 239, 20, 6000, NULL, NULL, NULL, NULL),
(4781, 240, 3, NULL, '8813', NULL, NULL, NULL),
(4783, 240, 23, NULL, NULL, NULL, NULL, 463),
(4784, 240, 27, NULL, NULL, NULL, NULL, 401),
(4785, 240, 16, NULL, NULL, NULL, NULL, 780),
(4786, 240, 17, NULL, NULL, NULL, NULL, 252),
(4787, 240, 9, NULL, NULL, NULL, NULL, 130),
(4788, 240, 8, NULL, NULL, NULL, NULL, 115),
(4789, 240, 7, NULL, NULL, NULL, NULL, 100),
(4790, 240, 28, NULL, NULL, NULL, NULL, 817),
(4791, 240, 18, NULL, NULL, NULL, NULL, 432),
(4792, 240, 19, NULL, NULL, NULL, NULL, 348),
(4793, 240, 10, NULL, NULL, NULL, NULL, 154),
(4798, 240, 29, NULL, NULL, NULL, NULL, 417),
(4799, 240, 11, NULL, NULL, NULL, NULL, 823),
(4800, 240, 20, 14900, NULL, NULL, NULL, NULL),
(4801, 241, 3, NULL, '8829-2', NULL, NULL, NULL),
(4803, 241, 23, NULL, NULL, NULL, NULL, 463),
(4804, 241, 27, NULL, NULL, NULL, NULL, 401),
(4805, 241, 16, NULL, NULL, NULL, NULL, 159),
(4806, 241, 17, NULL, NULL, NULL, NULL, 302),
(4807, 241, 9, NULL, NULL, NULL, NULL, 130),
(4808, 241, 8, NULL, NULL, NULL, NULL, 115),
(4809, 241, 7, NULL, NULL, NULL, NULL, 100),
(4810, 241, 28, NULL, NULL, NULL, NULL, 815),
(4811, 241, 18, NULL, NULL, NULL, NULL, 428),
(4812, 241, 19, NULL, NULL, NULL, NULL, 349),
(4813, 241, 10, NULL, NULL, NULL, NULL, 146),
(4814, 241, 12, 48, NULL, NULL, NULL, NULL),
(4815, 241, 13, 50, NULL, NULL, NULL, NULL),
(4816, 241, 14, 0, NULL, NULL, NULL, NULL),
(4817, 241, 15, 0, NULL, NULL, NULL, NULL),
(4818, 241, 29, NULL, NULL, NULL, NULL, 409),
(4819, 241, 11, NULL, NULL, NULL, NULL, 819),
(4820, 241, 20, 7500, NULL, NULL, NULL, NULL),
(4821, 242, 3, NULL, '8891-2', NULL, NULL, NULL),
(4823, 242, 23, NULL, NULL, NULL, NULL, 463),
(4824, 242, 27, NULL, NULL, NULL, NULL, 401),
(4825, 242, 16, NULL, NULL, NULL, NULL, 161),
(4826, 242, 17, NULL, NULL, NULL, NULL, 203),
(4827, 242, 9, NULL, NULL, NULL, NULL, 130),
(4828, 242, 8, NULL, NULL, NULL, NULL, 115),
(4829, 242, 7, NULL, NULL, NULL, NULL, 100),
(4830, 242, 28, NULL, NULL, NULL, NULL, 815),
(4831, 242, 18, NULL, NULL, NULL, NULL, 428),
(4832, 242, 19, NULL, NULL, NULL, NULL, 349),
(4833, 242, 10, NULL, NULL, NULL, NULL, 152),
(4834, 242, 12, 55, NULL, NULL, NULL, NULL),
(4835, 242, 13, 57, NULL, NULL, NULL, NULL),
(4836, 242, 14, 0, NULL, NULL, NULL, NULL),
(4837, 242, 15, 0, NULL, NULL, NULL, NULL),
(4838, 242, 29, NULL, NULL, NULL, NULL, 408),
(4839, 242, 11, NULL, NULL, NULL, NULL, 831),
(4840, 242, 20, 8500, NULL, NULL, NULL, NULL),
(4841, 243, 3, NULL, '8896', NULL, NULL, NULL),
(4843, 243, 23, NULL, NULL, NULL, NULL, 463),
(4844, 243, 27, NULL, NULL, NULL, NULL, 401),
(4845, 243, 16, NULL, NULL, NULL, NULL, 168),
(4846, 243, 17, NULL, NULL, NULL, NULL, 784),
(4847, 243, 9, NULL, NULL, NULL, NULL, 130),
(4848, 243, 8, NULL, NULL, NULL, NULL, 115),
(4849, 243, 7, NULL, NULL, NULL, NULL, 102),
(4850, 243, 28, NULL, NULL, NULL, NULL, 817),
(4851, 243, 18, NULL, NULL, NULL, NULL, 433),
(4852, 243, 19, NULL, NULL, NULL, NULL, 349),
(4853, 243, 10, NULL, NULL, NULL, NULL, 148),
(4854, 243, 12, 53, NULL, NULL, NULL, NULL),
(4855, 243, 13, 55, NULL, NULL, NULL, NULL),
(4856, 243, 14, 56, NULL, NULL, NULL, NULL),
(4857, 243, 15, 59, NULL, NULL, NULL, NULL),
(4858, 243, 29, NULL, NULL, NULL, NULL, 408),
(4859, 243, 11, NULL, NULL, NULL, NULL, 819),
(4860, 243, 20, 15900, NULL, NULL, NULL, NULL),
(4861, 244, 3, NULL, '8898-2', NULL, NULL, NULL),
(4863, 244, 23, NULL, NULL, NULL, NULL, 463),
(4864, 244, 27, NULL, NULL, NULL, NULL, 401),
(4865, 244, 16, NULL, NULL, NULL, NULL, 164),
(4866, 244, 17, NULL, NULL, NULL, NULL, 782),
(4867, 244, 9, NULL, NULL, NULL, NULL, 130),
(4868, 244, 8, NULL, NULL, NULL, NULL, 115),
(4869, 244, 7, NULL, NULL, NULL, NULL, 100),
(4870, 244, 28, NULL, NULL, NULL, NULL, 815),
(4871, 244, 18, NULL, NULL, NULL, NULL, 461),
(4872, 244, 19, NULL, NULL, NULL, NULL, 352),
(4873, 244, 10, NULL, NULL, NULL, NULL, 146),
(4874, 244, 12, 72, NULL, NULL, NULL, NULL),
(4875, 244, 13, 76, NULL, NULL, NULL, NULL),
(4876, 244, 14, 0, NULL, NULL, NULL, NULL),
(4877, 244, 15, 0, NULL, NULL, NULL, NULL),
(4878, 244, 29, NULL, NULL, NULL, NULL, 406),
(4879, 244, 11, NULL, NULL, NULL, NULL, 819),
(4880, 244, 20, 7500, NULL, NULL, NULL, NULL),
(4881, 245, 3, NULL, '8905', NULL, NULL, NULL),
(4883, 245, 23, NULL, NULL, NULL, NULL, 463),
(4884, 245, 27, NULL, NULL, NULL, NULL, 401),
(4885, 245, 16, NULL, NULL, NULL, NULL, 159),
(4886, 245, 17, NULL, NULL, NULL, NULL, 304),
(4887, 245, 9, NULL, NULL, NULL, NULL, 130),
(4888, 245, 8, NULL, NULL, NULL, NULL, 116),
(4889, 245, 7, NULL, NULL, NULL, NULL, 103),
(4890, 245, 28, NULL, NULL, NULL, NULL, 817),
(4891, 245, 18, NULL, NULL, NULL, NULL, 439),
(4892, 245, 19, NULL, NULL, NULL, NULL, 349),
(4893, 245, 10, NULL, NULL, NULL, NULL, 151),
(4894, 245, 12, 29, NULL, NULL, NULL, NULL),
(4895, 245, 13, 34, NULL, NULL, NULL, NULL),
(4896, 245, 14, 41, NULL, NULL, NULL, NULL),
(4897, 245, 15, 51, NULL, NULL, NULL, NULL),
(4898, 245, 29, NULL, NULL, NULL, NULL, 411),
(4899, 245, 11, NULL, NULL, NULL, NULL, 819),
(4900, 245, 20, 4400, NULL, NULL, NULL, NULL),
(4901, 246, 3, NULL, '8906', NULL, NULL, NULL),
(4903, 246, 23, NULL, NULL, NULL, NULL, 465),
(4904, 246, 27, NULL, NULL, NULL, NULL, 401),
(4905, 246, 16, NULL, NULL, NULL, NULL, 159),
(4906, 246, 17, NULL, NULL, NULL, NULL, 206),
(4907, 246, 9, NULL, NULL, NULL, NULL, 130),
(4908, 246, 8, NULL, NULL, NULL, NULL, 120),
(4909, 246, 7, NULL, NULL, NULL, NULL, 100),
(4910, 246, 28, NULL, NULL, NULL, NULL, 817),
(4911, 246, 18, NULL, NULL, NULL, NULL, 443),
(4912, 246, 19, NULL, NULL, NULL, NULL, 343),
(4913, 246, 10, NULL, NULL, NULL, NULL, 148);
INSERT INTO `good_attribute` (`id`, `good_id`, `attribute_id`, `int_value`, `varchar_value`, `text_value`, `float_value`, `variant_id`) VALUES
(4914, 246, 12, 92, NULL, NULL, NULL, NULL),
(4915, 246, 13, 92, NULL, NULL, NULL, NULL),
(4916, 246, 14, 93, NULL, NULL, NULL, NULL),
(4917, 246, 15, 95, NULL, NULL, NULL, NULL),
(4918, 246, 29, NULL, NULL, NULL, NULL, 406),
(4919, 246, 11, NULL, NULL, NULL, NULL, 819),
(4920, 246, 20, 17900, NULL, NULL, NULL, NULL),
(4921, 247, 3, NULL, '8907', NULL, NULL, NULL),
(4923, 247, 23, NULL, NULL, NULL, NULL, 465),
(4924, 247, 27, NULL, NULL, NULL, NULL, 401),
(4925, 247, 16, NULL, NULL, NULL, NULL, 185),
(4926, 247, 17, NULL, NULL, NULL, NULL, 260),
(4927, 247, 9, NULL, NULL, NULL, NULL, 130),
(4928, 247, 8, NULL, NULL, NULL, NULL, 115),
(4929, 247, 7, NULL, NULL, NULL, NULL, 100),
(4930, 247, 28, NULL, NULL, NULL, NULL, 817),
(4931, 247, 18, NULL, NULL, NULL, NULL, 432),
(4932, 247, 19, NULL, NULL, NULL, NULL, 343),
(4933, 247, 10, NULL, NULL, NULL, NULL, 150),
(4934, 247, 12, 63, NULL, NULL, NULL, NULL),
(4935, 247, 13, 65, NULL, NULL, NULL, NULL),
(4936, 247, 14, 66, NULL, NULL, NULL, NULL),
(4937, 247, 15, 67, NULL, NULL, NULL, NULL),
(4938, 247, 29, NULL, NULL, NULL, NULL, 408),
(4939, 247, 11, NULL, NULL, NULL, NULL, 819),
(4940, 247, 20, 18000, NULL, NULL, NULL, NULL),
(4941, 248, 3, NULL, '8908', NULL, NULL, NULL),
(4943, 248, 23, NULL, NULL, NULL, NULL, 465),
(4944, 248, 27, NULL, NULL, NULL, NULL, 401),
(4945, 248, 16, NULL, NULL, NULL, NULL, 159),
(4946, 248, 17, NULL, NULL, NULL, NULL, 206),
(4947, 248, 9, NULL, NULL, NULL, NULL, 130),
(4948, 248, 8, NULL, NULL, NULL, NULL, 118),
(4949, 248, 7, NULL, NULL, NULL, NULL, 103),
(4950, 248, 28, NULL, NULL, NULL, NULL, 817),
(4951, 248, 18, NULL, NULL, NULL, NULL, 449),
(4952, 248, 19, NULL, NULL, NULL, NULL, 343),
(4953, 248, 10, NULL, NULL, NULL, NULL, 145),
(4954, 248, 12, 79, NULL, NULL, NULL, NULL),
(4955, 248, 13, 79, NULL, NULL, NULL, NULL),
(4956, 248, 14, 82, NULL, NULL, NULL, NULL),
(4957, 248, 15, 84, NULL, NULL, NULL, NULL),
(4958, 248, 29, NULL, NULL, NULL, NULL, 406),
(4959, 248, 11, NULL, NULL, NULL, NULL, 819),
(4960, 248, 20, 13500, NULL, NULL, NULL, NULL),
(4961, 249, 3, NULL, '8917', NULL, NULL, NULL),
(4963, 249, 23, NULL, NULL, NULL, NULL, 465),
(4964, 249, 27, NULL, NULL, NULL, NULL, 401),
(4965, 249, 16, NULL, NULL, NULL, NULL, 159),
(4966, 249, 17, NULL, NULL, NULL, NULL, 736),
(4967, 249, 9, NULL, NULL, NULL, NULL, 130),
(4968, 249, 8, NULL, NULL, NULL, NULL, 119),
(4969, 249, 7, NULL, NULL, NULL, NULL, 104),
(4970, 249, 28, NULL, NULL, NULL, NULL, 817),
(4971, 249, 18, NULL, NULL, NULL, NULL, 450),
(4972, 249, 19, NULL, NULL, NULL, NULL, 343),
(4973, 249, 10, NULL, NULL, NULL, NULL, 149),
(4974, 249, 12, 71, NULL, NULL, NULL, NULL),
(4975, 249, 13, 72, NULL, NULL, NULL, NULL),
(4976, 249, 14, 77, NULL, NULL, NULL, NULL),
(4977, 249, 15, 77, NULL, NULL, NULL, NULL),
(4978, 249, 29, NULL, NULL, NULL, NULL, 407),
(4979, 249, 11, NULL, NULL, NULL, NULL, 819),
(4980, 249, 20, 19900, NULL, NULL, NULL, NULL),
(4981, 250, 3, NULL, '8920', NULL, NULL, NULL),
(4983, 250, 23, NULL, NULL, NULL, NULL, 465),
(4984, 250, 27, NULL, NULL, NULL, NULL, 401),
(4985, 250, 16, NULL, NULL, NULL, NULL, 746),
(4986, 250, 17, NULL, NULL, NULL, NULL, 255),
(4987, 250, 9, NULL, NULL, NULL, NULL, 130),
(4988, 250, 8, NULL, NULL, NULL, NULL, 119),
(4989, 250, 7, NULL, NULL, NULL, NULL, 101),
(4990, 250, 28, NULL, NULL, NULL, NULL, 817),
(4991, 250, 18, NULL, NULL, NULL, NULL, 447),
(4992, 250, 19, NULL, NULL, NULL, NULL, 343),
(4993, 250, 10, NULL, NULL, NULL, NULL, 153),
(4998, 250, 29, NULL, NULL, NULL, NULL, 417),
(4999, 250, 11, NULL, NULL, NULL, NULL, 819),
(5000, 250, 20, 19900, NULL, NULL, NULL, NULL),
(5001, 251, 3, NULL, '9150', NULL, NULL, NULL),
(5003, 251, 23, NULL, NULL, NULL, NULL, 463),
(5004, 251, 27, NULL, NULL, NULL, NULL, 402),
(5005, 251, 16, NULL, NULL, NULL, NULL, 177),
(5006, 251, 17, NULL, NULL, NULL, NULL, 279),
(5007, 251, 9, NULL, NULL, NULL, NULL, 131),
(5008, 251, 8, NULL, NULL, NULL, NULL, 114),
(5009, 251, 7, NULL, NULL, NULL, NULL, 102),
(5010, 251, 28, NULL, NULL, NULL, NULL, 815),
(5011, 251, 18, NULL, NULL, NULL, NULL, 433),
(5012, 251, 19, NULL, NULL, NULL, NULL, 350),
(5013, 251, 10, NULL, NULL, NULL, NULL, 153),
(5014, 251, 12, 74, NULL, NULL, NULL, NULL),
(5015, 251, 13, 75, NULL, NULL, NULL, NULL),
(5016, 251, 14, 0, NULL, NULL, NULL, NULL),
(5017, 251, 15, 0, NULL, NULL, NULL, NULL),
(5018, 251, 29, NULL, NULL, NULL, NULL, 406),
(5019, 251, 11, NULL, NULL, NULL, NULL, 824),
(5020, 251, 20, 8800, NULL, NULL, NULL, NULL),
(5021, 252, 3, NULL, '9902-2', NULL, NULL, NULL),
(5023, 252, 23, NULL, NULL, NULL, NULL, 463),
(5024, 252, 27, NULL, NULL, NULL, NULL, 401),
(5025, 252, 16, NULL, NULL, NULL, NULL, 168),
(5026, 252, 17, NULL, NULL, NULL, NULL, 802),
(5027, 252, 9, NULL, NULL, NULL, NULL, 131),
(5028, 252, 8, NULL, NULL, NULL, NULL, 114),
(5029, 252, 7, NULL, NULL, NULL, NULL, 100),
(5030, 252, 28, NULL, NULL, NULL, NULL, 815),
(5031, 252, 18, NULL, NULL, NULL, NULL, 434),
(5032, 252, 19, NULL, NULL, NULL, NULL, 349),
(5033, 252, 10, NULL, NULL, NULL, NULL, 151),
(5034, 252, 12, 65, NULL, NULL, NULL, NULL),
(5035, 252, 13, 66, NULL, NULL, NULL, NULL),
(5036, 252, 14, 0, NULL, NULL, NULL, NULL),
(5037, 252, 15, 0, NULL, NULL, NULL, NULL),
(5038, 252, 29, NULL, NULL, NULL, NULL, 407),
(5039, 252, 11, NULL, NULL, NULL, NULL, 819),
(5040, 252, 20, 9900, NULL, NULL, NULL, NULL),
(5041, 1, 26, NULL, NULL, NULL, NULL, 400),
(5042, 2, 26, NULL, NULL, NULL, NULL, 400),
(5043, 3, 26, NULL, NULL, NULL, NULL, 400),
(5044, 4, 26, NULL, NULL, NULL, NULL, 400),
(5045, 5, 26, NULL, NULL, NULL, NULL, 400),
(5046, 6, 26, NULL, NULL, NULL, NULL, 400),
(5047, 7, 26, NULL, NULL, NULL, NULL, 400),
(5048, 8, 26, NULL, NULL, NULL, NULL, 400),
(5049, 9, 26, NULL, NULL, NULL, NULL, 400),
(5050, 10, 26, NULL, NULL, NULL, NULL, 400),
(5051, 11, 26, NULL, NULL, NULL, NULL, 400),
(5052, 12, 26, NULL, NULL, NULL, NULL, 400),
(5053, 13, 26, NULL, NULL, NULL, NULL, 400),
(5054, 14, 26, NULL, NULL, NULL, NULL, 400),
(5055, 15, 26, NULL, NULL, NULL, NULL, 400),
(5056, 16, 26, NULL, NULL, NULL, NULL, 400),
(5057, 17, 26, NULL, NULL, NULL, NULL, 400),
(5058, 18, 26, NULL, NULL, NULL, NULL, 400),
(5059, 19, 26, NULL, NULL, NULL, NULL, 400),
(5060, 20, 26, NULL, NULL, NULL, NULL, 400),
(5061, 21, 26, NULL, NULL, NULL, NULL, 400),
(5062, 22, 26, NULL, NULL, NULL, NULL, 400),
(5063, 23, 26, NULL, NULL, NULL, NULL, 400),
(5064, 24, 26, NULL, NULL, NULL, NULL, 400),
(5065, 25, 26, NULL, NULL, NULL, NULL, 400),
(5066, 26, 26, NULL, NULL, NULL, NULL, 400),
(5067, 27, 26, NULL, NULL, NULL, NULL, 400),
(5068, 28, 26, NULL, NULL, NULL, NULL, 400),
(5069, 29, 26, NULL, NULL, NULL, NULL, 400),
(5070, 30, 26, NULL, NULL, NULL, NULL, 400),
(5071, 31, 26, NULL, NULL, NULL, NULL, 400),
(5072, 32, 26, NULL, NULL, NULL, NULL, 400),
(5073, 33, 26, NULL, NULL, NULL, NULL, 400),
(5074, 34, 26, NULL, NULL, NULL, NULL, 400),
(5075, 35, 26, NULL, NULL, NULL, NULL, 400),
(5076, 36, 26, NULL, NULL, NULL, NULL, 400),
(5077, 37, 26, NULL, NULL, NULL, NULL, 400),
(5078, 38, 26, NULL, NULL, NULL, NULL, 400),
(5079, 39, 26, NULL, NULL, NULL, NULL, 400),
(5080, 40, 26, NULL, NULL, NULL, NULL, 400),
(5081, 41, 26, NULL, NULL, NULL, NULL, 400),
(5082, 42, 26, NULL, NULL, NULL, NULL, 400),
(5083, 43, 26, NULL, NULL, NULL, NULL, 400),
(5084, 44, 26, NULL, NULL, NULL, NULL, 400),
(5085, 45, 26, NULL, NULL, NULL, NULL, 400),
(5086, 46, 26, NULL, NULL, NULL, NULL, 400),
(5087, 47, 26, NULL, NULL, NULL, NULL, 400),
(5088, 48, 26, NULL, NULL, NULL, NULL, 400),
(5089, 49, 26, NULL, NULL, NULL, NULL, 400),
(5090, 50, 26, NULL, NULL, NULL, NULL, 400),
(5091, 51, 26, NULL, NULL, NULL, NULL, 400),
(5092, 52, 26, NULL, NULL, NULL, NULL, 400),
(5093, 53, 26, NULL, NULL, NULL, NULL, 400),
(5094, 54, 26, NULL, NULL, NULL, NULL, 400),
(5095, 55, 26, NULL, NULL, NULL, NULL, 400),
(5096, 56, 26, NULL, NULL, NULL, NULL, 400),
(5097, 57, 26, NULL, NULL, NULL, NULL, 400),
(5098, 58, 26, NULL, NULL, NULL, NULL, 400),
(5099, 59, 26, NULL, NULL, NULL, NULL, 400),
(5100, 60, 26, NULL, NULL, NULL, NULL, 400),
(5101, 61, 26, NULL, NULL, NULL, NULL, 400),
(5102, 62, 26, NULL, NULL, NULL, NULL, 400),
(5103, 63, 26, NULL, NULL, NULL, NULL, 400),
(5104, 64, 26, NULL, NULL, NULL, NULL, 400),
(5105, 65, 26, NULL, NULL, NULL, NULL, 400),
(5106, 66, 26, NULL, NULL, NULL, NULL, 400),
(5107, 67, 26, NULL, NULL, NULL, NULL, 400),
(5108, 68, 26, NULL, NULL, NULL, NULL, 400),
(5109, 69, 26, NULL, NULL, NULL, NULL, 400),
(5110, 70, 26, NULL, NULL, NULL, NULL, 400),
(5111, 71, 26, NULL, NULL, NULL, NULL, 400),
(5112, 72, 26, NULL, NULL, NULL, NULL, 400),
(5113, 73, 26, NULL, NULL, NULL, NULL, 400),
(5114, 74, 26, NULL, NULL, NULL, NULL, 400),
(5115, 75, 26, NULL, NULL, NULL, NULL, 400),
(5116, 76, 26, NULL, NULL, NULL, NULL, 400),
(5117, 77, 26, NULL, NULL, NULL, NULL, 400),
(5118, 78, 26, NULL, NULL, NULL, NULL, 400),
(5119, 79, 26, NULL, NULL, NULL, NULL, 400),
(5120, 80, 26, NULL, NULL, NULL, NULL, 400),
(5121, 81, 26, NULL, NULL, NULL, NULL, 400),
(5122, 82, 26, NULL, NULL, NULL, NULL, 400),
(5123, 83, 26, NULL, NULL, NULL, NULL, 400),
(5124, 84, 26, NULL, NULL, NULL, NULL, 400),
(5125, 85, 26, NULL, NULL, NULL, NULL, 400),
(5126, 86, 26, NULL, NULL, NULL, NULL, 400),
(5127, 87, 26, NULL, NULL, NULL, NULL, 818),
(5129, 88, 26, NULL, NULL, NULL, NULL, 400),
(5130, 89, 26, NULL, NULL, NULL, NULL, 400),
(5131, 90, 26, NULL, NULL, NULL, NULL, 400),
(5132, 91, 26, NULL, NULL, NULL, NULL, 818),
(5134, 92, 26, NULL, NULL, NULL, NULL, 400),
(5135, 93, 26, NULL, NULL, NULL, NULL, 400),
(5136, 94, 26, NULL, NULL, NULL, NULL, 400),
(5137, 95, 26, NULL, NULL, NULL, NULL, 400),
(5138, 96, 26, NULL, NULL, NULL, NULL, 400),
(5139, 97, 26, NULL, NULL, NULL, NULL, 400),
(5140, 98, 26, NULL, NULL, NULL, NULL, 400),
(5141, 99, 26, NULL, NULL, NULL, NULL, 400),
(5142, 100, 26, NULL, NULL, NULL, NULL, 400),
(5143, 101, 26, NULL, NULL, NULL, NULL, 400),
(5144, 102, 26, NULL, NULL, NULL, NULL, 818),
(5146, 103, 26, NULL, NULL, NULL, NULL, 818),
(5148, 104, 26, NULL, NULL, NULL, NULL, 400),
(5149, 105, 26, NULL, NULL, NULL, NULL, 400),
(5150, 106, 26, NULL, NULL, NULL, NULL, 400),
(5151, 107, 26, NULL, NULL, NULL, NULL, 400),
(5152, 108, 26, NULL, NULL, NULL, NULL, 400),
(5153, 109, 26, NULL, NULL, NULL, NULL, 400),
(5154, 110, 26, NULL, NULL, NULL, NULL, 400),
(5155, 111, 26, NULL, NULL, NULL, NULL, 400),
(5156, 112, 26, NULL, NULL, NULL, NULL, 400),
(5157, 113, 26, NULL, NULL, NULL, NULL, 400),
(5158, 114, 26, NULL, NULL, NULL, NULL, 400),
(5159, 115, 26, NULL, NULL, NULL, NULL, 399),
(5160, 116, 26, NULL, NULL, NULL, NULL, 399),
(5161, 117, 26, NULL, NULL, NULL, NULL, 399),
(5162, 118, 26, NULL, NULL, NULL, NULL, 399),
(5163, 119, 26, NULL, NULL, NULL, NULL, 399),
(5164, 120, 26, NULL, NULL, NULL, NULL, 399),
(5165, 121, 26, NULL, NULL, NULL, NULL, 399),
(5166, 122, 26, NULL, NULL, NULL, NULL, 399),
(5167, 123, 26, NULL, NULL, NULL, NULL, 399),
(5168, 124, 26, NULL, NULL, NULL, NULL, 399),
(5169, 125, 26, NULL, NULL, NULL, NULL, 399),
(5170, 126, 26, NULL, NULL, NULL, NULL, 399),
(5171, 127, 26, NULL, NULL, NULL, NULL, 400),
(5172, 128, 26, NULL, NULL, NULL, NULL, 399),
(5173, 129, 26, NULL, NULL, NULL, NULL, 400),
(5174, 130, 26, NULL, NULL, NULL, NULL, 400),
(5175, 131, 26, NULL, NULL, NULL, NULL, 400),
(5176, 132, 26, NULL, NULL, NULL, NULL, 399),
(5177, 133, 26, NULL, NULL, NULL, NULL, 399),
(5178, 134, 26, NULL, NULL, NULL, NULL, 399),
(5179, 135, 26, NULL, NULL, NULL, NULL, 399),
(5180, 136, 26, NULL, NULL, NULL, NULL, 399),
(5181, 137, 26, NULL, NULL, NULL, NULL, 399),
(5182, 138, 26, NULL, NULL, NULL, NULL, 399),
(5183, 139, 26, NULL, NULL, NULL, NULL, 399),
(5184, 140, 26, NULL, NULL, NULL, NULL, 399),
(5185, 141, 26, NULL, NULL, NULL, NULL, 399),
(5186, 142, 26, NULL, NULL, NULL, NULL, 399),
(5187, 143, 26, NULL, NULL, NULL, NULL, 399),
(5188, 144, 26, NULL, NULL, NULL, NULL, 399),
(5189, 145, 26, NULL, NULL, NULL, NULL, 399),
(5190, 146, 26, NULL, NULL, NULL, NULL, 399),
(5191, 147, 26, NULL, NULL, NULL, NULL, 399),
(5192, 148, 26, NULL, NULL, NULL, NULL, 399),
(5193, 149, 26, NULL, NULL, NULL, NULL, 399),
(5194, 150, 26, NULL, NULL, NULL, NULL, 400),
(5195, 151, 26, NULL, NULL, NULL, NULL, 399),
(5196, 152, 26, NULL, NULL, NULL, NULL, 400),
(5197, 153, 26, NULL, NULL, NULL, NULL, 818),
(5202, 154, 26, NULL, NULL, NULL, NULL, 399),
(5207, 155, 26, NULL, NULL, NULL, NULL, 399),
(5208, 156, 26, NULL, NULL, NULL, NULL, 399),
(5209, 157, 26, NULL, NULL, NULL, NULL, 399),
(5210, 158, 26, NULL, NULL, NULL, NULL, 399),
(5211, 159, 26, NULL, NULL, NULL, NULL, 399),
(5212, 160, 26, NULL, NULL, NULL, NULL, 399),
(5213, 161, 26, NULL, NULL, NULL, NULL, 399),
(5214, 162, 26, NULL, NULL, NULL, NULL, 399),
(5215, 163, 26, NULL, NULL, NULL, NULL, 399),
(5216, 164, 26, NULL, NULL, NULL, NULL, 399),
(5217, 165, 26, NULL, NULL, NULL, NULL, 399),
(5222, 166, 26, NULL, NULL, NULL, NULL, 399),
(5223, 167, 26, NULL, NULL, NULL, NULL, 400),
(5224, 168, 26, NULL, NULL, NULL, NULL, 400),
(5225, 169, 26, NULL, NULL, NULL, NULL, 399),
(5226, 170, 26, NULL, NULL, NULL, NULL, 399),
(5227, 171, 26, NULL, NULL, NULL, NULL, 399),
(5228, 172, 26, NULL, NULL, NULL, NULL, 399),
(5229, 173, 26, NULL, NULL, NULL, NULL, 399),
(5230, 174, 26, NULL, NULL, NULL, NULL, 399),
(5231, 175, 26, NULL, NULL, NULL, NULL, 399),
(5232, 176, 26, NULL, NULL, NULL, NULL, 399),
(5233, 177, 26, NULL, NULL, NULL, NULL, 399),
(5234, 178, 26, NULL, NULL, NULL, NULL, 399),
(5235, 179, 26, NULL, NULL, NULL, NULL, 399),
(5236, 180, 26, NULL, NULL, NULL, NULL, 399),
(5237, 181, 26, NULL, NULL, NULL, NULL, 399),
(5238, 182, 26, NULL, NULL, NULL, NULL, 399),
(5239, 183, 26, NULL, NULL, NULL, NULL, 399),
(5240, 184, 26, NULL, NULL, NULL, NULL, 399),
(5241, 185, 26, NULL, NULL, NULL, NULL, 818),
(5246, 186, 26, NULL, NULL, NULL, NULL, 399),
(5247, 187, 26, NULL, NULL, NULL, NULL, 399),
(5248, 188, 26, NULL, NULL, NULL, NULL, 399),
(5249, 189, 26, NULL, NULL, NULL, NULL, 399),
(5252, 190, 26, NULL, NULL, NULL, NULL, 399),
(5253, 191, 26, NULL, NULL, NULL, NULL, 399),
(5254, 192, 26, NULL, NULL, NULL, NULL, 399),
(5255, 193, 26, NULL, NULL, NULL, NULL, 399),
(5260, 194, 26, NULL, NULL, NULL, NULL, 399),
(5261, 195, 26, NULL, NULL, NULL, NULL, 399),
(5262, 196, 26, NULL, NULL, NULL, NULL, 399),
(5263, 197, 26, NULL, NULL, NULL, NULL, 399),
(5264, 198, 26, NULL, NULL, NULL, NULL, 399),
(5265, 199, 26, NULL, NULL, NULL, NULL, 399),
(5266, 200, 26, NULL, NULL, NULL, NULL, 399),
(5267, 201, 26, NULL, NULL, NULL, NULL, 399),
(5268, 202, 26, NULL, NULL, NULL, NULL, 399),
(5269, 203, 26, NULL, NULL, NULL, NULL, 399),
(5270, 204, 26, NULL, NULL, NULL, NULL, 818),
(5275, 205, 26, NULL, NULL, NULL, NULL, 399),
(5276, 206, 26, NULL, NULL, NULL, NULL, 399),
(5281, 207, 26, NULL, NULL, NULL, NULL, 399),
(5282, 208, 26, NULL, NULL, NULL, NULL, 400),
(5283, 209, 26, NULL, NULL, NULL, NULL, 400),
(5284, 210, 26, NULL, NULL, NULL, NULL, 399),
(5285, 211, 26, NULL, NULL, NULL, NULL, 400),
(5286, 212, 26, NULL, NULL, NULL, NULL, 400),
(5287, 213, 26, NULL, NULL, NULL, NULL, 399),
(5288, 214, 26, NULL, NULL, NULL, NULL, 400),
(5289, 215, 26, NULL, NULL, NULL, NULL, 399),
(5290, 216, 26, NULL, NULL, NULL, NULL, 399),
(5291, 217, 26, NULL, NULL, NULL, NULL, 399),
(5292, 218, 26, NULL, NULL, NULL, NULL, 399),
(5293, 219, 26, NULL, NULL, NULL, NULL, 399),
(5294, 220, 26, NULL, NULL, NULL, NULL, 399),
(5295, 221, 26, NULL, NULL, NULL, NULL, 399),
(5296, 222, 26, NULL, NULL, NULL, NULL, 400),
(5297, 223, 26, NULL, NULL, NULL, NULL, 399),
(5298, 224, 26, NULL, NULL, NULL, NULL, 399),
(5299, 225, 26, NULL, NULL, NULL, NULL, 399),
(5300, 226, 26, NULL, NULL, NULL, NULL, 399),
(5301, 227, 26, NULL, NULL, NULL, NULL, 399),
(5302, 228, 26, NULL, NULL, NULL, NULL, 399),
(5303, 229, 26, NULL, NULL, NULL, NULL, 399),
(5304, 230, 26, NULL, NULL, NULL, NULL, 400),
(5305, 231, 26, NULL, NULL, NULL, NULL, 399),
(5310, 232, 26, NULL, NULL, NULL, NULL, 399),
(5311, 233, 26, NULL, NULL, NULL, NULL, 399),
(5312, 234, 26, NULL, NULL, NULL, NULL, 399),
(5313, 235, 26, NULL, NULL, NULL, NULL, 399),
(5314, 236, 26, NULL, NULL, NULL, NULL, 399),
(5315, 237, 26, NULL, NULL, NULL, NULL, 399),
(5316, 238, 26, NULL, NULL, NULL, NULL, 399),
(5317, 239, 26, NULL, NULL, NULL, NULL, 399),
(5318, 240, 26, NULL, NULL, NULL, NULL, 399),
(5323, 241, 26, NULL, NULL, NULL, NULL, 399),
(5324, 242, 26, NULL, NULL, NULL, NULL, 399),
(5325, 243, 26, NULL, NULL, NULL, NULL, 399),
(5326, 244, 26, NULL, NULL, NULL, NULL, 399),
(5327, 245, 26, NULL, NULL, NULL, NULL, 399),
(5328, 246, 26, NULL, NULL, NULL, NULL, 399),
(5329, 247, 26, NULL, NULL, NULL, NULL, 399),
(5330, 248, 26, NULL, NULL, NULL, NULL, 399),
(5331, 249, 26, NULL, NULL, NULL, NULL, 399),
(5332, 250, 26, NULL, NULL, NULL, NULL, 399),
(5337, 251, 26, NULL, NULL, NULL, NULL, 399),
(5338, 252, 26, NULL, NULL, NULL, NULL, 399),
(5339, 87, 12, 0, NULL, NULL, NULL, NULL),
(5340, 91, 12, 0, NULL, NULL, NULL, NULL),
(5341, 102, 12, 0, NULL, NULL, NULL, NULL),
(5342, 103, 12, 0, NULL, NULL, NULL, NULL),
(5343, 153, 12, 0, NULL, NULL, NULL, NULL),
(5344, 153, 13, 0, NULL, NULL, NULL, NULL),
(5345, 153, 14, 0, NULL, NULL, NULL, NULL),
(5346, 153, 15, 0, NULL, NULL, NULL, NULL),
(5347, 154, 12, 0, NULL, NULL, NULL, NULL),
(5348, 154, 13, 0, NULL, NULL, NULL, NULL),
(5349, 154, 14, 0, NULL, NULL, NULL, NULL),
(5350, 154, 15, 0, NULL, NULL, NULL, NULL),
(5351, 165, 12, 0, NULL, NULL, NULL, NULL),
(5352, 165, 13, 0, NULL, NULL, NULL, NULL),
(5353, 165, 14, 0, NULL, NULL, NULL, NULL),
(5354, 165, 15, 0, NULL, NULL, NULL, NULL),
(5355, 185, 12, 0, NULL, NULL, NULL, NULL),
(5356, 185, 13, 0, NULL, NULL, NULL, NULL),
(5357, 185, 14, 0, NULL, NULL, NULL, NULL),
(5358, 185, 15, 0, NULL, NULL, NULL, NULL),
(5359, 189, 12, 0, NULL, NULL, NULL, NULL),
(5360, 189, 13, 0, NULL, NULL, NULL, NULL),
(5361, 193, 12, 0, NULL, NULL, NULL, NULL),
(5362, 193, 13, 0, NULL, NULL, NULL, NULL),
(5363, 193, 14, 0, NULL, NULL, NULL, NULL),
(5364, 193, 15, 0, NULL, NULL, NULL, NULL),
(5365, 204, 12, 0, NULL, NULL, NULL, NULL),
(5366, 204, 13, 0, NULL, NULL, NULL, NULL),
(5367, 204, 14, 0, NULL, NULL, NULL, NULL),
(5368, 204, 15, 0, NULL, NULL, NULL, NULL),
(5369, 206, 12, 0, NULL, NULL, NULL, NULL),
(5370, 206, 13, 0, NULL, NULL, NULL, NULL),
(5371, 206, 14, 0, NULL, NULL, NULL, NULL),
(5372, 206, 15, 0, NULL, NULL, NULL, NULL),
(5373, 231, 12, 0, NULL, NULL, NULL, NULL),
(5374, 231, 13, 0, NULL, NULL, NULL, NULL),
(5375, 231, 14, 0, NULL, NULL, NULL, NULL),
(5376, 231, 15, 0, NULL, NULL, NULL, NULL),
(5377, 240, 12, 0, NULL, NULL, NULL, NULL),
(5378, 240, 13, 0, NULL, NULL, NULL, NULL),
(5379, 240, 14, 0, NULL, NULL, NULL, NULL),
(5380, 240, 15, 0, NULL, NULL, NULL, NULL),
(5381, 250, 12, 0, NULL, NULL, NULL, NULL),
(5382, 250, 13, 0, NULL, NULL, NULL, NULL),
(5383, 250, 14, 0, NULL, NULL, NULL, NULL),
(5384, 250, 15, 0, NULL, NULL, NULL, NULL);

-- --------------------------------------------------------

--
-- Структура таблицы `good_type`
--

CREATE TABLE IF NOT EXISTS `good_type` (
`id` int(11) NOT NULL,
  `name` varchar(255) NOT NULL
) ENGINE=InnoDB AUTO_INCREMENT=3 DEFAULT CHARSET=utf8;

--
-- Дамп данных таблицы `good_type`
--

INSERT INTO `good_type` (`id`, `name`) VALUES
(1, 'Шины'),
(2, 'Диски');

-- --------------------------------------------------------

--
-- Структура таблицы `good_type_attribute`
--

CREATE TABLE IF NOT EXISTS `good_type_attribute` (
  `good_type_id` int(10) unsigned NOT NULL,
  `attribute_id` int(10) unsigned NOT NULL,
  `sort` smallint(5) unsigned NOT NULL
) ENGINE=InnoDB DEFAULT CHARSET=utf8;

--
-- Дамп данных таблицы `good_type_attribute`
--

INSERT INTO `good_type_attribute` (`good_type_id`, `attribute_id`, `sort`) VALUES
(1, 3, 10),
(1, 7, 90),
(1, 8, 80),
(1, 9, 70),
(1, 10, 130),
(1, 11, 190),
(1, 12, 140),
(1, 13, 150),
(1, 14, 160),
(1, 15, 170),
(1, 16, 50),
(1, 17, 60),
(1, 18, 110),
(1, 19, 120),
(1, 20, 200),
(1, 23, 30),
(1, 26, 20),
(1, 27, 40),
(1, 28, 100),
(1, 29, 180),
(1, 37, 210),
(1, 38, 220),
(2, 3, 10),
(2, 5, 80),
(2, 6, 60),
(2, 9, 70),
(2, 11, 120),
(2, 20, 140),
(2, 26, 20),
(2, 27, 30),
(2, 28, 50),
(2, 31, 90),
(2, 32, 100),
(2, 33, 110),
(2, 34, 40),
(2, 35, 130),
(4, 3, 30),
(4, 4, 20),
(4, 6, 10),
(5, 6, 10),
(6, 3, 10);

-- --------------------------------------------------------

--
-- Структура таблицы `interpreter`
--

CREATE TABLE IF NOT EXISTS `interpreter` (
`id` int(10) unsigned NOT NULL,
  `name` varchar(255) NOT NULL,
  `template` varchar(2000) NOT NULL,
  `good_type_id` int(10) unsigned NOT NULL,
  `rule_code` varchar(255) NOT NULL,
  `width` int(11) NOT NULL DEFAULT '0'
) ENGINE=InnoDB AUTO_INCREMENT=16 DEFAULT CHARSET=utf8;

--
-- Дамп данных таблицы `interpreter`
--

INSERT INTO `interpreter` (`id`, `name`, `template`, `good_type_id`, `rule_code`, `width`) VALUES
(8, 'Заголовок объявлений с типом - 2 для Шин ', '#[+ATTR=3+] [+TABLE=6+] [+INTER=12+] [+INTER=13+] `([+LIST=11+])?("([+ATTR=11+])"):("")` [+ATTR=26+]', 1, 'managerActions', 0),
(10, 'Текст объявления Шины Дром для регионов', 'Если вы видите это объявление, значит шины не проданы. \r\nШины находятся в г. [+ATTR=27+]. Отправка до склада ТК в город размещения объявления за мой счет. \r\n[+LIST=12+] На вопрос "На мое авто подойдут?" не отвечаю. Обмен не интересен. Торг минимальный либо отсутствует. Возможен резерв товара на срок до месяца по предоплате. Продаются без дисков. Диски выложены отдельно в нашей базе. Товар б/у. \r\n\r\n[+INTER=14+]', 1, 'managerActions', 0),
(11, 'Округление остатка протектора', '`([+ATTR=12+]==0)?("новая резина"):(number_format([+ATTR=12+]/10,1))``([+ATTR=13+]==0)?(""):("/" . number_format([+ATTR=13+]/10,1))``([+ATTR=14+]==0)?(""):(("/").(number_format([+ATTR=14+]/10,1)))``([+ATTR=15+]==0)?(""):(("/").(number_format([+ATTR=15+]/10,1)))`', 1, 'managerActions', 0),
(12, 'Марка и Модель для шин', '[+ATTR=16+] [+ATTR=17+]', 1, 'managerActions', 0),
(13, 'Размер Шин', '[+ATTR=7+]/[+ATTR=8+]/[+ATTR=9+]', 1, 'managerActions', 0),
(14, 'Параметры Шины Тело Объявления', 'Количество шин: [+ATTR=28+]\r\nРазмер:  [+INTER=13+]\r\nМодель шины: [+INTER=12+]\r\nMade in: [+ATTR=11+]\r\nОстаток протектора (мм): [+INTER=11+]\r\nГод выпуска: [+ATTR=10+]\r\nПрочее:  [+ATTR=18+][+ATTR=19+]', 1, 'managerActions', 0),
(15, 'Пример использования динамического атрибута', '[+ATTR=37+] в [+LIST=10+]', 1, 'managerActions', 190);

-- --------------------------------------------------------

--
-- Структура таблицы `model_names`
--

CREATE TABLE IF NOT EXISTS `model_names` (
`id` smallint(5) unsigned NOT NULL,
  `code` varchar(128) NOT NULL,
  `name` varchar(128) NOT NULL,
  `vin_name` varchar(128) NOT NULL,
  `rod_name` varchar(128) NOT NULL,
  `admin_menu` tinyint(1) NOT NULL DEFAULT '0',
  `sort` smallint(6) DEFAULT '9999',
  `rule_code` varchar(255) DEFAULT NULL
) ENGINE=InnoDB AUTO_INCREMENT=8 DEFAULT CHARSET=utf8;

--
-- Дамп данных таблицы `model_names`
--

INSERT INTO `model_names` (`id`, `code`, `name`, `vin_name`, `rod_name`, `admin_menu`, `sort`, `rule_code`) VALUES
(1, 'goodType', 'Типы товаров', 'Тип товара', 'Типа товара', 1, 100, 'managerActions'),
(2, 'attribute', 'Атрибуты', 'Атрибут', 'Атрибута', 1, 200, 'managerActions'),
(3, 'import', 'Импорт', 'Импорт', 'Импорта', 1, 400, 'managerActions'),
(4, 'interpreter', 'Интерпретаторы', 'Интерпретатор', 'Интерпретатора', 1, 300, 'managerActions'),
(5, 'export', 'Экспорт', 'Экспорт', 'Экспорта', 1, 500, 'managerActions'),
(6, 'data', 'Справочники', 'Элемент', 'Элемента', 1, 450, 'managerActions'),
(7, 'user', 'Пользователи', 'Пользователя', 'Пользователя', 1, 600, 'rootActions');

-- --------------------------------------------------------

--
-- Структура таблицы `role`
--

CREATE TABLE IF NOT EXISTS `role` (
`id` int(10) unsigned NOT NULL,
  `code` varchar(20) NOT NULL,
  `name` varchar(50) NOT NULL
) ENGINE=InnoDB AUTO_INCREMENT=4 DEFAULT CHARSET=utf8;

--
-- Дамп данных таблицы `role`
--

INSERT INTO `role` (`id`, `code`, `name`) VALUES
(1, 'root', 'Полный доступ'),
(3, 'manager', 'Менеджер');

-- --------------------------------------------------------

--
-- Структура таблицы `rule`
--

CREATE TABLE IF NOT EXISTS `rule` (
  `name` varchar(255) NOT NULL,
  `code` varchar(255) NOT NULL
) ENGINE=InnoDB DEFAULT CHARSET=utf8;

--
-- Дамп данных таблицы `rule`
--

INSERT INTO `rule` (`name`, `code`) VALUES
('Менеджер', 'managerActions'),
('Только рут', 'rootActions');

-- --------------------------------------------------------

--
-- Структура таблицы `table`
--

CREATE TABLE IF NOT EXISTS `table` (
`id` int(10) unsigned NOT NULL,
  `name` varchar(255) NOT NULL,
  `attribute_id_1` int(10) unsigned NOT NULL,
  `attribute_id_2` int(10) unsigned NOT NULL,
  `rule_code` varchar(255) NOT NULL
) ENGINE=InnoDB AUTO_INCREMENT=7 DEFAULT CHARSET=utf8;

--
-- Дамп данных таблицы `table`
--

INSERT INTO `table` (`id`, `name`, `attribute_id_1`, `attribute_id_2`, `rule_code`) VALUES
(6, 'Склонение сезонность и количество для заголовка', 23, 28, 'managerActions');

-- --------------------------------------------------------

--
-- Структура таблицы `table_variant`
--

CREATE TABLE IF NOT EXISTS `table_variant` (
  `table_id` int(11) NOT NULL,
  `attribute_1` int(11) NOT NULL,
  `attribute_2` int(11) NOT NULL,
  `value` text NOT NULL
) ENGINE=InnoDB DEFAULT CHARSET=utf8;

--
-- Дамп данных таблицы `table_variant`
--

INSERT INTO `table_variant` (`table_id`, `attribute_1`, `attribute_2`, `value`) VALUES
(1, 401, 396, 'asdasd'),
(1, 401, 463, 'Летние в Томске'),
(1, 401, 465, 'asd'),
(1, 402, 397, 'dasdasd'),
(1, 402, 463, 'Летние в Новосибирске'),
(1, 403, 396, 'das'),
(1, 403, 397, 'asdas'),
(1, 403, 463, 'Летние в Кемерово'),
(1, 403, 465, 'sd'),
(1, 404, 397, 'asd'),
(1, 404, 463, 'Летние в Белово'),
(1, 404, 762, 'asdas'),
(1, 405, 397, 'adasd'),
(1, 405, 463, 'Летние в Красноярске'),
(1, 405, 465, 'dasd'),
(5, 138, 139, 'asdasdasd'),
(5, 139, 139, 'a'),
(5, 139, 143, 'a'),
(5, 142, 155, 'sdasdasd'),
(5, 143, 155, 'asd'),
(5, 147, 143, 'a'),
(5, 153, 154, 'asd'),
(6, 463, 814, 'Летняя Шина'),
(6, 463, 815, 'Летняя Пара'),
(6, 463, 816, 'Летние Шины 3шт.'),
(6, 463, 817, 'Летние Шины'),
(6, 465, 814, 'Зимняя Шина'),
(6, 465, 815, 'Зимняя Пара'),
(6, 465, 816, 'Зимние Шины 3шт.'),
(6, 465, 817, 'Зимние Шины'),
(6, 762, 814, 'Зимняя Шина'),
(6, 762, 815, 'Зимняя Пара'),
(6, 762, 816, 'Зимние Шины 3шт.'),
(6, 762, 817, 'Зимние Шины');

-- --------------------------------------------------------

--
-- Структура таблицы `user`
--

CREATE TABLE IF NOT EXISTS `user` (
`usr_id` int(11) NOT NULL,
  `usr_login` varchar(128) NOT NULL,
  `usr_password` varchar(128) NOT NULL,
  `usr_name` varchar(255) NOT NULL,
  `usr_email` varchar(128) NOT NULL,
  `usr_rol_id` int(10) unsigned NOT NULL,
  `usr_state` int(11) NOT NULL DEFAULT '1'
) ENGINE=InnoDB AUTO_INCREMENT=9 DEFAULT CHARSET=utf8;

--
-- Дамп данных таблицы `user`
--

INSERT INTO `user` (`usr_id`, `usr_login`, `usr_password`, `usr_name`, `usr_email`, `usr_rol_id`, `usr_state`) VALUES
(1, 'root', 'eaaba36a95aedcfd1c21a0d011e12ecd', 'Китаев М.А.', 'beatbox787@gmail.com', 1, 1),
(7, 'vitalo', 'cd7e8fec089e4ed8aff0032e7ff2f20d', 'Жалнин В. Е.', 'vitaliy.zhalnin@gmail.com', 3, 1),
(8, 'vitalya', '85676905d35fb12da70e8cb8bc8cebb0', 'Виталя', 'alyzoya@gmail.com', 3, 1);

--
-- Индексы сохранённых таблиц
--

--
-- Индексы таблицы `attribute`
--
ALTER TABLE `attribute`
 ADD PRIMARY KEY (`id`);

--
-- Индексы таблицы `attribute_type`
--
ALTER TABLE `attribute_type`
 ADD PRIMARY KEY (`id`);

--
-- Индексы таблицы `attribute_variant`
--
ALTER TABLE `attribute_variant`
 ADD PRIMARY KEY (`id`);

--
-- Индексы таблицы `cube`
--
ALTER TABLE `cube`
 ADD PRIMARY KEY (`id`);

--
-- Индексы таблицы `cube_variant`
--
ALTER TABLE `cube_variant`
 ADD PRIMARY KEY (`cube_id`,`attribute_1`,`attribute_2`,`attribute_3`);

--
-- Индексы таблицы `dictionary`
--
ALTER TABLE `dictionary`
 ADD PRIMARY KEY (`id`);

--
-- Индексы таблицы `dictionary_variant`
--
ALTER TABLE `dictionary_variant`
 ADD PRIMARY KEY (`dictionary_id`,`attribute_1`);

--
-- Индексы таблицы `export`
--
ALTER TABLE `export`
 ADD PRIMARY KEY (`id`);

--
-- Индексы таблицы `export_attribute`
--
ALTER TABLE `export_attribute`
 ADD PRIMARY KEY (`export_id`,`attribute_id`);

--
-- Индексы таблицы `export_interpreter`
--
ALTER TABLE `export_interpreter`
 ADD PRIMARY KEY (`export_id`,`interpreter_id`);

--
-- Индексы таблицы `good`
--
ALTER TABLE `good`
 ADD PRIMARY KEY (`id`);

--
-- Индексы таблицы `good_attribute`
--
ALTER TABLE `good_attribute`
 ADD PRIMARY KEY (`id`);

--
-- Индексы таблицы `good_type`
--
ALTER TABLE `good_type`
 ADD PRIMARY KEY (`id`);

--
-- Индексы таблицы `good_type_attribute`
--
ALTER TABLE `good_type_attribute`
 ADD PRIMARY KEY (`good_type_id`,`attribute_id`);

--
-- Индексы таблицы `interpreter`
--
ALTER TABLE `interpreter`
 ADD PRIMARY KEY (`id`);

--
-- Индексы таблицы `model_names`
--
ALTER TABLE `model_names`
 ADD PRIMARY KEY (`id`);

--
-- Индексы таблицы `role`
--
ALTER TABLE `role`
 ADD PRIMARY KEY (`id`);

--
-- Индексы таблицы `rule`
--
ALTER TABLE `rule`
 ADD PRIMARY KEY (`code`);

--
-- Индексы таблицы `table`
--
ALTER TABLE `table`
 ADD PRIMARY KEY (`id`);

--
-- Индексы таблицы `table_variant`
--
ALTER TABLE `table_variant`
 ADD PRIMARY KEY (`table_id`,`attribute_1`,`attribute_2`);

--
-- Индексы таблицы `user`
--
ALTER TABLE `user`
 ADD PRIMARY KEY (`usr_id`);

--
-- AUTO_INCREMENT для сохранённых таблиц
--

--
-- AUTO_INCREMENT для таблицы `attribute`
--
ALTER TABLE `attribute`
MODIFY `id` int(10) unsigned NOT NULL AUTO_INCREMENT,AUTO_INCREMENT=39;
--
-- AUTO_INCREMENT для таблицы `attribute_type`
--
ALTER TABLE `attribute_type`
MODIFY `id` smallint(5) unsigned NOT NULL AUTO_INCREMENT,AUTO_INCREMENT=5;
--
-- AUTO_INCREMENT для таблицы `attribute_variant`
--
ALTER TABLE `attribute_variant`
MODIFY `id` int(10) unsigned NOT NULL AUTO_INCREMENT,AUTO_INCREMENT=877;
--
-- AUTO_INCREMENT для таблицы `cube`
--
ALTER TABLE `cube`
MODIFY `id` int(10) unsigned NOT NULL AUTO_INCREMENT,AUTO_INCREMENT=6;
--
-- AUTO_INCREMENT для таблицы `dictionary`
--
ALTER TABLE `dictionary`
MODIFY `id` int(10) unsigned NOT NULL AUTO_INCREMENT,AUTO_INCREMENT=14;
--
-- AUTO_INCREMENT для таблицы `export`
--
ALTER TABLE `export`
MODIFY `id` int(10) unsigned NOT NULL AUTO_INCREMENT,AUTO_INCREMENT=2;
--
-- AUTO_INCREMENT для таблицы `good`
--
ALTER TABLE `good`
MODIFY `id` int(10) unsigned NOT NULL AUTO_INCREMENT,AUTO_INCREMENT=253;
--
-- AUTO_INCREMENT для таблицы `good_attribute`
--
ALTER TABLE `good_attribute`
MODIFY `id` int(11) unsigned NOT NULL AUTO_INCREMENT,AUTO_INCREMENT=5385;
--
-- AUTO_INCREMENT для таблицы `good_type`
--
ALTER TABLE `good_type`
MODIFY `id` int(11) NOT NULL AUTO_INCREMENT,AUTO_INCREMENT=3;
--
-- AUTO_INCREMENT для таблицы `interpreter`
--
ALTER TABLE `interpreter`
MODIFY `id` int(10) unsigned NOT NULL AUTO_INCREMENT,AUTO_INCREMENT=16;
--
-- AUTO_INCREMENT для таблицы `model_names`
--
ALTER TABLE `model_names`
MODIFY `id` smallint(5) unsigned NOT NULL AUTO_INCREMENT,AUTO_INCREMENT=8;
--
-- AUTO_INCREMENT для таблицы `role`
--
ALTER TABLE `role`
MODIFY `id` int(10) unsigned NOT NULL AUTO_INCREMENT,AUTO_INCREMENT=4;
--
-- AUTO_INCREMENT для таблицы `table`
--
ALTER TABLE `table`
MODIFY `id` int(10) unsigned NOT NULL AUTO_INCREMENT,AUTO_INCREMENT=7;
--
-- AUTO_INCREMENT для таблицы `user`
--
ALTER TABLE `user`
MODIFY `usr_id` int(11) NOT NULL AUTO_INCREMENT,AUTO_INCREMENT=9;
/*!40101 SET CHARACTER_SET_CLIENT=@OLD_CHARACTER_SET_CLIENT */;
/*!40101 SET CHARACTER_SET_RESULTS=@OLD_CHARACTER_SET_RESULTS */;
/*!40101 SET COLLATION_CONNECTION=@OLD_COLLATION_CONNECTION */;
